Ticker,Ticker_name,Exposure,Date,day_pct_change
EDV,VANGUARD EXT DUR T;ETF,Bonds,2026-09-09,-0.008
HYG,ISHARES:IBOXX $HY CORP,Bonds,2026-09-09,-0.0018
IEF,ISHARES:7-10 TRS BD ETF,Bonds,2026-09-09,-0.0028
LQD,ISHARES:IBOXX $IG CORP,Bonds,2026-09-09,-0.0016
SHY,ISHARES:1-3 TRS BD ETF,Bonds,2026-09-09,-0.0004
STIP,ISHARES:0-5 TIPS BD ETF,Bonds,2026-09-09,-0.0004
TIP,ISHARES:TIPS BD ETF,Bonds,2026-09-09,-0.0023
TLT,ISHARES:20+ TRS BD ETF,Bonds,2026-09-09,-0.0057
CHTR,"CHARTER COMMUNICATIONS, INC.",Communication Services,2026-09-09,-0.0813
CMCSA,COMCAST ,Communication Services,2026-09-09,-0.0661
DIS,THE WALT DISNEY COMPANY,Communication Services,2026-09-09,-0.0084
ECHO,ECHOSTAR CORPORATION,Communication Services,2026-09-09,-0.0225
FOXA,FOX ,Communication Services,2026-09-09,-0.021
GOOGL,ALPHABET INC.,Communication Services,2026-09-09,-0.0228
LYV,"LIVE NATION ENTERTAINMENT, INC.",Communication Services,2026-09-09,-0.0027
META,"META PLATFORMS, INC.",Communication Services,2026-09-09,0.0655
NFLX,"NETFLIX, INC.",Communication Services,2026-09-09,-0.0096
NWSA,NEWS CORP.,Communication Services,2026-09-09,-0.007
OMC,OMNICOM GROUP INC.,Communication Services,2026-09-09,-0.0349
PSKY,PARAMOUNT SKYDANCE ,Communication Services,2026-09-09,-0.0537
RDDT,"REDDIT, INC.",Communication Services,2026-09-09,-0.0197
T,AT&T INC.,Communication Services,2026-09-09,-0.0176
TKO,"TKO GROUP HOLDINGS, INC.",Communication Services,2026-09-09,-0.0217
TMUS,"T-MOBILE US, INC.",Communication Services,2026-09-09,-0.0239
TTD,"THE TRADE DESK, INC.",Communication Services,2026-09-09,-0.01
TTWO,"TAKE-TWO INTERACTIVE SOFTWARE, INC.",Communication Services,2026-09-09,-0.0101
VZ,VERIZON COMMUNICATIONS INC.,Communication Services,2026-09-09,-0.0133
WBD,"WARNER BROS. DISCOVERY, INC.",Communication Services,2026-09-09,-0.0075
ABNB,"AIRBNB, INC.",Consumer Discretionary,2026-09-09,-0.0281
AMZN,"AMAZON.COM, INC.",Consumer Discretionary,2026-09-09,-0.0178
APTV,APTIV PLC,Consumer Discretionary,2026-09-09,-0.0267
AZO,"AUTOZONE, INC.",Consumer Discretionary,2026-09-09,-0.0138
BBY,"BEST BUY CO., INC.",Consumer Discretionary,2026-09-09,-0.0146
BKNG,BOOKING HOLDINGS INC.,Consumer Discretionary,2026-09-09,-0.0381
CCL,CARNIVAL CORP,Consumer Discretionary,2026-09-09,-0.0216
CMG,"CHIPOTLE MEXICAN GRILL, INC.",Consumer Discretionary,2026-09-09,-0.0252
CVNA,CARVANA CO.,Consumer Discretionary,2026-09-09,-0.0175
DASH,"DOORDASH, INC.",Consumer Discretionary,2026-09-09,-0.0159
DECK,DECKERS OUTDOOR ,Consumer Discretionary,2026-09-09,-0.0287
DHI,"D.R. HORTON, INC.",Consumer Discretionary,2026-09-09,0.0032
DPZ,"DOMINO'S PIZZA, INC.",Consumer Discretionary,2026-09-09,-0.0416
DRI,"DARDEN RESTAURANTS, INC.",Consumer Discretionary,2026-09-09,-0.0164
EBAY,EBAY INC.,Consumer Discretionary,2026-09-09,-0.0103
EXPE,"EXPEDIA GROUP, INC.",Consumer Discretionary,2026-09-09,-0.0071
F,FORD MOTOR COMPANY,Consumer Discretionary,2026-09-09,-0.0393
GM,GENERAL MOTORS COMPANY,Consumer Discretionary,2026-09-09,-0.0237
GPC,GENUINE PARTS COMPANY,Consumer Discretionary,2026-09-09,0.0088
GRMN,GARMIN LTD,Consumer Discretionary,2026-09-09,-0.0127
HAS,"HASBRO, INC.",Consumer Discretionary,2026-09-09,-0.0148
HD,"THE HOME DEPOT, INC.",Consumer Discretionary,2026-09-09,-0.0104
HLT,HILTON WORLDWIDE HOLDINGS INC.,Consumer Discretionary,2026-09-09,0.0083
LEN,LENNAR ,Consumer Discretionary,2026-09-09,0.0049
LOW,"LOWE'S COMPANIES, INC.",Consumer Discretionary,2026-09-09,-0.011
LULU,LULULEMON ATHLETICA INC.,Consumer Discretionary,2026-09-09,-0.0336
LVS,LAS VEGAS SANDS CORP.,Consumer Discretionary,2026-09-09,-0.0148
MAR,"MARRIOTT INTERNATIONAL, INC.",Consumer Discretionary,2026-09-09,0.0083
MCD,MCDONALD'S ,Consumer Discretionary,2026-09-09,-0.0091
MGM,MGM RESORTS INTERNATIONAL,Consumer Discretionary,2026-09-09,-0.002
NCLH,NORWEGIAN CRUISE LINE HOLDINGS LTD.,Consumer Discretionary,2026-09-09,-0.0351
NKE,"NIKE, INC.",Consumer Discretionary,2026-09-09,-0.0197
NVR,"NVR, INC.",Consumer Discretionary,2026-09-09,0.0115
ORLY,"O'REILLY AUTOMOTIVE, INC.",Consumer Discretionary,2026-09-09,0.0022
PHM,"PULTEGROUP, INC.",Consumer Discretionary,2026-09-09,-0.0095
RCL,ROYAL CARIBBEAN CRUISES LTD.,Consumer Discretionary,2026-09-09,-0.0179
RL,RALPH LAUREN ,Consumer Discretionary,2026-09-09,-0.0335
ROST,"ROSS STORES, INC.",Consumer Discretionary,2026-09-09,-0.0176
SBUX,STARBUCKS ,Consumer Discretionary,2026-09-09,-0.0193
TJX,"THE TJX COMPANIES, INC.",Consumer Discretionary,2026-09-09,-0.0217
TPR,"TAPESTRY, INC.",Consumer Discretionary,2026-09-09,-0.0329
TSCO,TRACTOR SUPPLY COMPANY,Consumer Discretionary,2026-09-09,-0.0366
TSLA,"TESLA, INC.",Consumer Discretionary,2026-09-09,-0.001
ULTA,"ULTA BEAUTY, INC.",Consumer Discretionary,2026-09-09,-0.0134
WSM,"WILLIAMS-SONOMA, INC.",Consumer Discretionary,2026-09-09,-0.0014
WYNN,"WYNN RESORTS, LIMITED",Consumer Discretionary,2026-09-09,-0.0216
YUM,"YUM! BRANDS, INC.",Consumer Discretionary,2026-09-09,-0.0291
ADM,ARCHER-DANIELS-MIDLAND COMPANY.,Consumer Staples,2026-09-09,0.0243
BF.B,BROWN-FORMAN ,Consumer Staples,2026-09-09,-0.0091
BG,BUNGE LIMITED,Consumer Staples,2026-09-09,-0.0031
CAG,"CONAGRA BRANDS, INC.",Consumer Staples,2026-09-09,-0.0098
CASY,"CASEY'S GENERAL STORES, INC.",Consumer Staples,2026-09-09,-0.1424
CHD,"CHURCH & DWIGHT CO., INC.",Consumer Staples,2026-09-09,-0.014
CL,COLGATE-PALMOLIVE COMPANY,Consumer Staples,2026-09-09,-0.0043
CLX,THE CLOROX COMPANY,Consumer Staples,2026-09-09,-0.0216
COST,COSTCO WHOLESALE ,Consumer Staples,2026-09-09,-0.0083
DG,DOLLAR GENERAL ,Consumer Staples,2026-09-09,-0.0258
DLTR,"DOLLAR TREE, INC.",Consumer Staples,2026-09-09,-0.0456
EL,THE ESTEE LAUDER COMPANIES INC.,Consumer Staples,2026-09-09,-0.0287
GIS,"GENERAL MILLS, INC.",Consumer Staples,2026-09-09,-0.0159
HRL,HORMEL FOODS ,Consumer Staples,2026-09-09,-0.0113
HSY,THE HERSHEY COMPANY,Consumer Staples,2026-09-09,-0.0062
KDP,KEURIG DR PEPPER INC.,Consumer Staples,2026-09-09,-0.0144
KHC,THE KRAFT HEINZ COMPANY,Consumer Staples,2026-09-09,-0.0116
KMB,KIMBERLY-CLARK ,Consumer Staples,2026-09-09,-0.0411
KO,THE COCA-COLA COMPANY,Consumer Staples,2026-09-09,-0.0092
KR,THE KROGER CO.,Consumer Staples,2026-09-09,-0.0133
KVUE,KENVUE INC.,Consumer Staples,2026-09-09,-0.0348
MDLZ,"MONDELEZ INTERNATIONAL, INC.",Consumer Staples,2026-09-09,0.0128
MKC,"MCCORMICK & COMPANY, INC.",Consumer Staples,2026-09-09,-0.0081
MNST,MONSTER BEVERAGE ,Consumer Staples,2026-09-09,-0.0072
MO,"ALTRIA GROUP, INC.",Consumer Staples,2026-09-09,-0.0041
PEP,"PEPSICO, INC.",Consumer Staples,2026-09-09,-0.0127
PG,THE PROCTER & GAMBLE COMPANY,Consumer Staples,2026-09-09,-0.0202
PM,PHILIP MORRIS INTERNATIONAL INC.,Consumer Staples,2026-09-09,0.0053
SJM,THE J. M. SMUCKER COMPANY,Consumer Staples,2026-09-09,-0.0108
STZ,"CONSTELLATION BRANDS, INC.",Consumer Staples,2026-09-09,0.0047
SYY,SYSCO ,Consumer Staples,2026-09-09,0.0217
TAP,MOLSON COORS BEVERAGE COMPANY,Consumer Staples,2026-09-09,-0.0093
TGT,TARGET ,Consumer Staples,2026-09-09,-0.0319
TSN,"TYSON FOODS, INC.",Consumer Staples,2026-09-09,-0.0103
WMT,WALMART INC.,Consumer Staples,2026-09-09,-0.0021
APA,APA ,Energy,2026-09-09,0.0296
BKR,BAKER HUGHES COMPANY,Energy,2026-09-09,-0.0044
COP,CONOCOPHILLIPS,Energy,2026-09-09,0.011
CVX,CHEVRON ,Energy,2026-09-09,0.0191
DVN,DEVON ENERGY ,Energy,2026-09-09,0.012
EOG,"EOG RESOURCES, INC.",Energy,2026-09-09,0.0114
EQT,EQT ,Energy,2026-09-09,-0.0089
EXE,EXPAND ENERGY ,Energy,2026-09-09,-0.016
FANG,"DIAMONDBACK ENERGY, INC.",Energy,2026-09-09,0.0149
HAL,HALLIBURTON COMPANY,Energy,2026-09-09,0.009
KMI,"KINDER MORGAN, INC.",Energy,2026-09-09,-0.0178
MPC,MARATHON PETROLEUM ,Energy,2026-09-09,0.0042
OKE,"ONEOK, INC.",Energy,2026-09-09,-0.0173
OXY,OCCIDENTAL PETROLEUM ,Energy,2026-09-09,0.0107
PSX,PHILLIPS 66,Energy,2026-09-09,0.0063
SLB,SCHLUMBERGER N.V.,Energy,2026-09-09,-0.0009
TPL,TEXAS PACIFIC LAND ,Energy,2026-09-09,-0.0205
TRGP,TARGA RESOURCES CORP.,Energy,2026-09-09,-0.0099
VLO,VALERO ENERGY ,Energy,2026-09-09,0.0159
WMB,"THE WILLIAMS COMPANIES, INC.",Energy,2026-09-09,-0.009
XOM,EXXON MOBIL ,Energy,2026-09-09,0.0222
UNG,UNITED STATES NAT GAS,Energy Complex,2026-09-09,-0.0354
USO,UNITED STATES OIL FUND,Energy Complex,2026-09-09,0.027
ACGL,ARCH CAPITAL GROUP LTD.,Financials,2026-09-09,0.0043
AFL,AFLAC INC.,Financials,2026-09-09,-0.0036
AIG,"AMERICAN INTERNATIONAL GROUP, INC.",Financials,2026-09-09,0.0047
AIZ,"ASSURANT, INC.",Financials,2026-09-09,-0.002
AJG,ARTHUR J. GALLAGHER & CO.,Financials,2026-09-09,-0.0285
ALL,THE ALLSTATE ,Financials,2026-09-09,0.0005
AMP,"AMERIPRISE FINANCIAL, INC.",Financials,2026-09-09,-0.0086
AON,AON PLC,Financials,2026-09-09,-0.0352
APO,"APOLLO GLOBAL MANAGEMENT, INC.",Financials,2026-09-09,-0.0063
ARES,ARES MANAGEMENT CORP,Financials,2026-09-09,-0.0307
AXP,AMERICAN EXPRESS COMPANY,Financials,2026-09-09,-0.0132
BAC,BANK OF AMERICA ,Financials,2026-09-09,0.0045
BEN,"FRANKLIN RESOURCES, INC.",Financials,2026-09-09,-0.0153
BLK,"BLACKROCK, INC.",Financials,2026-09-09,-0.0213
BNY,THE BANK OF NEW YORK MELLON ,Financials,2026-09-09,-0.0021
BRK.B,"BERKSHIRE HATHAWAY INC.,",Financials,2026-09-09,0.0018
BRO,"BROWN & BROWN, INC.",Financials,2026-09-09,-0.0242
BX,BLACKSTONE INC,Financials,2026-09-09,-0.0366
C,CITIGROUP INC.,Financials,2026-09-09,0.0078
CB,CHUBB LTD,Financials,2026-09-09,0.0029
CBOE,"CBOE GLOBAL MARKETS, INC.",Financials,2026-09-09,-0.005
CFG,"CITIZENS FINANCIAL GROUP, INC.",Financials,2026-09-09,-0.0089
CINF,CINCINNATI FINANCIAL ,Financials,2026-09-09,0.0004
CME,CME GROUP INC.,Financials,2026-09-09,-0.0127
COF,CAPITAL ONE FINANCIAL ,Financials,2026-09-09,-0.0145
COIN,"COINBASE GLOBAL, INC.",Financials,2026-09-09,-0.0236
CPAY,"FLEETCOR TECHNOLOGIES, INC.",Financials,2026-09-09,-0.0024
EG,"EVEREST GROUP, LTD.",Financials,2026-09-09,-0.0053
ERIE,ERIE INDEMNITY COMPANY,Financials,2026-09-09,0.002
FDS,FACTSET RESEARCH SYSTEMS INC.,Financials,2026-09-09,-0.034
FIS,FIDELITY NATIONAL INFORMATION SERVICES,Financials,2026-09-09,-0.0342
FISV,"FISERV, INC.",Financials,2026-09-09,-0.0435
FITB,FIFTH THIRD BANCORP,Financials,2026-09-09,-0.0059
GL,GLOBE LIFE INC.,Financials,2026-09-09,-0.005
GPN,GLOBAL PAYMENTS INC.,Financials,2026-09-09,-0.0268
GS,"THE GOLDMAN SACHS GROUP, INC.",Financials,2026-09-09,-0.0075
HBAN,HUNTINGTON BANCSHARES INC.,Financials,2026-09-09,-0.0078
HIG,THE HARTFORD FINANCIAL SERVICES GROUP,Financials,2026-09-09,0.0066
HOOD,"ROBINHOOD MARKETS, INC.",Financials,2026-09-09,-0.0176
IBKR,"INTERACTIVE BROKERS GROUP, INC.",Financials,2026-09-09,-0.0076
ICE,"INTERCONTINENTAL EXCHANGE, INC.",Financials,2026-09-09,-0.008
IVZ,INVESCO LTD.,Financials,2026-09-09,-0.0077
JKHY,"JACK HENRY & ASSOCIATES, INC.",Financials,2026-09-09,-0.0084
JPM,JPMORGAN CHASE & CO.,Financials,2026-09-09,0.0034
KEY,KEYCORP,Financials,2026-09-09,-0.0028
KKR,KKR & CO. INC.,Financials,2026-09-09,-0.0155
L,LOEWS ,Financials,2026-09-09,0.004
MA,MASTERCARD INC..,Financials,2026-09-09,-0.0059
MCO,MOODY'S ,Financials,2026-09-09,-0.0139
MET,"METLIFE, INC.",Financials,2026-09-09,0.002
MRSH,"MARSH & MCLENNAN COMPANIES, INC.",Financials,2026-09-09,-0.0204
MS,MORGAN STANLEY,Financials,2026-09-09,-0.0041
MSCI,MSCI INC.,Financials,2026-09-09,0.0057
MTB,M&T BANK ,Financials,2026-09-09,-0.0018
NDAQ,"NASDAQ, INC.",Financials,2026-09-09,-0.0086
NTRS,NORTHERN TRUST ,Financials,2026-09-09,-0.001
PFG,"PRINCIPAL FINANCIAL GROUP, INC.",Financials,2026-09-09,-0.0089
PGR,THE PROGRESSIVE ,Financials,2026-09-09,0.0028
PNC,"THE PNC FINANCIAL SERVICES GROUP, INC.",Financials,2026-09-09,-0.0091
PRU,"PRUDENTIAL FINANCIAL, INC.",Financials,2026-09-09,-0.015
PYPL,"PAYPAL HOLDINGS, INC.",Financials,2026-09-09,-0.019
RF,REGIONS FINANCIAL ,Financials,2026-09-09,-0.006
RJF,"RAYMOND JAMES FINANCIAL, INC.",Financials,2026-09-09,-0.0061
SCHW,THE CHARLES SCHWAB ,Financials,2026-09-09,-0.0031
SPGI,S&P GLOBAL INC.,Financials,2026-09-09,-0.0255
STT,STATE STREET ,Financials,2026-09-09,0.0001
SYF,SYNCHRONY FINANCIAL,Financials,2026-09-09,-0.0162
TFC,TRUIST FINANCIAL ,Financials,2026-09-09,-0.0079
TROW,"T. ROWE PRICE GROUP, INC.",Financials,2026-09-09,-0.0154
TRV,"THE TRAVELERS COMPANIES, INC.",Financials,2026-09-09,0.0033
USB,U.S. BANCORP,Financials,2026-09-09,-0.0061
V,VISA INC.,Financials,2026-09-09,-0.0034
WFC,WELLS FARGO & COMPANY,Financials,2026-09-09,0.0194
WRB,W. R. BERKLEY ,Financials,2026-09-09,0.002
WTW,WILLIS TOWERS WATSON,Financials,2026-09-09,-0.0357
XYZ,"BLOCK, INC.",Financials,2026-09-09,-0.0087
GLD,SPDR GOLD,Gold,2026-09-09,0.0091
A,"AGILENT TECHNOLOGIES, INC.",Health Care,2026-09-09,-0.0143
ABBV,ABBVIE INC.,Health Care,2026-09-09,0.0086
ABT,ABBOTT LABORATORIES,Health Care,2026-09-09,-0.0027
ALGN,"ALIGN TECHNOLOGY, INC.",Health Care,2026-09-09,-0.0037
AMGN,AMGEN INC.,Health Care,2026-09-09,-0.0048
BAX,BAXTER INTERNATIONAL INC.,Health Care,2026-09-09,-0.0189
BDX,"BECTON, DICKINSON AND COMPANY",Health Care,2026-09-09,0.0039
BIIB,BIOGEN INC.,Health Care,2026-09-09,-0.0083
BMY,BRISTOL-MYERS SQUIBB COMPANY,Health Care,2026-09-09,-0.0043
BSX,BOSTON SCIENTIFIC ,Health Care,2026-09-09,-0.0004
CAH,"CARDINAL HEALTH, INC.",Health Care,2026-09-09,-0.002
CI,THE CIGNA GROUP,Health Care,2026-09-09,0.0085
CNC,CENTENE ,Health Care,2026-09-09,-0.0081
COO,"THE COOPER COMPANIES, INC.",Health Care,2026-09-09,-0.0622
COR,"CENCORA, INC.",Health Care,2026-09-09,-0.0042
CRL,CHARLES RIVER LABORATORIES,Health Care,2026-09-09,-0.0086
CVS,CVS HEALTH ,Health Care,2026-09-09,-0.0072
DGX,QUEST DIAGNOSTICS INC.,Health Care,2026-09-09,-0.0002
DHR,DANAHER ,Health Care,2026-09-09,-0.0019
DVA,DAVITA INC.,Health Care,2026-09-09,0.0164
DXCM,"DEXCOM, INC.",Health Care,2026-09-09,-0.0077
ELV,"ELEVANCE HEALTH, INC.",Health Care,2026-09-09,-0.0125
EW,EDWARDS LIFESCIENCES ,Health Care,2026-09-09,-0.0062
GEHC,GE HEALTHCARE TECHNOLOGIES INC.,Health Care,2026-09-09,-0.0241
GILD,"GILEAD SCIENCES, INC.",Health Care,2026-09-09,-0.0068
HCA,"HCA HEALTHCARE, INC.",Health Care,2026-09-09,0.0493
HSIC,"HENRY SCHEIN, INC.",Health Care,2026-09-09,-0.01
HUM,HUMANA INC.,Health Care,2026-09-09,-0.0076
IDXX,"IDEXX LABORATORIES, INC.",Health Care,2026-09-09,-0.0097
INCY,INCYTE ,Health Care,2026-09-09,0.0129
IQV,IQVIA HOLDINGS INC,Health Care,2026-09-09,-0.0086
ISRG,"INTUITIVE SURGICAL, INC.",Health Care,2026-09-09,0.0088
JNJ,JOHNSON & JOHNSON,Health Care,2026-09-09,-0.0076
LH,LABORATORY  OF AMERICA HOLDINGS,Health Care,2026-09-09,-0.0116
LLY,ELI LILLY AND COMPANY,Health Care,2026-09-09,0.0003
MCK,MCKESSON ,Health Care,2026-09-09,0.0029
MDT,MEDTRONIC PUBLIC LIMITED COMPANY,Health Care,2026-09-09,-0.0054
MRK,"MERCK & CO., INC.",Health Care,2026-09-09,-0.0063
MRNA,"MODERNA, INC.",Health Care,2026-09-09,-0.0336
MTD,METTLER-TOLEDO INTERNATIONAL INC.,Health Care,2026-09-09,-0.0265
PFE,PFIZER INC.,Health Care,2026-09-09,-0.0004
PODD,INSULET ,Health Care,2026-09-09,-0.0306
REGN,"REGENERON PHARMACEUTICALS, INC.",Health Care,2026-09-09,-0.0033
RMD,RESMED INC.,Health Care,2026-09-09,-0.005
RVTY,"REVVITY, INC.",Health Care,2026-09-09,-0.0254
SOLV,SOLVENTUM ,Health Care,2026-09-09,-0.0009
STE,STERIS PUBLIC LIMITED COMPANY,Health Care,2026-09-09,-0.0153
SYK,STRYKER ,Health Care,2026-09-09,-0.0038
TECH,BIO-TECHNE ,Health Care,2026-09-09,-0.0008
TMO,THERMO FISHER SCIENTIFIC INC.,Health Care,2026-09-09,0.0044
UHS,"UNIVERSAL HEALTH SERVICES, INC.",Health Care,2026-09-09,0.0226
UNH,UNITEDHEALTH GROUP INC.,Health Care,2026-09-09,-0.0194
VEEV,VEEVA SYSTEMS INC.,Health Care,2026-09-09,-0.0153
VRTX,VERTEX PHARMACEUTICALS INC.,Health Care,2026-09-09,-0.0147
VTRS,VIATRIS INC.,Health Care,2026-09-09,-0.0066
WAT,WATERS ,Health Care,2026-09-09,0.0047
WST,"WEST PHARMACEUTICAL SERVICES, INC.",Health Care,2026-09-09,-0.0024
ZBH,"ZIMMER BIOMET HOLDINGS, INC.",Health Care,2026-09-09,0.0041
ZTS,ZOETIS INC.,Health Care,2026-09-09,-0.0034
ADP,"AUTOMATIC DATA PROCESSING, INC.",Industrials,2026-09-09,-0.0102
ALLE,ALLEGION PUBLIC LIMITED COMPANY,Industrials,2026-09-09,-0.0277
AME,"AMETEK, INC.",Industrials,2026-09-09,-0.0063
AOS,A. O. SMITH ,Industrials,2026-09-09,-0.0168
AXON,"AXON ENTERPRISE, INC.",Industrials,2026-09-09,-0.0305
BA,THE BOEING COMPANY,Industrials,2026-09-09,-0.0205
BLDR,"BUILDERS FIRSTSOURCE, INC.",Industrials,2026-09-09,-0.019
BR,"BROADRIDGE FINANCIAL SOLUTIONS, INC.",Industrials,2026-09-09,-0.0031
CARR,CARRIER GLOBAL ,Industrials,2026-09-09,-0.0196
CAT,CATERPILLAR INC.,Industrials,2026-09-09,-0.0084
CHRW,"C.H. ROBINSON WORLDWIDE, INC.",Industrials,2026-09-09,0.0023
CMI,CUMMINS INC.,Industrials,2026-09-09,-0.0121
CPRT,"COPART, INC.",Industrials,2026-09-09,-0.0175
CSX,CSX ,Industrials,2026-09-09,-0.0129
CTAS,CINTAS ,Industrials,2026-09-09,-0.0023
DAL,"DELTA AIR LINES, INC.",Industrials,2026-09-09,-0.0027
DE,DEERE & COMPANY,Industrials,2026-09-09,-0.0052
DOV,DOVER ,Industrials,2026-09-09,-0.017
EFX,EQUIFAX INC.,Industrials,2026-09-09,-0.0206
EME,"EMCOR GROUP, INC.",Industrials,2026-09-09,-0.0244
EMR,EMERSON ELECTRIC CO.,Industrials,2026-09-09,-0.0119
ETN,EATON  PUBLIC LIMITED COMPANY,Industrials,2026-09-09,-0.0164
EXPD,EXPEDITORS INTERNATIONAL OF WASHINGTON,Industrials,2026-09-09,0.0126
FAST,FASTENAL COMPANY,Industrials,2026-09-09,-0.0119
FDX,FEDEX ,Industrials,2026-09-09,-0.0157
FERG,FERGUSON ENTERPRISES INC.,Industrials,2026-09-09,-0.0136
FIX,"COMFORT SYSTEMS USA, INC.",Industrials,2026-09-09,-0.0202
FTV,FORTIVE ,Industrials,2026-09-09,-0.0124
GD,GENERAL DYNAMICS ,Industrials,2026-09-09,-0.011
GE,GENERAL ELECTRIC COMPANY,Industrials,2026-09-09,-0.0283
GEV,GE VERNOVA INC.,Industrials,2026-09-09,-0.0209
GNRC,GENERAC HOLDINGS INC.,Industrials,2026-09-09,-0.0196
GWW,"W.W. GRAINGER, INC.",Industrials,2026-09-09,-0.008
HII,"HUNTINGTON INGALLS INDUSTRIES, INC.",Industrials,2026-09-09,-0.0237
HON,HONEYWELL INTERNATIONAL INC.,Industrials,2026-09-09,-0.0159
HUBB,HUBBELL INC.,Industrials,2026-09-09,-0.021
HWM,HOWMET AEROSPACE INC.,Industrials,2026-09-09,0.0047
IEX,IDEX ,Industrials,2026-09-09,-0.0025
IR,INGERSOLL RAND INC.,Industrials,2026-09-09,-0.0204
ITW,ILLINOIS TOOL WORKS INC.,Industrials,2026-09-09,-0.0175
J,JACOBS SOLUTIONS INC.,Industrials,2026-09-09,-0.0175
JBHT,"J. B. HUNT TRANSPORT SERVICES, INC.",Industrials,2026-09-09,-0.0254
JCI,JOHNSON CONTROLS INTERNATIONAL PLC,Industrials,2026-09-09,-0.0099
LDOS,"LEIDOS HOLDINGS, INC.",Industrials,2026-09-09,-0.0085
LHX,"L3HARRIS TECHNOLOGIES, INC.",Industrials,2026-09-09,-0.0208
LII,LENNOX INTERNATIONAL INC.,Industrials,2026-09-09,-0.0244
LMT,LOCKHEED MARTIN ,Industrials,2026-09-09,-0.0218
LUV,SOUTHWEST AIRLINES CO.,Industrials,2026-09-09,0.0003
MAS,MASCO ,Industrials,2026-09-09,-0.0219
MMM,3M COMPANY,Industrials,2026-09-09,-0.0186
NDSN,NORDSON ,Industrials,2026-09-09,-0.009
NOC,NORTHROP GRUMMAN ,Industrials,2026-09-09,-0.0058
NSC,NORFOLK SOUTHERN ,Industrials,2026-09-09,-0.0141
ODFL,"OLD DOMINION FREIGHT LINE, INC.",Industrials,2026-09-09,-0.027
OTIS,OTIS WORLDWIDE ,Industrials,2026-09-09,-0.0108
PAYX,"PAYCHEX, INC.",Industrials,2026-09-09,-0.0186
PCAR,PACCAR INC,Industrials,2026-09-09,-0.0051
PH,PARKER-HANNIFIN ,Industrials,2026-09-09,-0.0067
PNR,PENTAIR PUBLIC LIMITED COMPANY,Industrials,2026-09-09,-0.0188
PWR,"QUANTA SERVICES, INC.",Industrials,2026-09-09,-0.0189
ROK,"ROCKWELL AUTOMATION, INC.",Industrials,2026-09-09,-0.0071
ROL,"ROLLINS, INC.",Industrials,2026-09-09,-0.0117
RSG,"REPUBLIC SERVICES, INC.",Industrials,2026-09-09,0.0038
RTX,RTX ,Industrials,2026-09-09,-0.0063
SNA,SNAP-ON INC.,Industrials,2026-09-09,-0.0065
SWK,"STANLEY BLACK & DECKER, INC.",Industrials,2026-09-09,-0.0227
TDG,TRANSDIGM GROUP INC.,Industrials,2026-09-09,-0.017
TT,TRANE TECHNOLOGIES PLC,Industrials,2026-09-09,-0.0041
TXT,TEXTRON INC.,Industrials,2026-09-09,0.0044
UAL,"UNITED AIRLINES HOLDINGS, INC.",Industrials,2026-09-09,-0.0103
UBER,"UBER TECHNOLOGIES, INC.",Industrials,2026-09-09,-0.028
UNP,UNION PACIFIC ,Industrials,2026-09-09,-0.0129
UPS,"UNITED PARCEL SERVICE, INC.",Industrials,2026-09-09,-0.0125
URI,"UNITED RENTALS, INC.",Industrials,2026-09-09,0.0134
VLTO,VERALTO ,Industrials,2026-09-09,-0.0085
VRSK,"VERISK ANALYTICS, INC.",Industrials,2026-09-09,0.0142
VRT,VERTIV HOLDINGS CO,Industrials,2026-09-09,-0.0961
WAB,WESTINGHOUSE AIR BRAKE TECHNOLOGIES ,Industrials,2026-09-09,-0.014
WM,"WASTE MANAGEMENT, INC.",Industrials,2026-09-09,-0.0062
XYL,XYLEM INC.,Industrials,2026-09-09,-0.0108
AAPL,APPLE INC.,Information Technology,2026-09-09,-0.0028
ACN,ACCENTURE PUBLIC LIMITED COMPANY,Information Technology,2026-09-09,-0.018
ADBE,ADOBE INC.,Information Technology,2026-09-09,-0.0093
ADI,"ANALOG DEVICES, INC.",Information Technology,2026-09-09,0.0051
ADSK,"AUTODESK, INC.",Information Technology,2026-09-09,-0.0263
AKAM,"AKAMAI TECHNOLOGIES, INC.",Information Technology,2026-09-09,0.0487
AMAT,"APPLIED MATERIALS, INC.",Information Technology,2026-09-09,-0.0083
AMD,"ADVANCED MICRO DEVICES, INC.",Information Technology,2026-09-09,0.0304
ANET,"ARISTA NETWORKS, INC.",Information Technology,2026-09-09,-0.0104
APH,AMPHENOL ,Information Technology,2026-09-09,-0.0051
APP,APPLOVIN CORP,Information Technology,2026-09-09,-0.0223
AVGO,BROADCOM INC.,Information Technology,2026-09-09,-0.0113
CDNS,"CADENCE DESIGN SYSTEMS, INC.",Information Technology,2026-09-09,0.0017
CDW,CDW ,Information Technology,2026-09-09,-0.0146
CIEN,CIENA CORPORATION,Information Technology,2026-09-09,-0.0096
COHR,COHERENT CORP.,Information Technology,2026-09-09,0.0053
CRM,"SALESFORCE, INC.",Information Technology,2026-09-09,-0.0199
CRWD,"CROWDSTRIKE HOLDINGS, INC.",Information Technology,2026-09-09,-0.0106
CSCO,"CISCO SYSTEMS, INC.",Information Technology,2026-09-09,0.0024
CTSH,COGNIZANT TECHNOLOGY SOLUTIONS ,Information Technology,2026-09-09,-0.0287
DDOG,"DATADOG, INC.",Information Technology,2026-09-09,0.0715
DELL,DELL TECHNOLOGIES INC.,Information Technology,2026-09-09,0.0026
EPAM,"EPAM SYSTEMS, INC.",Information Technology,2026-09-09,-0.0055
FFIV,"F5, INC.",Information Technology,2026-09-09,0.0385
FICO,FAIR ISAAC ,Information Technology,2026-09-09,0.0535
FLEX,FLEX LTD.,Information Technology,2026-09-09,-0.0143
FSLR,"FIRST SOLAR, INC.",Information Technology,2026-09-09,-0.0476
FTNT,"FORTINET, INC.",Information Technology,2026-09-09,-0.0016
GDDY,GODADDY INC.,Information Technology,2026-09-09,0.0078
GEN,GEN DIGITAL INC.,Information Technology,2026-09-09,-0.0017
GLW,CORNING INC.,Information Technology,2026-09-09,0.0151
HPE,HEWLETT PACKARD ENTERPRISE COMPANY,Information Technology,2026-09-09,0.0512
HPQ,HP INC.,Information Technology,2026-09-09,0.0391
IBM,INTERNATIONAL BUSINESS MACHINES ,Information Technology,2026-09-09,0.0338
INTC,INTEL ,Information Technology,2026-09-09,0.0169
INTU,INTUIT INC.,Information Technology,2026-09-09,-0.0156
IT,"GARTNER, INC.",Information Technology,2026-09-09,-0.0168
JBL,JABIL INC.,Information Technology,2026-09-09,-0.0031
KEYS,"KEYSIGHT TECHNOLOGIES, INC.",Information Technology,2026-09-09,-0.0072
KLAC,KLA ,Information Technology,2026-09-09,-0.0321
LITE,LUMENTUM HOLDINGS INC.,Information Technology,2026-09-09,0.0107
LRCX,LAM RESEARCH ,Information Technology,2026-09-09,-0.0143
MCHP,MICROCHIP TECHNOLOGY INC.,Information Technology,2026-09-09,-0.005
MPWR,"MONOLITHIC POWER SYSTEMS, INC.",Information Technology,2026-09-09,-0.0121
MRVL,"MARVELL TECHNOLOGY, INC.",Information Technology,2026-09-09,0.0426
MSFT,MICROSOFT ,Information Technology,2026-09-09,-0.0047
MSI,"MOTOROLA SOLUTIONS, INC.",Information Technology,2026-09-09,-0.0067
MU,"MICRON TECHNOLOGY, INC.",Information Technology,2026-09-09,0.0275
NOW,"SERVICENOW, INC.",Information Technology,2026-09-09,-0.0231
NTAP,"NETAPP, INC.",Information Technology,2026-09-09,-0.0232
NVDA,NVIDIA ,Information Technology,2026-09-09,-0.0091
NXPI,NXP SEMICONDUCTORS NV,Information Technology,2026-09-09,-0.0025
ON,ON SEMICONDUCTOR ,Information Technology,2026-09-09,-0.0014
ORCL,ORACLE ,Information Technology,2026-09-09,-0.0055
PANW,"PALO ALTO NETWORKS, INC.",Information Technology,2026-09-09,-0.0056
PLTR,PALANTIR TECHNOLOGIES INC.,Information Technology,2026-09-09,-0.0045
PTC,PTC INC.,Information Technology,2026-09-09,-0.0328
Q,"QNITY ELECTRONICS, INC.",Information Technology,2026-09-09,0.0178
QCOM,QUALCOMM INC.,Information Technology,2026-09-09,0.0133
ROP,"ROPER TECHNOLOGIES, INC.",Information Technology,2026-09-09,-0.0134
SMCI,"SUPER MICRO COMPUTER, INC.",Information Technology,2026-09-09,-0.033
SNDK,SANDISK CORPORATION,Information Technology,2026-09-09,0.0151
SNPS,"SYNOPSYS, INC.",Information Technology,2026-09-09,0.003
STX,SEAGATE TECHNOLOGY HOLDINGS,Information Technology,2026-09-09,-0.0204
SWKS,"SKYWORKS SOLUTIONS, INC.",Information Technology,2026-09-09,0.0154
TDY,TELEDYNE TECHNOLOGIES INC.,Information Technology,2026-09-09,-0.0163
TEL,TE CONNECTIVITY LTD,Information Technology,2026-09-09,-0.0015
TER,"TERADYNE, INC.",Information Technology,2026-09-09,0.0313
TRMB,TRIMBLE INC.,Information Technology,2026-09-09,-0.0235
TXN,TEXAS INSTRUMENTS INC.,Information Technology,2026-09-09,0.0103
TYL,"TYLER TECHNOLOGIES, INC.",Information Technology,2026-09-09,-0.0148
VRSN,"VERISIGN, INC.",Information Technology,2026-09-09,0.0168
WDAY,"WORKDAY, INC.",Information Technology,2026-09-09,-0.0012
WDC,WESTERN DIGITAL ,Information Technology,2026-09-09,0.0104
ZBRA,ZEBRA TECHNOLOGIES ,Information Technology,2026-09-09,-0.0219
ALB,ALBEMARLE ,Materials,2026-09-09,-0.0282
AMCR,AMCOR PLC,Materials,2026-09-09,-0.0273
APD,"AIR PRODUCTS AND CHEMICALS, INC.",Materials,2026-09-09,-0.0083
AVY,AVERY DENNISON ,Materials,2026-09-09,-0.0053
BALL,BALL ,Materials,2026-09-09,-0.012
CF,"CF INDUSTRIES HOLDINGS, INC.",Materials,2026-09-09,0.0281
CRH,CRH PUBLIC LIMITED COMPANY,Materials,2026-09-09,-0.0139
CTVA,"CORTEVA, INC.",Materials,2026-09-09,-0.0134
DD,"DUPONT DE NEMOURS, INC.",Materials,2026-09-09,-0.0259
DOW,DOW INC.,Materials,2026-09-09,-0.0057
ECL,ECOLAB INC.,Materials,2026-09-09,-0.0212
FCX,FREEPORT-MCMORAN INC.,Materials,2026-09-09,-0.0051
IFF,INTERNATIONAL FLAVORS & FRAGRANCES INC.,Materials,2026-09-09,-0.0153
IP,INTERNATIONAL PAPER COMPANY,Materials,2026-09-09,-0.0507
LIN,LINDE PUBLIC LIMITED COMPANY,Materials,2026-09-09,-0.0037
LYB,LYONDELLBASELL INDUSTRIES NV,Materials,2026-09-09,-0.0012
MLM,"MARTIN MARIETTA MATERIALS, INC.",Materials,2026-09-09,-0.0176
MOS,THE MOSAIC COMPANY,Materials,2026-09-09,-0.0121
NEM,NEWMONT ,Materials,2026-09-09,0.0127
NUE,NUCOR ,Materials,2026-09-09,0.0059
PKG,PACKAGING  OF AMERICA,Materials,2026-09-09,-0.0203
PPG,"PPG INDUSTRIES, INC.",Materials,2026-09-09,-0.0233
SHW,THE SHERWIN-WILLIAMS COMPANY,Materials,2026-09-09,-0.0167
STLD,"STEEL DYNAMICS, INC.",Materials,2026-09-09,0.0016
SW,SMURFIT WESTROCK PUBLIC LIMITED COMPANY,Materials,2026-09-09,-0.0465
VMC,VULCAN MATERIALS COMPANY,Materials,2026-09-09,-0.0326
AMT,AMERICAN TOWER ,Real Estate,2026-09-09,-0.0017
ARE,"ALEXANDRIA REAL ESTATE EQUITIES, INC.",Real Estate,2026-09-09,-0.0085
BXP,"BOSTON PROPERTIES, INC.",Real Estate,2026-09-09,-0.0221
CBRE,"CBRE GROUP, INC.",Real Estate,2026-09-09,-0.0181
CCI,CROWN CASTLE INC.,Real Estate,2026-09-09,-0.0104
CPT,CAMDEN PROPERTY TRUST,Real Estate,2026-09-09,-0.0057
CSGP,"COSTAR GROUP, INC.",Real Estate,2026-09-09,-0.025
DLR,"DIGITAL REALTY TRUST, INC.",Real Estate,2026-09-09,-0.0022
DOC,"HEALTHDOC PROPERTIES, INC.",Real Estate,2026-09-09,-0.0059
EQIX,"EQUINIX, INC.",Real Estate,2026-09-09,0.0018
EQR,EQUITY RESIDENTIAL,Real Estate,2026-09-09,-0.0183
ESS,"ESSEX PROPERTY TRUST, INC.",Real Estate,2026-09-09,-0.011
EXR,EXTRA SPACE STORAGE INC.,Real Estate,2026-09-09,-0.0254
FRT,FEDERAL REALTY INVESTMENT TRUST,Real Estate,2026-09-09,-0.0178
HST,"HOST HOTELS & RESORTS, INC.",Real Estate,2026-09-09,-0.0014
INVH,INVITATION HOMES INC.,Real Estate,2026-09-09,-0.0014
IRM,IRON MOUNTAIN INC.,Real Estate,2026-09-09,-0.0074
KIM,KIMCO REALTY .,Real Estate,2026-09-09,-0.008
MAA,"MID-AMERICA APARTMENT COMMUNITIES, INC.",Real Estate,2026-09-09,-0.0032
O,REALTY INCOME ,Real Estate,2026-09-09,-0.0149
PLD,"PROLOGIS, INC.",Real Estate,2026-09-09,-0.0204
PSA,PUBLIC STORAGE.,Real Estate,2026-09-09,-0.0232
REG,REGENCY CENTERS ,Real Estate,2026-09-09,-0.0078
SBAC,SBA COMMUNICATIONS ,Real Estate,2026-09-09,-0.0103
SPG,"SIMON PROPERTY GROUP, INC.",Real Estate,2026-09-09,-0.0347
UDR,"UDR, INC.",Real Estate,2026-09-09,-0.0197
VICI,VICI PROPERTIES INC.,Real Estate,2026-09-09,-0.0024
VTR,"VENTAS, INC.",Real Estate,2026-09-09,-0.0055
WELL,WELLTOWER INC.,Real Estate,2026-09-09,-0.0057
WY,WEYERHAEUSER COMPANY,Real Estate,2026-09-09,-0.0044
DXY,US DOLLAR INDEX,USD,2026-09-09,-0.0007
AEE,AMEREN ,Utilities,2026-09-09,-0.0045
AEP,"AMERICAN ELECTRIC POWER COMPANY, INC.",Utilities,2026-09-09,-0.006
AES,THE AES ,Utilities,2026-09-09,-0.0007
ATO,ATMOS ENERGY ,Utilities,2026-09-09,-0.0088
AWK,"AMERICAN WATER WORKS COMPANY, INC.",Utilities,2026-09-09,-0.0004
CEG,CONSTELLATION ENERGY,Utilities,2026-09-09,-0.0172
CMS,CMS ENERGY ,Utilities,2026-09-09,-0.009
CNP,"CENTERPOINT ENERGY, INC.",Utilities,2026-09-09,-0.0087
D,"DOMINION ENERGY, INC.",Utilities,2026-09-09,-0.0169
DTE,DTE ENERGY COMPANY,Utilities,2026-09-09,-0.0087
DUK,DUKE ENERGY ,Utilities,2026-09-09,-0.0067
ED,"CONSOLIDATED EDISON, INC.",Utilities,2026-09-09,-0.0072
EIX,EDISON INTERNATIONAL,Utilities,2026-09-09,-0.0319
ES,EVERSOURCE ENERGY,Utilities,2026-09-09,-0.0147
ETR,ENTERGY ,Utilities,2026-09-09,-0.0125
EVRG,"EVERGY, INC.",Utilities,2026-09-09,-0.0124
EXC,EXELON ,Utilities,2026-09-09,-0.0057
FE,FIRSTENERGY CORP.,Utilities,2026-09-09,-0.0052
LNT,ALLIANT ENERGY ,Utilities,2026-09-09,-0.0109
NEE,"NEXTERA ENERGY, INC.",Utilities,2026-09-09,-0.0141
NI,NISOURCE INC.,Utilities,2026-09-09,-0.0055
NRG,"NRG ENERGY, INC.",Utilities,2026-09-09,-0.0357
PCG,PG&E ,Utilities,2026-09-09,-0.0425
PEG,PUBLIC SERVICE ENTERPRISE GROUP INC.,Utilities,2026-09-09,-0.0221
PNW,PINNACLE WEST CAPITAL ,Utilities,2026-09-09,-0.0088
PPL,PPL ,Utilities,2026-09-09,-0.0151
SO,THE SOUTHERN COMPANY,Utilities,2026-09-09,-0.0073
SRE,SEMPRA,Utilities,2026-09-09,-0.0054
VST,VISTRA CORP.,Utilities,2026-09-09,-0.0041
WEC,"WEC ENERGY GROUP, INC.",Utilities,2026-09-09,-0.0085
XEL,XCEL ENERGY INC.,Utilities,2026-09-09,-0.009
FVX,5 YR TSY YLD NDX,Yields,2026-09-09,0.0088
TNX,10 Y TSY YLD NDX,Yields,2026-09-09,0.0062
TYX,30 Y TSY YLD NDX,Yields,2026-09-09,0.0057
ASC,ARDMORE SHIPPING ,,2026-09-09,0.0133
BTC=F,BITCOIN FUTURES,,2026-09-09,-0.0057
BTI,BRITISH AMERICAN TOBACCO P.L.C.,,2026-09-09,-0.0149
BTU,PEABODY ENERGY ,,2026-09-09,-0.0031
CALM,"CAL-MAINE FOODS, INC.",,2026-09-09,-0.0214
CANE,TEUCRIUM:SUGAR,,2026-09-09,0.0096
CCJ,CAMECO ,,2026-09-09,-0.0153
CMBT,CMB.TECH NV,,2026-09-09,0.0062
CMRE,COSTAMARE INC.,,2026-09-09,0.0114
CNR,"CORE NATURAL RESOURCES, INC.",,2026-09-09,-0.008
COMT,ISHARES:GSCI COMM DYN RS,,2026-09-09,0.014
CORN,TEUCRIUM:CORN,,2026-09-09,-0.007
CPER,UNITED STATES COPPER IDX,,2026-09-09,0.0118
CRESY,CRESUD INC.,,2026-09-09,-0.0132
DBA,INVESCO DB MS AGRI,,2026-09-09,-0.0045
DBB,INVESCO DB MS BMTL,,2026-09-09,0.0088
DBC,INVESCO DB CM IDX,,2026-09-09,0.0139
DHT,"DHT HOLDINGS, INC.",,2026-09-09,0.0183
DIA,SPDR DOW JONES INDUS AVG,,2026-09-09,-0.0075
DJI,DOW JONES INDUSTRIAL AVG INDEX,,2026-09-09,-0.0077
EC,ECOPETROL SA,,2026-09-09,0.0028
ECH,ISHARES:MSCI CHILE,,2026-09-09,-0.0083
EDEN,ISHARES:MSCI DENMARK,,2026-09-09,-0.0136
EFNL,ISHARES:MSCI FINLAND,,2026-09-09,0.0103
EIDO,ISHARES:MSCI INDONESIA,,2026-09-09,-0.0068
EIRL,ISHARES:MSCI IRELAND,,2026-09-09,-0.0072
EIS,ISHARES:MSCI ISRAEL,,2026-09-09,-0.0031
ENZL,ISHARES:MSCI NEW ZLND,,2026-09-09,-0.0055
EPHE,ISHARES:MSCI PHILIPPINES,,2026-09-09,-0.0004
EPOL,ISHARES:MSCI POLAND,,2026-09-09,-0.0046
EPU,ISHARES:MSCI PERU,,2026-09-09,-0.0013
ES=F,E-MINI S&P 500 FUTURES,,2026-09-09,-0.0041
EWA,ISHARES:MSCI AUSTRALIA,,2026-09-09,-0.0127
EWC,ISHARES:MSCI CANADA,,2026-09-09,-0.0081
EWD,ISHARES:MSCI SWEDEN,,2026-09-09,-0.0119
EWG,ISHARES:MSCI GERMANY,,2026-09-09,-0.0122
EWH,ISHARES:MSCI HONG KONG,,2026-09-09,-0.0105
EWI,ISHARES:MSCI ITALY,,2026-09-09,-0.0029
EWJ,ISHARES:MSCI JAPAN,,2026-09-09,-0.0098
EWK,ISHARES:MSCI BELGIUM,,2026-09-09,-0.0088
EWL,ISHARES:MSCI SWITZERLAND,,2026-09-09,-0.0136
EWM,ISHARES:MSCI MALAYSIA,,2026-09-09,-0.0036
EWN,ISHARES:MSCI NETHERLANDS,,2026-09-09,-0.0115
EWO,ISHARES:MSCI AUSTRIA,,2026-09-09,-0.006
EWP,ISHARES:MSCI SPAIN,,2026-09-09,-0.0101
EWQ,ISHARES:MSCI FRANCE,,2026-09-09,-0.016
EWS,ISHARES:MSCI SINGAPORE,,2026-09-09,-0.0146
EWT,ISHARES:MSCI TAIWAN,,2026-09-09,0.002
EWU,ISHARES:MSCI UK,,2026-09-09,-0.0108
EWW,ISHARES:MSCI MEXICO,,2026-09-09,-0.0022
EWY,ISHARES:MSCI S KOREA,,2026-09-09,0.0046
EWZ,ISHARES:MSCI BRAZIL,,2026-09-09,-0.014
FRO,FRONTLINE PLC,,2026-09-09,0.0127
FTI,TECHNIPFMC PLC,,2026-09-09,-0.0045
FXA,INVESCO:AU DOLLAR,,2026-09-09,-0.0004
FXB,INVESCO:GBP STERLING,,2026-09-09,0.0007
FXC,INVESCO:CANADIAN DOLLAR,,2026-09-09,-0.0024
FXE,INVESCO:EURO,,2026-09-09,0.0009
FXY,INVESCO:JAPANESE YEN,,2026-09-09,0.0024
GDX,VANECK:GOLD MINERS,,2026-09-09,0.0108
GDXJ,VANECK:JR GOLD MINERS,,2026-09-09,0.0134
GEOS,GEOSPACE TECHNOLOGIES ,,2026-09-09,-0.0245
GGB,GERDAU SA,,2026-09-09,-0.0099
GLATF,GLOBAL ATOMIC ,,2026-09-09,0.0263
GNK,GENCO SHIPPING & TRADING LIMITED,,2026-09-09,0.0123
GREK,GLBL X MSCI GREECE,,2026-09-09,-0.0043
HLX,"HELIX ENERGY SOLUTIONS GROUP, INC.",,2026-09-09,0.0044
HYD,VANECK:HIGH YIELD MUNI,,2026-09-09,-0.0044
ICL,ICL GROUP LTD,,2026-09-09,0.0034
INDA,ISHARES:MSCI INDIA,,2026-09-09,-0.0086
IWD,ISHARES:RUSS 1000 VL ETF,,2026-09-09,-0.0058
IWF,ISHARES:RUSS 1000 GR ETF,,2026-09-09,-0.0046
IWM,ISHARES:RUSS 2000 ETF,,2026-09-09,-0.0137
JNK,SPDR BBG HIGH YIELD BD,,2026-09-09,-0.0018
MCHI,ISHARES:MSCI CHINA,,2026-09-09,-0.0113
MDY,SPDR S&P MIDCAP 400 ETF,,2026-09-09,-0.0106
MP,MP MATERIALS CORP,,2026-09-09,-0.0193
MTUM,ISHARES:MSCI USA MOM FCT,,2026-09-09,0.0019
MUB,ISHARES:NATL MUNI BOND,,2026-09-09,-0.0052
NDX,NASDAQ 100 INDEX,,2026-09-09,-0.0029
NORW,GLBL X MSCI NORWAY ETF,,2026-09-09,0.0085
NOV,NOV INC.,,2026-09-09,0.0061
NQ=F,NASDAQ 100 FUTURES,,2026-09-09,-0.0032
OEF,ISHARES:S&P 100,,2026-09-09,-0.0042
PAM,PAMPA ENERGIA SA,,2026-09-09,-0.0032
PBR,BRAZILIAN PETROLEUM  - PETROBRAS,,2026-09-09,0.0048
PFF,ISHARES:PREF AND INC SEC,,2026-09-09,-0.0069
POWA,INVESCO BLOOMBERG PRICING POWER,,2026-09-09,-0.0116
PPLT,ABRDN:PHYSICAL PLATINUM,,2026-09-09,0.0419
QAT,ISHARES:MSCI QATAR,,2026-09-09,-0.0029
QQQ,INVESCO QQQ TRUST 1,,2026-09-09,-0.0029
QUAL,ISHARES:MSCI USA QF,,2026-09-09,-0.0056
RIG,TRANSOCEAN LTD,,2026-09-09,-0.0087
ROKU,"ROKU, INC.",,2026-09-09,-0.0157
RSP,INVESCO S&P500 EWGHT,,2026-09-09,-0.0096
RUT,RUSSELL 2000 INDEX,,2026-09-09,-0.0132
SBLK,STAR BULK CARRIERS CORP.,,2026-09-09,0.0045
SCHP,SCHWAB STR:US TIPS,,2026-09-09,-0.0023
SD,"SANDRIDGE ENERGY, INC.",,2026-09-09,0.0068
SDY,SPDR S&P DIVIDEND,,2026-09-09,-0.0093
SILJ,ETFMG PRIME JR SILVR MNR,,2026-09-09,0.0124
SLV,ISHARES:SILVER TRUST,,2026-09-09,0.0227
SM,SM ENERGY COMPANY,,2026-09-09,0.0058
SMH,VANECK:SEMICONDUCTOR,,2026-09-09,0.001
SOYB,TEUCRIUM:SOYBEAN,,2026-09-09,-0.0058
SPHB,INVESCO S&P500 HI BE,,2026-09-09,-0.0084
SPLV,INVESCO S&P500 LOWVL,,2026-09-09,-0.0071
SPX,S&P 500 INDEX,,2026-09-09,-0.0048
SPY,SPDR S&P 500 ETF,,2026-09-09,-0.0046
STLA,STELLANTIS NV,,2026-09-09,-0.0186
STNG,SCORPIO TANKERS INC.,,2026-09-09,0.0114
TAGS,TEUCRIUM:AGRICULTURAL,,2026-09-09,-0.0081
TDW,TIDEWATER INC.,,2026-09-09,0.0116
TECK,TECK RESOURCES LIMITED,,2026-09-09,-0.0226
THD,ISHARES:MSCI THAI,,2026-09-09,-0.0031
TS,TENARIS SA,,2026-09-09,0.0114
TUR,ISHARES:MSCI TURKEY,,2026-09-09,0.0077
URA,GLBL X URANIUM ETF,,2026-09-09,-0.0135
URNM,SPROTT URANIUM MINERS,,2026-09-09,-0.007
UUP,INVESCO DB USD IDX BL,,2026-09-09,-0.0004
VAL,VALARIS LIMITED,,2026-09-09,-0.0064
VIX,CBOE MKT VOLATILITY IDX,,2026-09-09,0.0471
VNM,VANECK:VIETNAM,,2026-09-09,-0.0034
VXN,CBOE NASDAQ MKT VOL NDX,,2026-09-09,0.0281
WEAT,TEUCRIUM:WHEAT,,2026-09-09,-0.0252
XES,SPDR S&P OIL&GAS E&S,,2026-09-09,0.0018
XLB,SEL SECTOR:MATRLS SPDR,,2026-09-09,-0.0106
XLC,SEL SECTOR:COMM SVC SPDR,,2026-09-09,-0.0062
XLE,SEL SECTOR:ENERGY SPDR,,2026-09-09,0.0083
XLF,SEL SECTOR:FINL S SPDR,,2026-09-09,-0.0042
XLI,SEL SECTOR:INDUST SPDR,,2026-09-09,-0.0151
XLK,SEL SECTOR:TECH SPDR,,2026-09-09,0.0
XLP,SEL SECTOR:C STP SPDR,,2026-09-09,-0.0115
XLRE,SEL SECTOR:RL EST SPDR,,2026-09-09,-0.0112
XLU,SEL SECTOR:UTIL SPDR,,2026-09-09,-0.0117
XLV,SEL SECTOR:H CARE SPDR,,2026-09-09,-0.0033
XLY,SEL SECTOR:C DSC SPDR,,2026-09-09,-0.0134
XOP,SPDR S&P OIL&GAS EXP,,2026-09-09,0.0057
