Ticker,Ticker_name,Exposure,Date,qtd_pct_change
EDV,VANGUARD EXT DUR T;ETF,Bonds,2026-09-21,-0.0734
HYG,ISHARES:IBOXX $HY CORP,Bonds,2026-09-21,-0.0161
IEF,ISHARES:7-10 TRS BD ETF,Bonds,2026-09-21,-0.0362
LQD,ISHARES:IBOXX $IG CORP,Bonds,2026-09-21,-0.0365
SHY,ISHARES:1-3 TRS BD ETF,Bonds,2026-09-21,-0.01
STIP,ISHARES:0-5 TIPS BD ETF,Bonds,2026-09-21,-0.021
TIP,ISHARES:TIPS BD ETF,Bonds,2026-09-21,-0.0343
TLT,ISHARES:20+ TRS BD ETF,Bonds,2026-09-21,-0.0535
CHTR,"CHARTER COMMUNICATIONS, INC.",Communication Services,2026-09-21,-0.1326
CMCSA,COMCAST ,Communication Services,2026-09-21,-0.066
DIS,THE WALT DISNEY COMPANY,Communication Services,2026-09-21,0.0829
ECHO,ECHOSTAR CORPORATION,Communication Services,2026-09-21,-0.0605
FOXA,FOX ,Communication Services,2026-09-21,0.2421
GOOGL,ALPHABET INC.,Communication Services,2026-09-21,-0.0067
LYV,"LIVE NATION ENTERTAINMENT, INC.",Communication Services,2026-09-21,-0.0761
META,"META PLATFORMS, INC.",Communication Services,2026-09-21,0.3159
NFLX,"NETFLIX, INC.",Communication Services,2026-09-21,0.0275
NWSA,NEWS CORP.,Communication Services,2026-09-21,0.1961
OMC,OMNICOM GROUP INC.,Communication Services,2026-09-21,0.0379
PSKY,PARAMOUNT SKYDANCE ,Communication Services,2026-09-21,0.0051
RDDT,"REDDIT, INC.",Communication Services,2026-09-21,-0.0856
T,AT&T INC.,Communication Services,2026-09-21,0.2295
TKO,"TKO GROUP HOLDINGS, INC.",Communication Services,2026-09-21,-0.0506
TMUS,"T-MOBILE US, INC.",Communication Services,2026-09-21,-0.0147
TTD,"THE TRADE DESK, INC.",Communication Services,2026-09-21,-0.2323
TTWO,"TAKE-TWO INTERACTIVE SOFTWARE, INC.",Communication Services,2026-09-21,-0.1603
VZ,VERIZON COMMUNICATIONS INC.,Communication Services,2026-09-21,0.1261
WBD,"WARNER BROS. DISCOVERY, INC.",Communication Services,2026-09-21,0.1553
ABNB,"AIRBNB, INC.",Consumer Discretionary,2026-09-21,0.1659
AMZN,"AMAZON.COM, INC.",Consumer Discretionary,2026-09-21,0.0844
APTV,APTIV PLC,Consumer Discretionary,2026-09-21,-0.2902
AZO,"AUTOZONE, INC.",Consumer Discretionary,2026-09-21,-0.1229
BBY,"BEST BUY CO., INC.",Consumer Discretionary,2026-09-21,0.2285
BKNG,BOOKING HOLDINGS INC.,Consumer Discretionary,2026-09-21,-0.0545
CCL,CARNIVAL CORP,Consumer Discretionary,2026-09-21,-0.2191
CMG,"CHIPOTLE MEXICAN GRILL, INC.",Consumer Discretionary,2026-09-21,-0.0253
CVNA,CARVANA CO.,Consumer Discretionary,2026-09-21,0.0207
DASH,"DOORDASH, INC.",Consumer Discretionary,2026-09-21,0.0504
DECK,DECKERS OUTDOOR ,Consumer Discretionary,2026-09-21,-0.192
DHI,"D.R. HORTON, INC.",Consumer Discretionary,2026-09-21,-0.1451
DPZ,"DOMINO'S PIZZA, INC.",Consumer Discretionary,2026-09-21,-0.0003
DRI,"DARDEN RESTAURANTS, INC.",Consumer Discretionary,2026-09-21,0.0257
EBAY,EBAY INC.,Consumer Discretionary,2026-09-21,-0.0309
EXPE,"EXPEDIA GROUP, INC.",Consumer Discretionary,2026-09-21,0.0982
F,FORD MOTOR COMPANY,Consumer Discretionary,2026-09-21,-0.0525
GM,GENERAL MOTORS COMPANY,Consumer Discretionary,2026-09-21,0.0891
GPC,GENUINE PARTS COMPANY,Consumer Discretionary,2026-09-21,0.0718
GRMN,GARMIN LTD,Consumer Discretionary,2026-09-21,0.1801
HAS,"HASBRO, INC.",Consumer Discretionary,2026-09-21,0.0621
HD,"THE HOME DEPOT, INC.",Consumer Discretionary,2026-09-21,-0.1573
HLT,HILTON WORLDWIDE HOLDINGS INC.,Consumer Discretionary,2026-09-21,-0.0707
LEN,LENNAR ,Consumer Discretionary,2026-09-21,-0.1371
LOW,"LOWE'S COMPANIES, INC.",Consumer Discretionary,2026-09-21,-0.1338
LULU,LULULEMON ATHLETICA INC.,Consumer Discretionary,2026-09-21,-0.1128
LVS,LAS VEGAS SANDS CORP.,Consumer Discretionary,2026-09-21,-0.1284
MAR,"MARRIOTT INTERNATIONAL, INC.",Consumer Discretionary,2026-09-21,-0.0754
MCD,MCDONALD'S ,Consumer Discretionary,2026-09-21,-0.083
MGM,MGM RESORTS INTERNATIONAL,Consumer Discretionary,2026-09-21,-0.1899
NCLH,NORWEGIAN CRUISE LINE HOLDINGS LTD.,Consumer Discretionary,2026-09-21,-0.3254
NKE,"NIKE, INC.",Consumer Discretionary,2026-09-21,-0.1206
NVR,"NVR, INC.",Consumer Discretionary,2026-09-21,-0.0917
ORLY,"O'REILLY AUTOMOTIVE, INC.",Consumer Discretionary,2026-09-21,-0.1
PHM,"PULTEGROUP, INC.",Consumer Discretionary,2026-09-21,-0.1329
RCL,ROYAL CARIBBEAN CRUISES LTD.,Consumer Discretionary,2026-09-21,-0.2119
RL,RALPH LAUREN ,Consumer Discretionary,2026-09-21,-0.1534
ROST,"ROSS STORES, INC.",Consumer Discretionary,2026-09-21,0.0864
SBUX,STARBUCKS ,Consumer Discretionary,2026-09-21,-0.0713
TJX,"THE TJX COMPANIES, INC.",Consumer Discretionary,2026-09-21,-0.1356
TPR,"TAPESTRY, INC.",Consumer Discretionary,2026-09-21,-0.2276
TSCO,TRACTOR SUPPLY COMPANY,Consumer Discretionary,2026-09-21,0.0228
TSLA,"TESLA, INC.",Consumer Discretionary,2026-09-21,-0.1077
ULTA,"ULTA BEAUTY, INC.",Consumer Discretionary,2026-09-21,0.237
WSM,"WILLIAMS-SONOMA, INC.",Consumer Discretionary,2026-09-21,-0.0255
WYNN,"WYNN RESORTS, LIMITED",Consumer Discretionary,2026-09-21,-0.1418
YUM,"YUM! BRANDS, INC.",Consumer Discretionary,2026-09-21,-0.1284
ADM,ARCHER-DANIELS-MIDLAND COMPANY.,Consumer Staples,2026-09-21,0.0914
BF.B,BROWN-FORMAN ,Consumer Staples,2026-09-21,-0.0188
BG,BUNGE LIMITED,Consumer Staples,2026-09-21,0.0551
CAG,"CONAGRA BRANDS, INC.",Consumer Staples,2026-09-21,0.104
CASY,"CASEY'S GENERAL STORES, INC.",Consumer Staples,2026-09-21,-0.2635
CHD,"CHURCH & DWIGHT CO., INC.",Consumer Staples,2026-09-21,-0.0143
CL,COLGATE-PALMOLIVE COMPANY,Consumer Staples,2026-09-21,-0.0591
CLX,THE CLOROX COMPANY,Consumer Staples,2026-09-21,-0.1106
COST,COSTCO WHOLESALE ,Consumer Staples,2026-09-21,-0.0395
DG,DOLLAR GENERAL ,Consumer Staples,2026-09-21,0.0591
DLTR,"DOLLAR TREE, INC.",Consumer Staples,2026-09-21,-0.0713
EL,THE ESTEE LAUDER COMPANIES INC.,Consumer Staples,2026-09-21,0.2203
GIS,"GENERAL MILLS, INC.",Consumer Staples,2026-09-21,0.0175
HRL,HORMEL FOODS ,Consumer Staples,2026-09-21,-0.1757
HSY,THE HERSHEY COMPANY,Consumer Staples,2026-09-21,-0.043
KDP,KEURIG DR PEPPER INC.,Consumer Staples,2026-09-21,-0.0645
KHC,THE KRAFT HEINZ COMPANY,Consumer Staples,2026-09-21,0.0318
KMB,KIMBERLY-CLARK ,Consumer Staples,2026-09-21,-0.1096
KO,THE COCA-COLA COMPANY,Consumer Staples,2026-09-21,0.072
KR,THE KROGER CO.,Consumer Staples,2026-09-21,0.0749
KVUE,KENVUE INC.,Consumer Staples,2026-09-21,-0.0754
MDLZ,"MONDELEZ INTERNATIONAL, INC.",Consumer Staples,2026-09-21,0.0403
MKC,"MCCORMICK & COMPANY, INC.",Consumer Staples,2026-09-21,-0.0303
MNST,MONSTER BEVERAGE ,Consumer Staples,2026-09-21,-0.0845
MO,"ALTRIA GROUP, INC.",Consumer Staples,2026-09-21,-0.0475
PEP,"PEPSICO, INC.",Consumer Staples,2026-09-21,-0.0429
PG,THE PROCTER & GAMBLE COMPANY,Consumer Staples,2026-09-21,-0.0038
PM,PHILIP MORRIS INTERNATIONAL INC.,Consumer Staples,2026-09-21,0.0363
SJM,THE J. M. SMUCKER COMPANY,Consumer Staples,2026-09-21,0.0656
STZ,"CONSTELLATION BRANDS, INC.",Consumer Staples,2026-09-21,-0.1488
SYY,SYSCO ,Consumer Staples,2026-09-21,-0.0616
TAP,MOLSON COORS BEVERAGE COMPANY,Consumer Staples,2026-09-21,-0.0359
TGT,TARGET ,Consumer Staples,2026-09-21,0.2075
TSN,"TYSON FOODS, INC.",Consumer Staples,2026-09-21,-0.0914
WMT,WALMART INC.,Consumer Staples,2026-09-21,-0.0514
APA,APA ,Energy,2026-09-21,0.3451
BKR,BAKER HUGHES COMPANY,Energy,2026-09-21,0.042
COP,CONOCOPHILLIPS,Energy,2026-09-21,0.2267
CVX,CHEVRON ,Energy,2026-09-21,0.2287
DVN,DEVON ENERGY ,Energy,2026-09-21,0.1517
EOG,"EOG RESOURCES, INC.",Energy,2026-09-21,0.0898
EQT,EQT ,Energy,2026-09-21,-0.0572
EXE,EXPAND ENERGY ,Energy,2026-09-21,-0.0388
FANG,"DIAMONDBACK ENERGY, INC.",Energy,2026-09-21,0.0767
HAL,HALLIBURTON COMPANY,Energy,2026-09-21,-0.0165
KMI,"KINDER MORGAN, INC.",Energy,2026-09-21,-0.0078
MPC,MARATHON PETROLEUM ,Energy,2026-09-21,0.5738
OKE,"ONEOK, INC.",Energy,2026-09-21,0.0559
OXY,OCCIDENTAL PETROLEUM ,Energy,2026-09-21,0.1787
PSX,PHILLIPS 66,Energy,2026-09-21,0.5484
SLB,SCHLUMBERGER N.V.,Energy,2026-09-21,0.1134
TPL,TEXAS PACIFIC LAND ,Energy,2026-09-21,-0.1619
TRGP,TARGA RESOURCES CORP.,Energy,2026-09-21,0.0791
VLO,VALERO ENERGY ,Energy,2026-09-21,0.51
WMB,"THE WILLIAMS COMPANIES, INC.",Energy,2026-09-21,-0.0362
XOM,EXXON MOBIL ,Energy,2026-09-21,0.1578
UNG,UNITED STATES NAT GAS,Energy Complex,2026-09-21,-0.1246
USO,UNITED STATES OIL FUND,Energy Complex,2026-09-21,0.392
ACGL,ARCH CAPITAL GROUP LTD.,Financials,2026-09-21,-0.0132
AFL,AFLAC INC.,Financials,2026-09-21,-0.0177
AIG,"AMERICAN INTERNATIONAL GROUP, INC.",Financials,2026-09-21,0.0001
AIZ,"ASSURANT, INC.",Financials,2026-09-21,0.033
AJG,ARTHUR J. GALLAGHER & CO.,Financials,2026-09-21,0.0307
ALL,THE ALLSTATE ,Financials,2026-09-21,0.0207
AMP,"AMERIPRISE FINANCIAL, INC.",Financials,2026-09-21,0.1678
AON,AON PLC,Financials,2026-09-21,-0.1232
APO,"APOLLO GLOBAL MANAGEMENT, INC.",Financials,2026-09-21,0.0811
ARES,ARES MANAGEMENT CORP,Financials,2026-09-21,0.138
AXP,AMERICAN EXPRESS COMPANY,Financials,2026-09-21,-0.0729
BAC,BANK OF AMERICA ,Financials,2026-09-21,0.0172
BEN,"FRANKLIN RESOURCES, INC.",Financials,2026-09-21,0.0111
BLK,"BLACKROCK, INC.",Financials,2026-09-21,0.1339
BNY,THE BANK OF NEW YORK MELLON ,Financials,2026-09-21,0.0642
BRK.B,"BERKSHIRE HATHAWAY INC.,",Financials,2026-09-21,0.0032
BRO,"BROWN & BROWN, INC.",Financials,2026-09-21,0.0023
BX,BLACKSTONE INC,Financials,2026-09-21,0.0743
C,CITIGROUP INC.,Financials,2026-09-21,-0.0351
CB,CHUBB LTD,Financials,2026-09-21,-0.0102
CBOE,"CBOE GLOBAL MARKETS, INC.",Financials,2026-09-21,0.1185
CFG,"CITIZENS FINANCIAL GROUP, INC.",Financials,2026-09-21,-0.0387
CINF,CINCINNATI FINANCIAL ,Financials,2026-09-21,-0.0988
CME,CME GROUP INC.,Financials,2026-09-21,0.2477
COF,CAPITAL ONE FINANCIAL ,Financials,2026-09-21,0.0214
COIN,"COINBASE GLOBAL, INC.",Financials,2026-09-21,0.3753
CPAY,"FLEETCOR TECHNOLOGIES, INC.",Financials,2026-09-21,0.1919
EG,"EVEREST GROUP, LTD.",Financials,2026-09-21,0.0341
ERIE,ERIE INDEMNITY COMPANY,Financials,2026-09-21,-0.0158
FDS,FACTSET RESEARCH SYSTEMS INC.,Financials,2026-09-21,0.2348
FIS,FIDELITY NATIONAL INFORMATION SERVICES,Financials,2026-09-21,-0.0949
FISV,"FISERV, INC.",Financials,2026-09-21,-0.0526
FITB,FIFTH THIRD BANCORP,Financials,2026-09-21,-0.0543
GL,GLOBE LIFE INC.,Financials,2026-09-21,-0.0365
GPN,GLOBAL PAYMENTS INC.,Financials,2026-09-21,0.1754
GS,"THE GOLDMAN SACHS GROUP, INC.",Financials,2026-09-21,-0.0514
HBAN,HUNTINGTON BANCSHARES INC.,Financials,2026-09-21,-0.0953
HIG,THE HARTFORD FINANCIAL SERVICES GROUP,Financials,2026-09-21,-0.0135
HOOD,"ROBINHOOD MARKETS, INC.",Financials,2026-09-21,0.2296
IBKR,"INTERACTIVE BROKERS GROUP, INC.",Financials,2026-09-21,0.0709
ICE,"INTERCONTINENTAL EXCHANGE, INC.",Financials,2026-09-21,0.262
IVZ,INVESCO LTD.,Financials,2026-09-21,0.1891
JKHY,"JACK HENRY & ASSOCIATES, INC.",Financials,2026-09-21,0.1003
JPM,JPMORGAN CHASE & CO.,Financials,2026-09-21,0.0755
KEY,KEYCORP,Financials,2026-09-21,-0.0946
KKR,KKR & CO. INC.,Financials,2026-09-21,0.0986
L,LOEWS ,Financials,2026-09-21,-0.0571
MA,MASTERCARD INC..,Financials,2026-09-21,0.1052
MCO,MOODY'S ,Financials,2026-09-21,0.0316
MET,"METLIFE, INC.",Financials,2026-09-21,0.1422
MRSH,"MARSH & MCLENNAN COMPANIES, INC.",Financials,2026-09-21,0.0363
MS,MORGAN STANLEY,Financials,2026-09-21,-0.014
MSCI,MSCI INC.,Financials,2026-09-21,-0.0019
MTB,M&T BANK ,Financials,2026-09-21,-0.0464
NDAQ,"NASDAQ, INC.",Financials,2026-09-21,0.2013
NTRS,NORTHERN TRUST ,Financials,2026-09-21,0.0294
PFG,"PRINCIPAL FINANCIAL GROUP, INC.",Financials,2026-09-21,0.0806
PGR,THE PROGRESSIVE ,Financials,2026-09-21,-0.0284
PNC,"THE PNC FINANCIAL SERVICES GROUP, INC.",Financials,2026-09-21,-0.0527
PRU,"PRUDENTIAL FINANCIAL, INC.",Financials,2026-09-21,0.0982
PYPL,"PAYPAL HOLDINGS, INC.",Financials,2026-09-21,0.2186
RF,REGIONS FINANCIAL ,Financials,2026-09-21,-0.0546
RJF,"RAYMOND JAMES FINANCIAL, INC.",Financials,2026-09-21,0.0866
SCHW,THE CHARLES SCHWAB ,Financials,2026-09-21,0.1583
SPGI,S&P GLOBAL INC.,Financials,2026-09-21,-0.0069
STT,STATE STREET ,Financials,2026-09-21,0.0873
SYF,SYNCHRONY FINANCIAL,Financials,2026-09-21,-0.0138
TFC,TRUIST FINANCIAL ,Financials,2026-09-21,-0.0165
TROW,"T. ROWE PRICE GROUP, INC.",Financials,2026-09-21,-0.0797
TRV,"THE TRAVELERS COMPANIES, INC.",Financials,2026-09-21,0.1242
USB,U.S. BANCORP,Financials,2026-09-21,0.0007
V,VISA INC.,Financials,2026-09-21,0.0783
WFC,WELLS FARGO & COMPANY,Financials,2026-09-21,0.0472
WRB,W. R. BERKLEY ,Financials,2026-09-21,-0.0247
WTW,WILLIS TOWERS WATSON,Financials,2026-09-21,0.1739
XYZ,"BLOCK, INC.",Financials,2026-09-21,0.0251
GLD,SPDR GOLD,Gold,2026-09-21,0.0814
A,"AGILENT TECHNOLOGIES, INC.",Health Care,2026-09-21,0.2192
ABBV,ABBVIE INC.,Health Care,2026-09-21,0.051
ABT,ABBOTT LABORATORIES,Health Care,2026-09-21,0.1349
ALGN,"ALIGN TECHNOLOGY, INC.",Health Care,2026-09-21,-0.1291
AMGN,AMGEN INC.,Health Care,2026-09-21,0.0857
BAX,BAXTER INTERNATIONAL INC.,Health Care,2026-09-21,0.0755
BDX,"BECTON, DICKINSON AND COMPANY",Health Care,2026-09-21,0.1941
BIIB,BIOGEN INC.,Health Care,2026-09-21,0.0139
BMY,BRISTOL-MYERS SQUIBB COMPANY,Health Care,2026-09-21,0.0868
BSX,BOSTON SCIENTIFIC ,Health Care,2026-09-21,0.0244
CAH,"CARDINAL HEALTH, INC.",Health Care,2026-09-21,-0.0497
CI,THE CIGNA GROUP,Health Care,2026-09-21,-0.0044
CNC,CENTENE ,Health Care,2026-09-21,0.0125
COO,"THE COOPER COMPANIES, INC.",Health Care,2026-09-21,-0.2453
COR,"CENCORA, INC.",Health Care,2026-09-21,0.1184
CRL,CHARLES RIVER LABORATORIES,Health Care,2026-09-21,0.2303
CVS,CVS HEALTH ,Health Care,2026-09-21,-0.1532
DGX,QUEST DIAGNOSTICS INC.,Health Care,2026-09-21,0.1554
DHR,DANAHER ,Health Care,2026-09-21,0.1331
DVA,DAVITA INC.,Health Care,2026-09-21,-0.1804
DXCM,"DEXCOM, INC.",Health Care,2026-09-21,0.324
ELV,"ELEVANCE HEALTH, INC.",Health Care,2026-09-21,0.0584
EW,EDWARDS LIFESCIENCES ,Health Care,2026-09-21,-0.0234
GEHC,GE HEALTHCARE TECHNOLOGIES INC.,Health Care,2026-09-21,0.0125
GILD,"GILEAD SCIENCES, INC.",Health Care,2026-09-21,0.1917
HCA,"HCA HEALTHCARE, INC.",Health Care,2026-09-21,0.0925
HSIC,"HENRY SCHEIN, INC.",Health Care,2026-09-21,0.0201
HUM,HUMANA INC.,Health Care,2026-09-21,-0.0469
IDXX,"IDEXX LABORATORIES, INC.",Health Care,2026-09-21,-0.0212
INCY,INCYTE ,Health Care,2026-09-21,0.0996
IQV,IQVIA HOLDINGS INC,Health Care,2026-09-21,0.3967
ISRG,"INTUITIVE SURGICAL, INC.",Health Care,2026-09-21,0.01
JNJ,JOHNSON & JOHNSON,Health Care,2026-09-21,0.061
LH,LABORATORY  OF AMERICA HOLDINGS,Health Care,2026-09-21,0.1464
LLY,ELI LILLY AND COMPANY,Health Care,2026-09-21,-0.0288
MCK,MCKESSON ,Health Care,2026-09-21,0.1732
MDT,MEDTRONIC PUBLIC LIMITED COMPANY,Health Care,2026-09-21,0.1728
MRK,"MERCK & CO., INC.",Health Care,2026-09-21,0.1634
MRNA,"MODERNA, INC.",Health Care,2026-09-21,1.4695
MTD,METTLER-TOLEDO INTERNATIONAL INC.,Health Care,2026-09-21,0.1197
PFE,PFIZER INC.,Health Care,2026-09-21,0.152
PODD,INSULET ,Health Care,2026-09-21,-0.077
REGN,"REGENERON PHARMACEUTICALS, INC.",Health Care,2026-09-21,0.2801
RMD,RESMED INC.,Health Care,2026-09-21,0.1474
RVTY,"REVVITY, INC.",Health Care,2026-09-21,0.2906
SOLV,SOLVENTUM ,Health Care,2026-09-21,0.1515
STE,STERIS PUBLIC LIMITED COMPANY,Health Care,2026-09-21,-0.0171
SYK,STRYKER ,Health Care,2026-09-21,-0.1291
TECH,BIO-TECHNE ,Health Care,2026-09-21,0.0258
TMO,THERMO FISHER SCIENTIFIC INC.,Health Care,2026-09-21,0.3139
UHS,"UNIVERSAL HEALTH SERVICES, INC.",Health Care,2026-09-21,0.1752
UNH,UNITEDHEALTH GROUP INC.,Health Care,2026-09-21,-0.0916
VEEV,VEEVA SYSTEMS INC.,Health Care,2026-09-21,0.4724
VRTX,VERTEX PHARMACEUTICALS INC.,Health Care,2026-09-21,0.0282
VTRS,VIATRIS INC.,Health Care,2026-09-21,0.0768
WAT,WATERS ,Health Care,2026-09-21,0.1303
WST,"WEST PHARMACEUTICAL SERVICES, INC.",Health Care,2026-09-21,0.0077
ZBH,"ZIMMER BIOMET HOLDINGS, INC.",Health Care,2026-09-21,0.0956
ZTS,ZOETIS INC.,Health Care,2026-09-21,-0.0074
ADP,"AUTOMATIC DATA PROCESSING, INC.",Industrials,2026-09-21,0.2054
ALLE,ALLEGION PUBLIC LIMITED COMPANY,Industrials,2026-09-21,0.0774
AME,"AMETEK, INC.",Industrials,2026-09-21,-0.0029
AOS,A. O. SMITH ,Industrials,2026-09-21,-0.0918
AXON,"AXON ENTERPRISE, INC.",Industrials,2026-09-21,-0.1936
BA,THE BOEING COMPANY,Industrials,2026-09-21,-0.0708
BLDR,"BUILDERS FIRSTSOURCE, INC.",Industrials,2026-09-21,-0.346
BR,"BROADRIDGE FINANCIAL SOLUTIONS, INC.",Industrials,2026-09-21,0.202
CARR,CARRIER GLOBAL ,Industrials,2026-09-21,-0.2554
CAT,CATERPILLAR INC.,Industrials,2026-09-21,-0.2333
CHRW,"C.H. ROBINSON WORLDWIDE, INC.",Industrials,2026-09-21,-0.1885
CMI,CUMMINS INC.,Industrials,2026-09-21,-0.2502
CPRT,"COPART, INC.",Industrials,2026-09-21,0.0255
CSX,CSX ,Industrials,2026-09-21,-0.0324
CTAS,CINTAS ,Industrials,2026-09-21,0.1576
DAL,"DELTA AIR LINES, INC.",Industrials,2026-09-21,-0.1192
DE,DEERE & COMPANY,Industrials,2026-09-21,0.0795
DOV,DOVER ,Industrials,2026-09-21,-0.1703
EFX,EQUIFAX INC.,Industrials,2026-09-21,-0.0006
EME,"EMCOR GROUP, INC.",Industrials,2026-09-21,-0.087
EMR,EMERSON ELECTRIC CO.,Industrials,2026-09-21,0.0599
ETN,EATON  PUBLIC LIMITED COMPANY,Industrials,2026-09-21,0.0218
EXPD,EXPEDITORS INTERNATIONAL OF WASHINGTON,Industrials,2026-09-21,0.179
FAST,FASTENAL COMPANY,Industrials,2026-09-21,0.0337
FDX,FEDEX ,Industrials,2026-09-21,-0.0554
FERG,FERGUSON ENTERPRISES INC.,Industrials,2026-09-21,-0.0893
FIX,"COMFORT SYSTEMS USA, INC.",Industrials,2026-09-21,-0.1763
FTV,FORTIVE ,Industrials,2026-09-21,-0.0982
GD,GENERAL DYNAMICS ,Industrials,2026-09-21,-0.001
GE,GENERAL ELECTRIC COMPANY,Industrials,2026-09-21,-0.1464
GEV,GE VERNOVA INC.,Industrials,2026-09-21,-0.1946
GNRC,GENERAC HOLDINGS INC.,Industrials,2026-09-21,-0.3
GWW,"W.W. GRAINGER, INC.",Industrials,2026-09-21,-0.0607
HII,"HUNTINGTON INGALLS INDUSTRIES, INC.",Industrials,2026-09-21,-0.0135
HON,HONEYWELL INTERNATIONAL INC.,Industrials,2026-09-21,-0.0778
HUBB,HUBBELL INC.,Industrials,2026-09-21,-0.1256
HWM,HOWMET AEROSPACE INC.,Industrials,2026-09-21,-0.1543
IEX,IDEX ,Industrials,2026-09-21,-0.0195
IR,INGERSOLL RAND INC.,Industrials,2026-09-21,-0.1181
ITW,ILLINOIS TOOL WORKS INC.,Industrials,2026-09-21,-0.0109
J,JACOBS SOLUTIONS INC.,Industrials,2026-09-21,0.141
JBHT,"J. B. HUNT TRANSPORT SERVICES, INC.",Industrials,2026-09-21,-0.184
JCI,JOHNSON CONTROLS INTERNATIONAL PLC,Industrials,2026-09-21,-0.0064
LDOS,"LEIDOS HOLDINGS, INC.",Industrials,2026-09-21,0.2453
LHX,"L3HARRIS TECHNOLOGIES, INC.",Industrials,2026-09-21,-0.1502
LII,LENNOX INTERNATIONAL INC.,Industrials,2026-09-21,-0.3653
LMT,LOCKHEED MARTIN ,Industrials,2026-09-21,0.0509
LUV,SOUTHWEST AIRLINES CO.,Industrials,2026-09-21,-0.1877
MAS,MASCO ,Industrials,2026-09-21,-0.1675
MMM,3M COMPANY,Industrials,2026-09-21,0.0189
NDSN,NORDSON ,Industrials,2026-09-21,0.042
NOC,NORTHROP GRUMMAN ,Industrials,2026-09-21,0.0341
NSC,NORFOLK SOUTHERN ,Industrials,2026-09-21,-0.0175
ODFL,"OLD DOMINION FREIGHT LINE, INC.",Industrials,2026-09-21,-0.1904
OTIS,OTIS WORLDWIDE ,Industrials,2026-09-21,-0.0693
PAYX,"PAYCHEX, INC.",Industrials,2026-09-21,0.1696
PCAR,PACCAR INC,Industrials,2026-09-21,-0.0449
PH,PARKER-HANNIFIN ,Industrials,2026-09-21,-0.0204
PNR,PENTAIR PUBLIC LIMITED COMPANY,Industrials,2026-09-21,-0.2724
PWR,"QUANTA SERVICES, INC.",Industrials,2026-09-21,-0.1075
ROK,"ROCKWELL AUTOMATION, INC.",Industrials,2026-09-21,-0.1418
ROL,"ROLLINS, INC.",Industrials,2026-09-21,-0.225
RSG,"REPUBLIC SERVICES, INC.",Industrials,2026-09-21,0.004
RTX,RTX ,Industrials,2026-09-21,0.0243
SNA,SNAP-ON INC.,Industrials,2026-09-21,-0.0811
SWK,"STANLEY BLACK & DECKER, INC.",Industrials,2026-09-21,-0.0578
TDG,TRANSDIGM GROUP INC.,Industrials,2026-09-21,-0.167
TT,TRANE TECHNOLOGIES PLC,Industrials,2026-09-21,-0.1178
TXT,TEXTRON INC.,Industrials,2026-09-21,-0.1343
UAL,"UNITED AIRLINES HOLDINGS, INC.",Industrials,2026-09-21,-0.1588
UBER,"UBER TECHNOLOGIES, INC.",Industrials,2026-09-21,-0.0183
UNP,UNION PACIFIC ,Industrials,2026-09-21,-0.0087
UPS,"UNITED PARCEL SERVICE, INC.",Industrials,2026-09-21,-0.1186
URI,"UNITED RENTALS, INC.",Industrials,2026-09-21,-0.0909
VLTO,VERALTO ,Industrials,2026-09-21,0.0733
VRSK,"VERISK ANALYTICS, INC.",Industrials,2026-09-21,-0.0418
VRT,VERTIV HOLDINGS CO,Industrials,2026-09-21,-0.2508
WAB,WESTINGHOUSE AIR BRAKE TECHNOLOGIES ,Industrials,2026-09-21,0.0511
WM,"WASTE MANAGEMENT, INC.",Industrials,2026-09-21,-0.0711
XYL,XYLEM INC.,Industrials,2026-09-21,-0.0928
AAPL,APPLE INC.,Information Technology,2026-09-21,0.1715
ACN,ACCENTURE PUBLIC LIMITED COMPANY,Information Technology,2026-09-21,0.4956
ADBE,ADOBE INC.,Information Technology,2026-09-21,0.2171
ADI,"ANALOG DEVICES, INC.",Information Technology,2026-09-21,-0.0357
ADSK,"AUTODESK, INC.",Information Technology,2026-09-21,0.1257
AKAM,"AKAMAI TECHNOLOGIES, INC.",Information Technology,2026-09-21,-0.0068
AMAT,"APPLIED MATERIALS, INC.",Information Technology,2026-09-21,-0.3579
AMD,"ADVANCED MICRO DEVICES, INC.",Information Technology,2026-09-21,0.0596
ANET,"ARISTA NETWORKS, INC.",Information Technology,2026-09-21,0.2092
APH,AMPHENOL ,Information Technology,2026-09-21,-0.0844
APP,APPLOVIN CORP,Information Technology,2026-09-21,-0.3592
AVGO,BROADCOM INC.,Information Technology,2026-09-21,-0.0399
CDNS,"CADENCE DESIGN SYSTEMS, INC.",Information Technology,2026-09-21,-0.2143
CDW,CDW ,Information Technology,2026-09-21,0.041
CIEN,CIENA CORPORATION,Information Technology,2026-09-21,-0.254
COHR,COHERENT CORP.,Information Technology,2026-09-21,-0.1849
CRM,"SALESFORCE, INC.",Information Technology,2026-09-21,0.5091
CRWD,"CROWDSTRIKE HOLDINGS, INC.",Information Technology,2026-09-21,0.307
CSCO,"CISCO SYSTEMS, INC.",Information Technology,2026-09-21,-0.0511
CTSH,COGNIZANT TECHNOLOGY SOLUTIONS ,Information Technology,2026-09-21,0.5332
DDOG,"DATADOG, INC.",Information Technology,2026-09-21,-0.0588
DELL,DELL TECHNOLOGIES INC.,Information Technology,2026-09-21,0.3334
EPAM,"EPAM SYSTEMS, INC.",Information Technology,2026-09-21,0.4257
FFIV,"F5, INC.",Information Technology,2026-09-21,0.0821
FICO,FAIR ISAAC ,Information Technology,2026-09-21,-0.2262
FLEX,FLEX LTD.,Information Technology,2026-09-21,-0.3113
FSLR,"FIRST SOLAR, INC.",Information Technology,2026-09-21,-0.1531
FTNT,"FORTINET, INC.",Information Technology,2026-09-21,0.1407
GDDY,GODADDY INC.,Information Technology,2026-09-21,0.2343
GEN,GEN DIGITAL INC.,Information Technology,2026-09-21,0.1712
GLW,CORNING INC.,Information Technology,2026-09-21,-0.3776
HPE,HEWLETT PACKARD ENTERPRISE COMPANY,Information Technology,2026-09-21,0.3689
HPQ,HP INC.,Information Technology,2026-09-21,0.5018
IBM,INTERNATIONAL BUSINESS MACHINES ,Information Technology,2026-09-21,-0.1752
INTC,INTEL ,Information Technology,2026-09-21,-0.1278
INTU,INTUIT INC.,Information Technology,2026-09-21,0.1652
IT,"GARTNER, INC.",Information Technology,2026-09-21,0.4143
JBL,JABIL INC.,Information Technology,2026-09-21,-0.2122
KEYS,"KEYSIGHT TECHNOLOGIES, INC.",Information Technology,2026-09-21,-0.023
KLAC,KLA ,Information Technology,2026-09-21,-0.3902
LITE,LUMENTUM HOLDINGS INC.,Information Technology,2026-09-21,0.1124
LRCX,LAM RESEARCH ,Information Technology,2026-09-21,-0.3024
MCHP,MICROCHIP TECHNOLOGY INC.,Information Technology,2026-09-21,-0.18
MPWR,"MONOLITHIC POWER SYSTEMS, INC.",Information Technology,2026-09-21,-0.0757
MRVL,"MARVELL TECHNOLOGY, INC.",Information Technology,2026-09-21,-0.136
MSFT,MICROSOFT ,Information Technology,2026-09-21,0.3447
MSI,"MOTOROLA SOLUTIONS, INC.",Information Technology,2026-09-21,0.1109
MU,"MICRON TECHNOLOGY, INC.",Information Technology,2026-09-21,-0.0956
NOW,"SERVICENOW, INC.",Information Technology,2026-09-21,0.3868
NTAP,"NETAPP, INC.",Information Technology,2026-09-21,0.2804
NVDA,NVIDIA ,Information Technology,2026-09-21,0.1364
NXPI,NXP SEMICONDUCTORS NV,Information Technology,2026-09-21,-0.173
ON,ON SEMICONDUCTOR ,Information Technology,2026-09-21,-0.2414
ORCL,ORACLE ,Information Technology,2026-09-21,0.0137
PANW,"PALO ALTO NETWORKS, INC.",Information Technology,2026-09-21,0.0901
PLTR,PALANTIR TECHNOLOGIES INC.,Information Technology,2026-09-21,0.5693
PTC,PTC INC.,Information Technology,2026-09-21,0.1907
Q,"QNITY ELECTRONICS, INC.",Information Technology,2026-09-21,-0.2541
QCOM,QUALCOMM INC.,Information Technology,2026-09-21,0.0511
ROP,"ROPER TECHNOLOGIES, INC.",Information Technology,2026-09-21,0.0798
SMCI,"SUPER MICRO COMPUTER, INC.",Information Technology,2026-09-21,0.4047
SNDK,SANDISK CORPORATION,Information Technology,2026-09-21,-0.223
SNPS,"SYNOPSYS, INC.",Information Technology,2026-09-21,-0.0991
STX,SEAGATE TECHNOLOGY HOLDINGS,Information Technology,2026-09-21,-0.0908
SWKS,"SKYWORKS SOLUTIONS, INC.",Information Technology,2026-09-21,0.3088
TDY,TELEDYNE TECHNOLOGIES INC.,Information Technology,2026-09-21,-0.0867
TEL,TE CONNECTIVITY LTD,Information Technology,2026-09-21,0.0417
TER,"TERADYNE, INC.",Information Technology,2026-09-21,-0.2114
TRMB,TRIMBLE INC.,Information Technology,2026-09-21,0.1284
TXN,TEXAS INSTRUMENTS INC.,Information Technology,2026-09-21,-0.0913
TYL,"TYLER TECHNOLOGIES, INC.",Information Technology,2026-09-21,0.1368
VRSN,"VERISIGN, INC.",Information Technology,2026-09-21,0.2251
WDAY,"WORKDAY, INC.",Information Technology,2026-09-21,0.5677
WDC,WESTERN DIGITAL ,Information Technology,2026-09-21,-0.2983
ZBRA,ZEBRA TECHNOLOGIES ,Information Technology,2026-09-21,0.3327
ALB,ALBEMARLE ,Materials,2026-09-21,-0.1637
AMCR,AMCOR PLC,Materials,2026-09-21,-0.0277
APD,"AIR PRODUCTS AND CHEMICALS, INC.",Materials,2026-09-21,-0.0468
AVY,AVERY DENNISON ,Materials,2026-09-21,0.043
BALL,BALL ,Materials,2026-09-21,-0.0431
CF,"CF INDUSTRIES HOLDINGS, INC.",Materials,2026-09-21,0.1386
CRH,CRH PUBLIC LIMITED COMPANY,Materials,2026-09-21,-0.1856
CTVA,"CORTEVA, INC.",Materials,2026-09-21,-0.0659
DD,"DUPONT DE NEMOURS, INC.",Materials,2026-09-21,-0.0431
DOW,DOW INC.,Materials,2026-09-21,0.0333
ECL,ECOLAB INC.,Materials,2026-09-21,-0.031
FCX,FREEPORT-MCMORAN INC.,Materials,2026-09-21,0.1474
IFF,INTERNATIONAL FLAVORS & FRAGRANCES INC.,Materials,2026-09-21,0.0553
IP,INTERNATIONAL PAPER COMPANY,Materials,2026-09-21,-0.0727
LIN,LINDE PUBLIC LIMITED COMPANY,Materials,2026-09-21,-0.1184
LYB,LYONDELLBASELL INDUSTRIES NV,Materials,2026-09-21,0.1442
MLM,"MARTIN MARIETTA MATERIALS, INC.",Materials,2026-09-21,-0.1336
MOS,THE MOSAIC COMPANY,Materials,2026-09-21,0.1359
NEM,NEWMONT ,Materials,2026-09-21,0.3175
NUE,NUCOR ,Materials,2026-09-21,0.0882
PKG,PACKAGING  OF AMERICA,Materials,2026-09-21,0.0001
PPG,"PPG INDUSTRIES, INC.",Materials,2026-09-21,-0.1349
SHW,THE SHERWIN-WILLIAMS COMPANY,Materials,2026-09-21,-0.0668
STLD,"STEEL DYNAMICS, INC.",Materials,2026-09-21,0.0023
SW,SMURFIT WESTROCK PUBLIC LIMITED COMPANY,Materials,2026-09-21,-0.0184
VMC,VULCAN MATERIALS COMPANY,Materials,2026-09-21,-0.1655
AMT,AMERICAN TOWER ,Real Estate,2026-09-21,0.0674
ARE,"ALEXANDRIA REAL ESTATE EQUITIES, INC.",Real Estate,2026-09-21,0.0093
BXP,"BOSTON PROPERTIES, INC.",Real Estate,2026-09-21,-0.0329
CBRE,"CBRE GROUP, INC.",Real Estate,2026-09-21,0.0633
CCI,CROWN CASTLE INC.,Real Estate,2026-09-21,-0.0331
CPT,CAMDEN PROPERTY TRUST,Real Estate,2026-09-21,-0.1369
CSGP,"COSTAR GROUP, INC.",Real Estate,2026-09-21,0.0254
DLR,"DIGITAL REALTY TRUST, INC.",Real Estate,2026-09-21,0.0376
DOC,"HEALTHDOC PROPERTIES, INC.",Real Estate,2026-09-21,-0.0318
EQIX,"EQUINIX, INC.",Real Estate,2026-09-21,0.0143
EQR,EQUITY RESIDENTIAL,Real Estate,2026-09-21,-0.0967
ESS,"ESSEX PROPERTY TRUST, INC.",Real Estate,2026-09-21,-0.0693
EXR,EXTRA SPACE STORAGE INC.,Real Estate,2026-09-21,-0.054
FRT,FEDERAL REALTY INVESTMENT TRUST,Real Estate,2026-09-21,-0.1038
HST,"HOST HOTELS & RESORTS, INC.",Real Estate,2026-09-21,-0.059
INVH,INVITATION HOMES INC.,Real Estate,2026-09-21,-0.1036
IRM,IRON MOUNTAIN INC.,Real Estate,2026-09-21,-0.0746
KIM,KIMCO REALTY .,Real Estate,2026-09-21,-0.1108
MAA,"MID-AMERICA APARTMENT COMMUNITIES, INC.",Real Estate,2026-09-21,-0.1445
O,REALTY INCOME ,Real Estate,2026-09-21,-0.0857
PLD,"PROLOGIS, INC.",Real Estate,2026-09-21,0.0026
PSA,PUBLIC STORAGE.,Real Estate,2026-09-21,-0.068
REG,REGENCY CENTERS ,Real Estate,2026-09-21,-0.0855
SBAC,SBA COMMUNICATIONS ,Real Estate,2026-09-21,-0.001
SPG,"SIMON PROPERTY GROUP, INC.",Real Estate,2026-09-21,-0.0835
UDR,"UDR, INC.",Real Estate,2026-09-21,-0.1511
VICI,VICI PROPERTIES INC.,Real Estate,2026-09-21,-0.0942
VTR,"VENTAS, INC.",Real Estate,2026-09-21,-0.0199
WELL,WELLTOWER INC.,Real Estate,2026-09-21,0.0255
WY,WEYERHAEUSER COMPANY,Real Estate,2026-09-21,-0.1224
DXY,US DOLLAR INDEX,USD,2026-09-21,-0.0076
AEE,AMEREN ,Utilities,2026-09-21,-0.0992
AEP,"AMERICAN ELECTRIC POWER COMPANY, INC.",Utilities,2026-09-21,-0.1227
AES,THE AES ,Utilities,2026-09-21,0.0116
ATO,ATMOS ENERGY ,Utilities,2026-09-21,-0.0813
AWK,"AMERICAN WATER WORKS COMPANY, INC.",Utilities,2026-09-21,0.0182
CEG,CONSTELLATION ENERGY,Utilities,2026-09-21,0.0553
CMS,CMS ENERGY ,Utilities,2026-09-21,-0.1542
CNP,"CENTERPOINT ENERGY, INC.",Utilities,2026-09-21,-0.1374
D,"DOMINION ENERGY, INC.",Utilities,2026-09-21,-0.0801
DTE,DTE ENERGY COMPANY,Utilities,2026-09-21,-0.1722
DUK,DUKE ENERGY ,Utilities,2026-09-21,-0.0777
ED,"CONSOLIDATED EDISON, INC.",Utilities,2026-09-21,-0.0612
EIX,EDISON INTERNATIONAL,Utilities,2026-09-21,-0.2619
ES,EVERSOURCE ENERGY,Utilities,2026-09-21,-0.0744
ETR,ENTERGY ,Utilities,2026-09-21,-0.1156
EVRG,"EVERGY, INC.",Utilities,2026-09-21,-0.083
EXC,EXELON ,Utilities,2026-09-21,-0.0995
FE,FIRSTENERGY CORP.,Utilities,2026-09-21,-0.0541
LNT,ALLIANT ENERGY ,Utilities,2026-09-21,-0.1484
NEE,"NEXTERA ENERGY, INC.",Utilities,2026-09-21,-0.0927
NI,NISOURCE INC.,Utilities,2026-09-21,-0.1478
NRG,"NRG ENERGY, INC.",Utilities,2026-09-21,-0.2929
PCG,PG&E ,Utilities,2026-09-21,-0.2307
PEG,PUBLIC SERVICE ENTERPRISE GROUP INC.,Utilities,2026-09-21,-0.146
PNW,PINNACLE WEST CAPITAL ,Utilities,2026-09-21,-0.1279
PPL,PPL ,Utilities,2026-09-21,-0.0908
SO,THE SOUTHERN COMPANY,Utilities,2026-09-21,-0.1071
SRE,SEMPRA,Utilities,2026-09-21,-0.1242
VST,VISTRA CORP.,Utilities,2026-09-21,-0.1125
WEC,"WEC ENERGY GROUP, INC.",Utilities,2026-09-21,-0.1138
XEL,XCEL ENERGY INC.,Utilities,2026-09-21,-0.1052
FVX,5 YR TSY YLD NDX,Yields,2026-09-21,0.1527
TNX,10 Y TSY YLD NDX,Yields,2026-09-21,0.1222
TYX,30 Y TSY YLD NDX,Yields,2026-09-21,0.0816
ASC,ARDMORE SHIPPING ,,2026-09-21,0.3276
BTC=F,BITCOIN FUTURES,,2026-09-21,0.478
BTI,BRITISH AMERICAN TOBACCO P.L.C.,,2026-09-21,-0.0973
BTU,PEABODY ENERGY ,,2026-09-21,0.0843
CALM,"CAL-MAINE FOODS, INC.",,2026-09-21,-0.0997
CANE,TEUCRIUM:SUGAR,,2026-09-21,0.1369
CCJ,CAMECO ,,2026-09-21,-0.0847
CMBT,CMB.TECH NV,,2026-09-21,0.4053
CMRE,COSTAMARE INC.,,2026-09-21,0.0763
CNR,"CORE NATURAL RESOURCES, INC.",,2026-09-21,0.1341
COMT,ISHARES:GSCI COMM DYN RS,,2026-09-21,0.2157
CORN,TEUCRIUM:CORN,,2026-09-21,0.2101
CPER,UNITED STATES COPPER IDX,,2026-09-21,0.0779
CRESY,CRESUD INC.,,2026-09-21,0.1365
DBA,INVESCO DB MS AGRI,,2026-09-21,0.0754
DBB,INVESCO DB MS BMTL,,2026-09-21,0.0739
DBC,INVESCO DB CM IDX,,2026-09-21,0.2221
DHT,"DHT HOLDINGS, INC.",,2026-09-21,0.3581
DIA,SPDR DOW JONES INDUS AVG,,2026-09-21,-0.005
DJI,DOW JONES INDUSTRIAL AVG INDEX,,2026-09-21,-0.0052
EC,ECOPETROL SA,,2026-09-21,0.1826
ECH,ISHARES:MSCI CHILE,,2026-09-21,0.0065
EDEN,ISHARES:MSCI DENMARK,,2026-09-21,0.023
EFNL,ISHARES:MSCI FINLAND,,2026-09-21,0.0398
EIDO,ISHARES:MSCI INDONESIA,,2026-09-21,0.0928
EIRL,ISHARES:MSCI IRELAND,,2026-09-21,0.0578
EIS,ISHARES:MSCI ISRAEL,,2026-09-21,0.0573
ENZL,ISHARES:MSCI NEW ZLND,,2026-09-21,0.0237
EPHE,ISHARES:MSCI PHILIPPINES,,2026-09-21,-0.0352
EPOL,ISHARES:MSCI POLAND,,2026-09-21,0.1829
EPU,ISHARES:MSCI PERU,,2026-09-21,0.0915
ES=F,E-MINI S&P 500 FUTURES,,2026-09-21,0.0386
EWA,ISHARES:MSCI AUSTRALIA,,2026-09-21,0.0313
EWC,ISHARES:MSCI CANADA,,2026-09-21,0.0484
EWD,ISHARES:MSCI SWEDEN,,2026-09-21,0.0356
EWG,ISHARES:MSCI GERMANY,,2026-09-21,0.0297
EWH,ISHARES:MSCI HONG KONG,,2026-09-21,0.088
EWI,ISHARES:MSCI ITALY,,2026-09-21,0.0338
EWJ,ISHARES:MSCI JAPAN,,2026-09-21,0.0503
EWK,ISHARES:MSCI BELGIUM,,2026-09-21,-0.0037
EWL,ISHARES:MSCI SWITZERLAND,,2026-09-21,-0.0325
EWM,ISHARES:MSCI MALAYSIA,,2026-09-21,0.0263
EWN,ISHARES:MSCI NETHERLANDS,,2026-09-21,-0.0354
EWO,ISHARES:MSCI AUSTRIA,,2026-09-21,0.0347
EWP,ISHARES:MSCI SPAIN,,2026-09-21,0.0342
EWQ,ISHARES:MSCI FRANCE,,2026-09-21,-0.0266
EWS,ISHARES:MSCI SINGAPORE,,2026-09-21,0.1199
EWT,ISHARES:MSCI TAIWAN,,2026-09-21,0.0647
EWU,ISHARES:MSCI UK,,2026-09-21,0.0336
EWW,ISHARES:MSCI MEXICO,,2026-09-21,-0.0209
EWY,ISHARES:MSCI S KOREA,,2026-09-21,-0.0631
EWZ,ISHARES:MSCI BRAZIL,,2026-09-21,0.1035
FRO,FRONTLINE PLC,,2026-09-21,0.4317
FTI,TECHNIPFMC PLC,,2026-09-21,0.0756
FXA,INVESCO:AU DOLLAR,,2026-09-21,0.0286
FXB,INVESCO:GBP STERLING,,2026-09-21,0.0072
FXC,INVESCO:CANADIAN DOLLAR,,2026-09-21,0.0097
FXE,INVESCO:EURO,,2026-09-21,0.0034
FXY,INVESCO:JAPANESE YEN,,2026-09-21,0.0312
GDX,VANECK:GOLD MINERS,,2026-09-21,0.2516
GDXJ,VANECK:JR GOLD MINERS,,2026-09-21,0.2487
GEOS,GEOSPACE TECHNOLOGIES ,,2026-09-21,-0.229
GGB,GERDAU SA,,2026-09-21,0.2376
GLATF,GLOBAL ATOMIC ,,2026-09-21,-0.1136
GNK,GENCO SHIPPING & TRADING LIMITED,,2026-09-21,0.1231
GREK,GLBL X MSCI GREECE,,2026-09-21,0.1399
HLX,"HELIX ENERGY SOLUTIONS GROUP, INC.",,2026-09-21,-0.0469
HYD,VANECK:HIGH YIELD MUNI,,2026-09-21,-0.0507
ICL,ICL GROUP LTD,,2026-09-21,0.0723
INDA,ISHARES:MSCI INDIA,,2026-09-21,-0.018
IWD,ISHARES:RUSS 1000 VL ETF,,2026-09-21,0.0455
IWF,ISHARES:RUSS 1000 GR ETF,,2026-09-21,0.0168
IWM,ISHARES:RUSS 2000 ETF,,2026-09-21,-0.0495
JNK,SPDR BBG HIGH YIELD BD,,2026-09-21,-0.0172
MCHI,ISHARES:MSCI CHINA,,2026-09-21,0.0582
MDY,SPDR S&P MIDCAP 400 ETF,,2026-09-21,-0.0498
MP,MP MATERIALS CORP,,2026-09-21,-0.1073
MTUM,ISHARES:MSCI USA MOM FCT,,2026-09-21,-0.0775
MUB,ISHARES:NATL MUNI BOND,,2026-09-21,-0.0442
NDX,NASDAQ 100 INDEX,,2026-09-21,0.0068
NORW,GLBL X MSCI NORWAY ETF,,2026-09-21,0.1604
NOV,NOV INC.,,2026-09-21,0.0863
NQ=F,NASDAQ 100 FUTURES,,2026-09-21,0.0102
OEF,ISHARES:S&P 100,,2026-09-21,0.0581
PAM,PAMPA ENERGIA SA,,2026-09-21,-0.0094
PBR,BRAZILIAN PETROLEUM  - PETROBRAS,,2026-09-21,0.2766
PFF,ISHARES:PREF AND INC SEC,,2026-09-21,-0.0092
POWA,INVESCO BLOOMBERG PRICING POWER,,2026-09-21,-0.0155
PPLT,ABRDN:PHYSICAL PLATINUM,,2026-09-21,0.155
QAT,ISHARES:MSCI QATAR,,2026-09-21,-0.0622
QQQ,INVESCO QQQ TRUST 1,,2026-09-21,0.0069
QUAL,ISHARES:MSCI USA QF,,2026-09-21,0.016
RIG,TRANSOCEAN LTD,,2026-09-21,0.1145
ROKU,"ROKU, INC.",,2026-09-21,0.1172
RSP,INVESCO S&P500 EWGHT,,2026-09-21,-0.0004
RUT,RUSSELL 2000 INDEX,,2026-09-21,-0.0493
SBLK,STAR BULK CARRIERS CORP.,,2026-09-21,0.2707
SCHP,SCHWAB STR:US TIPS,,2026-09-21,-0.0362
SD,"SANDRIDGE ENERGY, INC.",,2026-09-21,0.0204
SDY,SPDR S&P DIVIDEND,,2026-09-21,-0.0157
SILJ,ETFMG PRIME JR SILVR MNR,,2026-09-21,0.1493
SLV,ISHARES:SILVER TRUST,,2026-09-21,0.1152
SM,SM ENERGY COMPANY,,2026-09-21,0.3314
SMH,VANECK:SEMICONDUCTOR,,2026-09-21,-0.0913
SOYB,TEUCRIUM:SOYBEAN,,2026-09-21,0.1525
SPHB,INVESCO S&P500 HI BE,,2026-09-21,-0.0259
SPLV,INVESCO S&P500 LOWVL,,2026-09-21,-0.0363
SPX,S&P 500 INDEX,,2026-09-21,0.0354
SPY,SPDR S&P 500 ETF,,2026-09-21,0.0358
STLA,STELLANTIS NV,,2026-09-21,-0.162
STNG,SCORPIO TANKERS INC.,,2026-09-21,0.2447
TAGS,TEUCRIUM:AGRICULTURAL,,2026-09-21,0.1783
TDW,TIDEWATER INC.,,2026-09-21,0.2843
TECK,TECK RESOURCES LIMITED,,2026-09-21,0.1228
THD,ISHARES:MSCI THAI,,2026-09-21,0.0163
TS,TENARIS SA,,2026-09-21,0.0087
TUR,ISHARES:MSCI TURKEY,,2026-09-21,-0.0319
URA,GLBL X URANIUM ETF,,2026-09-21,-0.0165
URNM,SPROTT URANIUM MINERS,,2026-09-21,-0.0112
UUP,INVESCO DB USD IDX BL,,2026-09-21,0.0025
VAL,VALARIS LIMITED,,2026-09-21,0.1266
VIX,CBOE MKT VOLATILITY IDX,,2026-09-21,-0.096
VNM,VANECK:VIETNAM,,2026-09-21,-0.0574
VXN,CBOE NASDAQ MKT VOL NDX,,2026-09-21,-0.2479
WEAT,TEUCRIUM:WHEAT,,2026-09-21,0.1943
XES,SPDR S&P OIL&GAS E&S,,2026-09-21,0.0176
XLB,SEL SECTOR:MATRLS SPDR,,2026-09-21,-0.022
XLC,SEL SECTOR:COMM SVC SPDR,,2026-09-21,0.0711
XLE,SEL SECTOR:ENERGY SPDR,,2026-09-21,0.176
XLF,SEL SECTOR:FINL S SPDR,,2026-09-21,0.0427
XLI,SEL SECTOR:INDUST SPDR,,2026-09-21,-0.0823
XLK,SEL SECTOR:TECH SPDR,,2026-09-21,0.0227
XLP,SEL SECTOR:C STP SPDR,,2026-09-21,-0.0138
XLRE,SEL SECTOR:RL EST SPDR,,2026-09-21,-0.0327
XLU,SEL SECTOR:UTIL SPDR,,2026-09-21,-0.1032
XLV,SEL SECTOR:H CARE SPDR,,2026-09-21,0.0652
XLY,SEL SECTOR:C DSC SPDR,,2026-09-21,-0.0431
XOP,SPDR S&P OIL&GAS EXP,,2026-09-21,0.1977
