Ticker,Ticker_name,Exposure,Date,wtd_pct_change
EDV,VANGUARD EXT DUR T;ETF,Bonds,2026-09-11,-0.0211
HYG,ISHARES:IBOXX $HY CORP,Bonds,2026-09-11,-0.0071
IEF,ISHARES:7-10 TRS BD ETF,Bonds,2026-09-11,-0.0134
LQD,ISHARES:IBOXX $IG CORP,Bonds,2026-09-11,-0.011
SHY,ISHARES:1-3 TRS BD ETF,Bonds,2026-09-11,-0.0039
STIP,ISHARES:0-5 TIPS BD ETF,Bonds,2026-09-11,-0.0051
TIP,ISHARES:TIPS BD ETF,Bonds,2026-09-11,-0.0106
TLT,ISHARES:20+ TRS BD ETF,Bonds,2026-09-11,-0.0163
CHTR,"CHARTER COMMUNICATIONS, INC.",Communication Services,2026-09-11,-0.0409
CMCSA,COMCAST ,Communication Services,2026-09-11,-0.0487
DIS,THE WALT DISNEY COMPANY,Communication Services,2026-09-11,0.0118
ECHO,ECHOSTAR CORPORATION,Communication Services,2026-09-11,0.0372
FOXA,FOX ,Communication Services,2026-09-11,0.0079
GOOGL,ALPHABET INC.,Communication Services,2026-09-11,0.0001
LYV,"LIVE NATION ENTERTAINMENT, INC.",Communication Services,2026-09-11,-0.0193
META,"META PLATFORMS, INC.",Communication Services,2026-09-11,0.0507
NFLX,"NETFLIX, INC.",Communication Services,2026-09-11,-0.0109
NWSA,NEWS CORP.,Communication Services,2026-09-11,-0.0313
OMC,OMNICOM GROUP INC.,Communication Services,2026-09-11,-0.0437
PSKY,PARAMOUNT SKYDANCE ,Communication Services,2026-09-11,-0.0239
RDDT,"REDDIT, INC.",Communication Services,2026-09-11,0.0214
T,AT&T INC.,Communication Services,2026-09-11,0.0148
TKO,"TKO GROUP HOLDINGS, INC.",Communication Services,2026-09-11,0.0231
TMUS,"T-MOBILE US, INC.",Communication Services,2026-09-11,0.0045
TTD,"THE TRADE DESK, INC.",Communication Services,2026-09-11,-0.0062
TTWO,"TAKE-TWO INTERACTIVE SOFTWARE, INC.",Communication Services,2026-09-11,0.0036
VZ,VERIZON COMMUNICATIONS INC.,Communication Services,2026-09-11,0.0094
WBD,"WARNER BROS. DISCOVERY, INC.",Communication Services,2026-09-11,-0.0074
ABNB,"AIRBNB, INC.",Consumer Discretionary,2026-09-11,-0.0646
AMZN,"AMAZON.COM, INC.",Consumer Discretionary,2026-09-11,-0.0067
APTV,APTIV PLC,Consumer Discretionary,2026-09-11,-0.0503
AZO,"AUTOZONE, INC.",Consumer Discretionary,2026-09-11,-0.0357
BBY,"BEST BUY CO., INC.",Consumer Discretionary,2026-09-11,0.0059
BKNG,BOOKING HOLDINGS INC.,Consumer Discretionary,2026-09-11,-0.1002
CCL,CARNIVAL CORP,Consumer Discretionary,2026-09-11,-0.0323
CMG,"CHIPOTLE MEXICAN GRILL, INC.",Consumer Discretionary,2026-09-11,-0.0206
CVNA,CARVANA CO.,Consumer Discretionary,2026-09-11,-0.0728
DASH,"DOORDASH, INC.",Consumer Discretionary,2026-09-11,-0.0462
DECK,DECKERS OUTDOOR ,Consumer Discretionary,2026-09-11,-0.0529
DHI,"D.R. HORTON, INC.",Consumer Discretionary,2026-09-11,-0.034
DPZ,"DOMINO'S PIZZA, INC.",Consumer Discretionary,2026-09-11,-0.0864
DRI,"DARDEN RESTAURANTS, INC.",Consumer Discretionary,2026-09-11,-0.0322
EBAY,EBAY INC.,Consumer Discretionary,2026-09-11,0.042
EXPE,"EXPEDIA GROUP, INC.",Consumer Discretionary,2026-09-11,-0.0577
F,FORD MOTOR COMPANY,Consumer Discretionary,2026-09-11,-0.0445
GM,GENERAL MOTORS COMPANY,Consumer Discretionary,2026-09-11,-0.0244
GPC,GENUINE PARTS COMPANY,Consumer Discretionary,2026-09-11,-0.0319
GRMN,GARMIN LTD,Consumer Discretionary,2026-09-11,0.0204
HAS,"HASBRO, INC.",Consumer Discretionary,2026-09-11,-0.0107
HD,"THE HOME DEPOT, INC.",Consumer Discretionary,2026-09-11,-0.0383
HLT,HILTON WORLDWIDE HOLDINGS INC.,Consumer Discretionary,2026-09-11,-0.016
LEN,LENNAR ,Consumer Discretionary,2026-09-11,-0.0476
LOW,"LOWE'S COMPANIES, INC.",Consumer Discretionary,2026-09-11,-0.0373
LULU,LULULEMON ATHLETICA INC.,Consumer Discretionary,2026-09-11,-0.0163
LVS,LAS VEGAS SANDS CORP.,Consumer Discretionary,2026-09-11,-0.0347
MAR,"MARRIOTT INTERNATIONAL, INC.",Consumer Discretionary,2026-09-11,-0.0054
MCD,MCDONALD'S ,Consumer Discretionary,2026-09-11,-0.0124
MGM,MGM RESORTS INTERNATIONAL,Consumer Discretionary,2026-09-11,-0.0323
NCLH,NORWEGIAN CRUISE LINE HOLDINGS LTD.,Consumer Discretionary,2026-09-11,-0.0482
NKE,"NIKE, INC.",Consumer Discretionary,2026-09-11,-0.0417
NVR,"NVR, INC.",Consumer Discretionary,2026-09-11,-0.0219
ORLY,"O'REILLY AUTOMOTIVE, INC.",Consumer Discretionary,2026-09-11,-0.0236
PHM,"PULTEGROUP, INC.",Consumer Discretionary,2026-09-11,-0.0497
RCL,ROYAL CARIBBEAN CRUISES LTD.,Consumer Discretionary,2026-09-11,-0.019
RL,RALPH LAUREN ,Consumer Discretionary,2026-09-11,-0.0345
ROST,"ROSS STORES, INC.",Consumer Discretionary,2026-09-11,0.0002
SBUX,STARBUCKS ,Consumer Discretionary,2026-09-11,-0.0548
TJX,"THE TJX COMPANIES, INC.",Consumer Discretionary,2026-09-11,-0.0459
TPR,"TAPESTRY, INC.",Consumer Discretionary,2026-09-11,-0.0299
TSCO,TRACTOR SUPPLY COMPANY,Consumer Discretionary,2026-09-11,-0.0566
TSLA,"TESLA, INC.",Consumer Discretionary,2026-09-11,0.0321
ULTA,"ULTA BEAUTY, INC.",Consumer Discretionary,2026-09-11,-0.0307
WSM,"WILLIAMS-SONOMA, INC.",Consumer Discretionary,2026-09-11,-0.0052
WYNN,"WYNN RESORTS, LIMITED",Consumer Discretionary,2026-09-11,-0.0419
YUM,"YUM! BRANDS, INC.",Consumer Discretionary,2026-09-11,-0.0653
ADM,ARCHER-DANIELS-MIDLAND COMPANY.,Consumer Staples,2026-09-11,0.0249
BF.B,BROWN-FORMAN ,Consumer Staples,2026-09-11,-0.0191
BG,BUNGE LIMITED,Consumer Staples,2026-09-11,0.0312
CAG,"CONAGRA BRANDS, INC.",Consumer Staples,2026-09-11,-0.0568
CASY,"CASEY'S GENERAL STORES, INC.",Consumer Staples,2026-09-11,-0.186
CHD,"CHURCH & DWIGHT CO., INC.",Consumer Staples,2026-09-11,-0.0446
CL,COLGATE-PALMOLIVE COMPANY,Consumer Staples,2026-09-11,-0.0222
CLX,THE CLOROX COMPANY,Consumer Staples,2026-09-11,-0.057
COST,COSTCO WHOLESALE ,Consumer Staples,2026-09-11,-0.012
DG,DOLLAR GENERAL ,Consumer Staples,2026-09-11,-0.0648
DLTR,"DOLLAR TREE, INC.",Consumer Staples,2026-09-11,-0.1008
EL,THE ESTEE LAUDER COMPANIES INC.,Consumer Staples,2026-09-11,-0.0649
GIS,"GENERAL MILLS, INC.",Consumer Staples,2026-09-11,-0.0637
HRL,HORMEL FOODS ,Consumer Staples,2026-09-11,-0.045
HSY,THE HERSHEY COMPANY,Consumer Staples,2026-09-11,0.001
KDP,KEURIG DR PEPPER INC.,Consumer Staples,2026-09-11,-0.0368
KHC,THE KRAFT HEINZ COMPANY,Consumer Staples,2026-09-11,-0.0101
KMB,KIMBERLY-CLARK ,Consumer Staples,2026-09-11,-0.0649
KO,THE COCA-COLA COMPANY,Consumer Staples,2026-09-11,0.0025
KR,THE KROGER CO.,Consumer Staples,2026-09-11,-0.0017
KVUE,KENVUE INC.,Consumer Staples,2026-09-11,-0.0512
MDLZ,"MONDELEZ INTERNATIONAL, INC.",Consumer Staples,2026-09-11,0.0189
MKC,"MCCORMICK & COMPANY, INC.",Consumer Staples,2026-09-11,-0.0146
MNST,MONSTER BEVERAGE ,Consumer Staples,2026-09-11,-0.0096
MO,"ALTRIA GROUP, INC.",Consumer Staples,2026-09-11,0.0015
PEP,"PEPSICO, INC.",Consumer Staples,2026-09-11,-0.0095
PG,THE PROCTER & GAMBLE COMPANY,Consumer Staples,2026-09-11,-0.008
PM,PHILIP MORRIS INTERNATIONAL INC.,Consumer Staples,2026-09-11,0.0467
SJM,THE J. M. SMUCKER COMPANY,Consumer Staples,2026-09-11,-0.0392
STZ,"CONSTELLATION BRANDS, INC.",Consumer Staples,2026-09-11,-0.0447
SYY,SYSCO ,Consumer Staples,2026-09-11,0.0395
TAP,MOLSON COORS BEVERAGE COMPANY,Consumer Staples,2026-09-11,-0.0388
TGT,TARGET ,Consumer Staples,2026-09-11,-0.0524
TSN,"TYSON FOODS, INC.",Consumer Staples,2026-09-11,0.0303
WMT,WALMART INC.,Consumer Staples,2026-09-11,0.0001
APA,APA ,Energy,2026-09-11,0.0458
BKR,BAKER HUGHES COMPANY,Energy,2026-09-11,-0.0699
COP,CONOCOPHILLIPS,Energy,2026-09-11,0.023
CVX,CHEVRON ,Energy,2026-09-11,0.0262
DVN,DEVON ENERGY ,Energy,2026-09-11,0.0452
EOG,"EOG RESOURCES, INC.",Energy,2026-09-11,0.0149
EQT,EQT ,Energy,2026-09-11,-0.0199
EXE,EXPAND ENERGY ,Energy,2026-09-11,-0.0315
FANG,"DIAMONDBACK ENERGY, INC.",Energy,2026-09-11,0.0289
HAL,HALLIBURTON COMPANY,Energy,2026-09-11,-0.0332
KMI,"KINDER MORGAN, INC.",Energy,2026-09-11,-0.0172
MPC,MARATHON PETROLEUM ,Energy,2026-09-11,0.0181
OKE,"ONEOK, INC.",Energy,2026-09-11,0.0125
OXY,OCCIDENTAL PETROLEUM ,Energy,2026-09-11,0.0237
PSX,PHILLIPS 66,Energy,2026-09-11,0.0172
SLB,SCHLUMBERGER N.V.,Energy,2026-09-11,-0.0252
TPL,TEXAS PACIFIC LAND ,Energy,2026-09-11,0.0184
TRGP,TARGA RESOURCES CORP.,Energy,2026-09-11,0.0007
VLO,VALERO ENERGY ,Energy,2026-09-11,0.0531
WMB,"THE WILLIAMS COMPANIES, INC.",Energy,2026-09-11,-0.0175
XOM,EXXON MOBIL ,Energy,2026-09-11,0.0409
UNG,UNITED STATES NAT GAS,Energy Complex,2026-09-11,-0.0369
USO,UNITED STATES OIL FUND,Energy Complex,2026-09-11,0.0912
ACGL,ARCH CAPITAL GROUP LTD.,Financials,2026-09-11,-0.0205
AFL,AFLAC INC.,Financials,2026-09-11,-0.0165
AIG,"AMERICAN INTERNATIONAL GROUP, INC.",Financials,2026-09-11,-0.0115
AIZ,"ASSURANT, INC.",Financials,2026-09-11,-0.0115
AJG,ARTHUR J. GALLAGHER & CO.,Financials,2026-09-11,-0.0852
ALL,THE ALLSTATE ,Financials,2026-09-11,-0.0226
AMP,"AMERIPRISE FINANCIAL, INC.",Financials,2026-09-11,-0.0053
AON,AON PLC,Financials,2026-09-11,-0.0631
APO,"APOLLO GLOBAL MANAGEMENT, INC.",Financials,2026-09-11,-0.0351
ARES,ARES MANAGEMENT CORP,Financials,2026-09-11,-0.0607
AXP,AMERICAN EXPRESS COMPANY,Financials,2026-09-11,-0.0045
BAC,BANK OF AMERICA ,Financials,2026-09-11,0.0002
BEN,"FRANKLIN RESOURCES, INC.",Financials,2026-09-11,-0.0311
BLK,"BLACKROCK, INC.",Financials,2026-09-11,-0.038
BNY,THE BANK OF NEW YORK MELLON ,Financials,2026-09-11,-0.0132
BRK.B,"BERKSHIRE HATHAWAY INC.,",Financials,2026-09-11,0.0086
BRO,"BROWN & BROWN, INC.",Financials,2026-09-11,-0.0732
BX,BLACKSTONE INC,Financials,2026-09-11,-0.0561
C,CITIGROUP INC.,Financials,2026-09-11,0.008
CB,CHUBB LTD,Financials,2026-09-11,-0.0098
CBOE,"CBOE GLOBAL MARKETS, INC.",Financials,2026-09-11,-0.0581
CFG,"CITIZENS FINANCIAL GROUP, INC.",Financials,2026-09-11,-0.0042
CINF,CINCINNATI FINANCIAL ,Financials,2026-09-11,-0.0076
CME,CME GROUP INC.,Financials,2026-09-11,-0.0204
COF,CAPITAL ONE FINANCIAL ,Financials,2026-09-11,-0.0515
COIN,"COINBASE GLOBAL, INC.",Financials,2026-09-11,-0.0508
CPAY,"FLEETCOR TECHNOLOGIES, INC.",Financials,2026-09-11,-0.0196
EG,"EVEREST GROUP, LTD.",Financials,2026-09-11,-0.0241
ERIE,ERIE INDEMNITY COMPANY,Financials,2026-09-11,-0.0307
FDS,FACTSET RESEARCH SYSTEMS INC.,Financials,2026-09-11,-0.1399
FIS,FIDELITY NATIONAL INFORMATION SERVICES,Financials,2026-09-11,-0.0895
FISV,"FISERV, INC.",Financials,2026-09-11,-0.0268
FITB,FIFTH THIRD BANCORP,Financials,2026-09-11,-0.0027
GL,GLOBE LIFE INC.,Financials,2026-09-11,-0.0178
GPN,GLOBAL PAYMENTS INC.,Financials,2026-09-11,-0.0459
GS,"THE GOLDMAN SACHS GROUP, INC.",Financials,2026-09-11,-0.0091
HBAN,HUNTINGTON BANCSHARES INC.,Financials,2026-09-11,-0.01
HIG,THE HARTFORD FINANCIAL SERVICES GROUP,Financials,2026-09-11,-0.0145
HOOD,"ROBINHOOD MARKETS, INC.",Financials,2026-09-11,-0.0781
IBKR,"INTERACTIVE BROKERS GROUP, INC.",Financials,2026-09-11,-0.0135
ICE,"INTERCONTINENTAL EXCHANGE, INC.",Financials,2026-09-11,-0.0239
IVZ,INVESCO LTD.,Financials,2026-09-11,-0.0239
JKHY,"JACK HENRY & ASSOCIATES, INC.",Financials,2026-09-11,-0.0273
JPM,JPMORGAN CHASE & CO.,Financials,2026-09-11,-0.0067
KEY,KEYCORP,Financials,2026-09-11,-0.0153
KKR,KKR & CO. INC.,Financials,2026-09-11,-0.0617
L,LOEWS ,Financials,2026-09-11,-0.0047
MA,MASTERCARD INC..,Financials,2026-09-11,-0.0173
MCO,MOODY'S ,Financials,2026-09-11,-0.0377
MET,"METLIFE, INC.",Financials,2026-09-11,-0.0049
MRSH,"MARSH & MCLENNAN COMPANIES, INC.",Financials,2026-09-11,-0.0475
MS,MORGAN STANLEY,Financials,2026-09-11,-0.0153
MSCI,MSCI INC.,Financials,2026-09-11,-0.0321
MTB,M&T BANK ,Financials,2026-09-11,-0.0
NDAQ,"NASDAQ, INC.",Financials,2026-09-11,-0.0587
NTRS,NORTHERN TRUST ,Financials,2026-09-11,0.0137
PFG,"PRINCIPAL FINANCIAL GROUP, INC.",Financials,2026-09-11,-0.0044
PGR,THE PROGRESSIVE ,Financials,2026-09-11,-0.0061
PNC,"THE PNC FINANCIAL SERVICES GROUP, INC.",Financials,2026-09-11,-0.0055
PRU,"PRUDENTIAL FINANCIAL, INC.",Financials,2026-09-11,-0.0228
PYPL,"PAYPAL HOLDINGS, INC.",Financials,2026-09-11,-0.0226
RF,REGIONS FINANCIAL ,Financials,2026-09-11,-0.0095
RJF,"RAYMOND JAMES FINANCIAL, INC.",Financials,2026-09-11,-0.0271
SCHW,THE CHARLES SCHWAB ,Financials,2026-09-11,-0.0187
SPGI,S&P GLOBAL INC.,Financials,2026-09-11,-0.074
STT,STATE STREET ,Financials,2026-09-11,-0.0044
SYF,SYNCHRONY FINANCIAL,Financials,2026-09-11,-0.0492
TFC,TRUIST FINANCIAL ,Financials,2026-09-11,-0.0242
TROW,"T. ROWE PRICE GROUP, INC.",Financials,2026-09-11,-0.0318
TRV,"THE TRAVELERS COMPANIES, INC.",Financials,2026-09-11,0.0158
USB,U.S. BANCORP,Financials,2026-09-11,-0.0084
V,VISA INC.,Financials,2026-09-11,-0.0123
WFC,WELLS FARGO & COMPANY,Financials,2026-09-11,0.0036
WRB,W. R. BERKLEY ,Financials,2026-09-11,0.011
WTW,WILLIS TOWERS WATSON,Financials,2026-09-11,-0.0571
XYZ,"BLOCK, INC.",Financials,2026-09-11,-0.0429
GLD,SPDR GOLD,Gold,2026-09-11,-0.0197
A,"AGILENT TECHNOLOGIES, INC.",Health Care,2026-09-11,-0.0261
ABBV,ABBVIE INC.,Health Care,2026-09-11,0.0026
ABT,ABBOTT LABORATORIES,Health Care,2026-09-11,-0.0589
ALGN,"ALIGN TECHNOLOGY, INC.",Health Care,2026-09-11,-0.0493
AMGN,AMGEN INC.,Health Care,2026-09-11,-0.137
BAX,BAXTER INTERNATIONAL INC.,Health Care,2026-09-11,-0.0786
BDX,"BECTON, DICKINSON AND COMPANY",Health Care,2026-09-11,-0.0373
BIIB,BIOGEN INC.,Health Care,2026-09-11,-0.0167
BMY,BRISTOL-MYERS SQUIBB COMPANY,Health Care,2026-09-11,-0.0476
BSX,BOSTON SCIENTIFIC ,Health Care,2026-09-11,-0.1008
CAH,"CARDINAL HEALTH, INC.",Health Care,2026-09-11,-0.051
CI,THE CIGNA GROUP,Health Care,2026-09-11,-0.0062
CNC,CENTENE ,Health Care,2026-09-11,-0.0092
COO,"THE COOPER COMPANIES, INC.",Health Care,2026-09-11,-0.2253
COR,"CENCORA, INC.",Health Care,2026-09-11,-0.0283
CRL,CHARLES RIVER LABORATORIES,Health Care,2026-09-11,-0.0355
CVS,CVS HEALTH ,Health Care,2026-09-11,-0.0215
DGX,QUEST DIAGNOSTICS INC.,Health Care,2026-09-11,-0.0089
DHR,DANAHER ,Health Care,2026-09-11,-0.0362
DVA,DAVITA INC.,Health Care,2026-09-11,-0.0133
DXCM,"DEXCOM, INC.",Health Care,2026-09-11,-0.0554
ELV,"ELEVANCE HEALTH, INC.",Health Care,2026-09-11,0.0275
EW,EDWARDS LIFESCIENCES ,Health Care,2026-09-11,-0.0615
GEHC,GE HEALTHCARE TECHNOLOGIES INC.,Health Care,2026-09-11,-0.0716
GILD,"GILEAD SCIENCES, INC.",Health Care,2026-09-11,-0.0482
HCA,"HCA HEALTHCARE, INC.",Health Care,2026-09-11,0.0542
HSIC,"HENRY SCHEIN, INC.",Health Care,2026-09-11,-0.0161
HUM,HUMANA INC.,Health Care,2026-09-11,0.0206
IDXX,"IDEXX LABORATORIES, INC.",Health Care,2026-09-11,-0.0573
INCY,INCYTE ,Health Care,2026-09-11,-0.0417
IQV,IQVIA HOLDINGS INC,Health Care,2026-09-11,-0.0224
ISRG,"INTUITIVE SURGICAL, INC.",Health Care,2026-09-11,0.0067
JNJ,JOHNSON & JOHNSON,Health Care,2026-09-11,-0.0351
LH,LABORATORY  OF AMERICA HOLDINGS,Health Care,2026-09-11,-0.047
LLY,ELI LILLY AND COMPANY,Health Care,2026-09-11,-0.0293
MCK,MCKESSON ,Health Care,2026-09-11,-0.0292
MDT,MEDTRONIC PUBLIC LIMITED COMPANY,Health Care,2026-09-11,-0.0341
MRK,"MERCK & CO., INC.",Health Care,2026-09-11,-0.0426
MRNA,"MODERNA, INC.",Health Care,2026-09-11,-0.0109
MTD,METTLER-TOLEDO INTERNATIONAL INC.,Health Care,2026-09-11,-0.0385
PFE,PFIZER INC.,Health Care,2026-09-11,-0.0257
PODD,INSULET ,Health Care,2026-09-11,-0.1052
REGN,"REGENERON PHARMACEUTICALS, INC.",Health Care,2026-09-11,-0.0559
RMD,RESMED INC.,Health Care,2026-09-11,-0.0441
RVTY,"REVVITY, INC.",Health Care,2026-09-11,-0.0454
SOLV,SOLVENTUM ,Health Care,2026-09-11,-0.0462
STE,STERIS PUBLIC LIMITED COMPANY,Health Care,2026-09-11,-0.0616
SYK,STRYKER ,Health Care,2026-09-11,-0.091
TECH,BIO-TECHNE ,Health Care,2026-09-11,-0.0043
TMO,THERMO FISHER SCIENTIFIC INC.,Health Care,2026-09-11,-0.0065
UHS,"UNIVERSAL HEALTH SERVICES, INC.",Health Care,2026-09-11,0.0305
UNH,UNITEDHEALTH GROUP INC.,Health Care,2026-09-11,-0.0454
VEEV,VEEVA SYSTEMS INC.,Health Care,2026-09-11,-0.0461
VRTX,VERTEX PHARMACEUTICALS INC.,Health Care,2026-09-11,-0.0562
VTRS,VIATRIS INC.,Health Care,2026-09-11,-0.0219
WAT,WATERS ,Health Care,2026-09-11,-0.0025
WST,"WEST PHARMACEUTICAL SERVICES, INC.",Health Care,2026-09-11,0.0184
ZBH,"ZIMMER BIOMET HOLDINGS, INC.",Health Care,2026-09-11,-0.0467
ZTS,ZOETIS INC.,Health Care,2026-09-11,-0.0375
ADP,"AUTOMATIC DATA PROCESSING, INC.",Industrials,2026-09-11,-0.0337
ALLE,ALLEGION PUBLIC LIMITED COMPANY,Industrials,2026-09-11,-0.024
AME,"AMETEK, INC.",Industrials,2026-09-11,0.0175
AOS,A. O. SMITH ,Industrials,2026-09-11,-0.0511
AXON,"AXON ENTERPRISE, INC.",Industrials,2026-09-11,-0.0705
BA,THE BOEING COMPANY,Industrials,2026-09-11,-0.0085
BLDR,"BUILDERS FIRSTSOURCE, INC.",Industrials,2026-09-11,-0.0824
BR,"BROADRIDGE FINANCIAL SOLUTIONS, INC.",Industrials,2026-09-11,-0.0297
CARR,CARRIER GLOBAL ,Industrials,2026-09-11,-0.0377
CAT,CATERPILLAR INC.,Industrials,2026-09-11,0.0057
CHRW,"C.H. ROBINSON WORLDWIDE, INC.",Industrials,2026-09-11,0.0348
CMI,CUMMINS INC.,Industrials,2026-09-11,-0.0071
CPRT,"COPART, INC.",Industrials,2026-09-11,-0.1118
CSX,CSX ,Industrials,2026-09-11,-0.0093
CTAS,CINTAS ,Industrials,2026-09-11,0.0051
DAL,"DELTA AIR LINES, INC.",Industrials,2026-09-11,-0.0032
DE,DEERE & COMPANY,Industrials,2026-09-11,-0.0257
DOV,DOVER ,Industrials,2026-09-11,-0.0199
EFX,EQUIFAX INC.,Industrials,2026-09-11,-0.0455
EME,"EMCOR GROUP, INC.",Industrials,2026-09-11,0.0351
EMR,EMERSON ELECTRIC CO.,Industrials,2026-09-11,-0.0041
ETN,EATON  PUBLIC LIMITED COMPANY,Industrials,2026-09-11,0.0353
EXPD,EXPEDITORS INTERNATIONAL OF WASHINGTON,Industrials,2026-09-11,0.0201
FAST,FASTENAL COMPANY,Industrials,2026-09-11,-0.0056
FDX,FEDEX ,Industrials,2026-09-11,-0.0326
FERG,FERGUSON ENTERPRISES INC.,Industrials,2026-09-11,-0.0257
FIX,"COMFORT SYSTEMS USA, INC.",Industrials,2026-09-11,0.05
FTV,FORTIVE ,Industrials,2026-09-11,-0.0395
GD,GENERAL DYNAMICS ,Industrials,2026-09-11,-0.0097
GE,GENERAL ELECTRIC COMPANY,Industrials,2026-09-11,-0.0399
GEV,GE VERNOVA INC.,Industrials,2026-09-11,0.0163
GNRC,GENERAC HOLDINGS INC.,Industrials,2026-09-11,-0.0019
GWW,"W.W. GRAINGER, INC.",Industrials,2026-09-11,-0.0336
HII,"HUNTINGTON INGALLS INDUSTRIES, INC.",Industrials,2026-09-11,-0.0218
HON,HONEYWELL INTERNATIONAL INC.,Industrials,2026-09-11,-0.0346
HUBB,HUBBELL INC.,Industrials,2026-09-11,-0.0007
HWM,HOWMET AEROSPACE INC.,Industrials,2026-09-11,-0.1144
IEX,IDEX ,Industrials,2026-09-11,0.0021
IR,INGERSOLL RAND INC.,Industrials,2026-09-11,-0.0449
ITW,ILLINOIS TOOL WORKS INC.,Industrials,2026-09-11,-0.0073
J,JACOBS SOLUTIONS INC.,Industrials,2026-09-11,-0.03
JBHT,"J. B. HUNT TRANSPORT SERVICES, INC.",Industrials,2026-09-11,-0.0121
JCI,JOHNSON CONTROLS INTERNATIONAL PLC,Industrials,2026-09-11,0.0074
LDOS,"LEIDOS HOLDINGS, INC.",Industrials,2026-09-11,-0.0315
LHX,"L3HARRIS TECHNOLOGIES, INC.",Industrials,2026-09-11,-0.0425
LII,LENNOX INTERNATIONAL INC.,Industrials,2026-09-11,-0.0627
LMT,LOCKHEED MARTIN ,Industrials,2026-09-11,-0.0021
LUV,SOUTHWEST AIRLINES CO.,Industrials,2026-09-11,-0.0096
MAS,MASCO ,Industrials,2026-09-11,-0.0575
MMM,3M COMPANY,Industrials,2026-09-11,-0.0213
NDSN,NORDSON ,Industrials,2026-09-11,-0.0122
NOC,NORTHROP GRUMMAN ,Industrials,2026-09-11,0.0077
NSC,NORFOLK SOUTHERN ,Industrials,2026-09-11,-0.0279
ODFL,"OLD DOMINION FREIGHT LINE, INC.",Industrials,2026-09-11,-0.0327
OTIS,OTIS WORLDWIDE ,Industrials,2026-09-11,-0.0296
PAYX,"PAYCHEX, INC.",Industrials,2026-09-11,-0.0486
PCAR,PACCAR INC,Industrials,2026-09-11,-0.0158
PH,PARKER-HANNIFIN ,Industrials,2026-09-11,-0.0128
PNR,PENTAIR PUBLIC LIMITED COMPANY,Industrials,2026-09-11,-0.0603
PWR,"QUANTA SERVICES, INC.",Industrials,2026-09-11,0.0419
ROK,"ROCKWELL AUTOMATION, INC.",Industrials,2026-09-11,-0.0125
ROL,"ROLLINS, INC.",Industrials,2026-09-11,-0.0315
RSG,"REPUBLIC SERVICES, INC.",Industrials,2026-09-11,0.0001
RTX,RTX ,Industrials,2026-09-11,-0.0155
SNA,SNAP-ON INC.,Industrials,2026-09-11,-0.0197
SWK,"STANLEY BLACK & DECKER, INC.",Industrials,2026-09-11,-0.0834
TDG,TRANSDIGM GROUP INC.,Industrials,2026-09-11,-0.0187
TT,TRANE TECHNOLOGIES PLC,Industrials,2026-09-11,-0.012
TXT,TEXTRON INC.,Industrials,2026-09-11,0.0244
UAL,"UNITED AIRLINES HOLDINGS, INC.",Industrials,2026-09-11,-0.014
UBER,"UBER TECHNOLOGIES, INC.",Industrials,2026-09-11,-0.054
UNP,UNION PACIFIC ,Industrials,2026-09-11,-0.018
UPS,"UNITED PARCEL SERVICE, INC.",Industrials,2026-09-11,-0.0197
URI,"UNITED RENTALS, INC.",Industrials,2026-09-11,-0.0205
VLTO,VERALTO ,Industrials,2026-09-11,-0.0229
VRSK,"VERISK ANALYTICS, INC.",Industrials,2026-09-11,-0.0516
VRT,VERTIV HOLDINGS CO,Industrials,2026-09-11,-0.0837
WAB,WESTINGHOUSE AIR BRAKE TECHNOLOGIES ,Industrials,2026-09-11,0.0013
WM,"WASTE MANAGEMENT, INC.",Industrials,2026-09-11,-0.0253
XYL,XYLEM INC.,Industrials,2026-09-11,0.012
AAPL,APPLE INC.,Information Technology,2026-09-11,0.0384
ACN,ACCENTURE PUBLIC LIMITED COMPANY,Information Technology,2026-09-11,-0.0151
ADBE,ADOBE INC.,Information Technology,2026-09-11,-0.0536
ADI,"ANALOG DEVICES, INC.",Information Technology,2026-09-11,0.0456
ADSK,"AUTODESK, INC.",Information Technology,2026-09-11,-0.0252
AKAM,"AKAMAI TECHNOLOGIES, INC.",Information Technology,2026-09-11,0.0149
AMAT,"APPLIED MATERIALS, INC.",Information Technology,2026-09-11,0.0039
AMD,"ADVANCED MICRO DEVICES, INC.",Information Technology,2026-09-11,0.0807
ANET,"ARISTA NETWORKS, INC.",Information Technology,2026-09-11,0.03
APH,AMPHENOL ,Information Technology,2026-09-11,0.0138
APP,APPLOVIN CORP,Information Technology,2026-09-11,0.0106
AVGO,BROADCOM INC.,Information Technology,2026-09-11,0.0114
CDNS,"CADENCE DESIGN SYSTEMS, INC.",Information Technology,2026-09-11,-0.0114
CDW,CDW ,Information Technology,2026-09-11,0.0093
CIEN,CIENA CORPORATION,Information Technology,2026-09-11,0.0889
COHR,COHERENT CORP.,Information Technology,2026-09-11,0.0834
CRM,"SALESFORCE, INC.",Information Technology,2026-09-11,-0.0444
CRWD,"CROWDSTRIKE HOLDINGS, INC.",Information Technology,2026-09-11,-0.0298
CSCO,"CISCO SYSTEMS, INC.",Information Technology,2026-09-11,0.0268
CTSH,COGNIZANT TECHNOLOGY SOLUTIONS ,Information Technology,2026-09-11,-0.0371
DDOG,"DATADOG, INC.",Information Technology,2026-09-11,0.0389
DELL,DELL TECHNOLOGIES INC.,Information Technology,2026-09-11,0.0823
EPAM,"EPAM SYSTEMS, INC.",Information Technology,2026-09-11,0.0074
FFIV,"F5, INC.",Information Technology,2026-09-11,0.0544
FICO,FAIR ISAAC ,Information Technology,2026-09-11,0.057
FLEX,FLEX LTD.,Information Technology,2026-09-11,0.0573
FSLR,"FIRST SOLAR, INC.",Information Technology,2026-09-11,0.0224
FTNT,"FORTINET, INC.",Information Technology,2026-09-11,-0.0014
GDDY,GODADDY INC.,Information Technology,2026-09-11,-0.032
GEN,GEN DIGITAL INC.,Information Technology,2026-09-11,-0.0127
GLW,CORNING INC.,Information Technology,2026-09-11,0.0784
HPE,HEWLETT PACKARD ENTERPRISE COMPANY,Information Technology,2026-09-11,0.194
HPQ,HP INC.,Information Technology,2026-09-11,0.087
IBM,INTERNATIONAL BUSINESS MACHINES ,Information Technology,2026-09-11,0.0358
INTC,INTEL ,Information Technology,2026-09-11,0.0745
INTU,INTUIT INC.,Information Technology,2026-09-11,-0.0335
IT,"GARTNER, INC.",Information Technology,2026-09-11,-0.0366
JBL,JABIL INC.,Information Technology,2026-09-11,0.0242
KEYS,"KEYSIGHT TECHNOLOGIES, INC.",Information Technology,2026-09-11,0.0349
KLAC,KLA ,Information Technology,2026-09-11,-0.0267
LITE,LUMENTUM HOLDINGS INC.,Information Technology,2026-09-11,0.0519
LRCX,LAM RESEARCH ,Information Technology,2026-09-11,-0.0307
MCHP,MICROCHIP TECHNOLOGY INC.,Information Technology,2026-09-11,0.0004
MPWR,"MONOLITHIC POWER SYSTEMS, INC.",Information Technology,2026-09-11,0.0087
MRVL,"MARVELL TECHNOLOGY, INC.",Information Technology,2026-09-11,0.0561
MSFT,MICROSOFT ,Information Technology,2026-09-11,-0.0081
MSI,"MOTOROLA SOLUTIONS, INC.",Information Technology,2026-09-11,-0.004
MU,"MICRON TECHNOLOGY, INC.",Information Technology,2026-09-11,-0.0407
NOW,"SERVICENOW, INC.",Information Technology,2026-09-11,-0.0618
NTAP,"NETAPP, INC.",Information Technology,2026-09-11,0.0738
NVDA,NVIDIA ,Information Technology,2026-09-11,-0.0524
NXPI,NXP SEMICONDUCTORS NV,Information Technology,2026-09-11,0.0385
ON,ON SEMICONDUCTOR ,Information Technology,2026-09-11,0.0237
ORCL,ORACLE ,Information Technology,2026-09-11,-0.0535
PANW,"PALO ALTO NETWORKS, INC.",Information Technology,2026-09-11,-0.0078
PLTR,PALANTIR TECHNOLOGIES INC.,Information Technology,2026-09-11,-0.0407
PTC,PTC INC.,Information Technology,2026-09-11,-0.0726
Q,"QNITY ELECTRONICS, INC.",Information Technology,2026-09-11,0.0492
QCOM,QUALCOMM INC.,Information Technology,2026-09-11,0.0784
ROP,"ROPER TECHNOLOGIES, INC.",Information Technology,2026-09-11,-0.0461
SMCI,"SUPER MICRO COMPUTER, INC.",Information Technology,2026-09-11,0.0129
SNDK,SANDISK CORPORATION,Information Technology,2026-09-11,-0.0613
SNPS,"SYNOPSYS, INC.",Information Technology,2026-09-11,0.009
STX,SEAGATE TECHNOLOGY HOLDINGS,Information Technology,2026-09-11,-0.0225
SWKS,"SKYWORKS SOLUTIONS, INC.",Information Technology,2026-09-11,0.1936
TDY,TELEDYNE TECHNOLOGIES INC.,Information Technology,2026-09-11,-0.0112
TEL,TE CONNECTIVITY LTD,Information Technology,2026-09-11,0.0159
TER,"TERADYNE, INC.",Information Technology,2026-09-11,0.0636
TRMB,TRIMBLE INC.,Information Technology,2026-09-11,-0.0304
TXN,TEXAS INSTRUMENTS INC.,Information Technology,2026-09-11,0.0397
TYL,"TYLER TECHNOLOGIES, INC.",Information Technology,2026-09-11,-0.0752
VRSN,"VERISIGN, INC.",Information Technology,2026-09-11,0.0022
WDAY,"WORKDAY, INC.",Information Technology,2026-09-11,-0.0515
WDC,WESTERN DIGITAL ,Information Technology,2026-09-11,-0.0434
ZBRA,ZEBRA TECHNOLOGIES ,Information Technology,2026-09-11,-0.0341
ALB,ALBEMARLE ,Materials,2026-09-11,-0.0694
AMCR,AMCOR PLC,Materials,2026-09-11,-0.0627
APD,"AIR PRODUCTS AND CHEMICALS, INC.",Materials,2026-09-11,-0.0327
AVY,AVERY DENNISON ,Materials,2026-09-11,-0.0324
BALL,BALL ,Materials,2026-09-11,-0.0442
CF,"CF INDUSTRIES HOLDINGS, INC.",Materials,2026-09-11,-0.0021
CRH,CRH PUBLIC LIMITED COMPANY,Materials,2026-09-11,-0.0606
CTVA,"CORTEVA, INC.",Materials,2026-09-11,-0.0451
DD,"DUPONT DE NEMOURS, INC.",Materials,2026-09-11,-0.035
DOW,DOW INC.,Materials,2026-09-11,-0.0139
ECL,ECOLAB INC.,Materials,2026-09-11,-0.0111
FCX,FREEPORT-MCMORAN INC.,Materials,2026-09-11,-0.0228
IFF,INTERNATIONAL FLAVORS & FRAGRANCES INC.,Materials,2026-09-11,-0.0317
IP,INTERNATIONAL PAPER COMPANY,Materials,2026-09-11,-0.0773
LIN,LINDE PUBLIC LIMITED COMPANY,Materials,2026-09-11,-0.0238
LYB,LYONDELLBASELL INDUSTRIES NV,Materials,2026-09-11,0.0027
MLM,"MARTIN MARIETTA MATERIALS, INC.",Materials,2026-09-11,-0.0093
MOS,THE MOSAIC COMPANY,Materials,2026-09-11,-0.0255
NEM,NEWMONT ,Materials,2026-09-11,-0.01
NUE,NUCOR ,Materials,2026-09-11,-0.0063
PKG,PACKAGING  OF AMERICA,Materials,2026-09-11,-0.012
PPG,"PPG INDUSTRIES, INC.",Materials,2026-09-11,-0.0625
SHW,THE SHERWIN-WILLIAMS COMPANY,Materials,2026-09-11,-0.0312
STLD,"STEEL DYNAMICS, INC.",Materials,2026-09-11,-0.0094
SW,SMURFIT WESTROCK PUBLIC LIMITED COMPANY,Materials,2026-09-11,-0.0569
VMC,VULCAN MATERIALS COMPANY,Materials,2026-09-11,-0.0377
AMT,AMERICAN TOWER ,Real Estate,2026-09-11,0.0114
ARE,"ALEXANDRIA REAL ESTATE EQUITIES, INC.",Real Estate,2026-09-11,-0.0287
BXP,"BOSTON PROPERTIES, INC.",Real Estate,2026-09-11,-0.0442
CBRE,"CBRE GROUP, INC.",Real Estate,2026-09-11,-0.0496
CCI,CROWN CASTLE INC.,Real Estate,2026-09-11,-0.0028
CPT,CAMDEN PROPERTY TRUST,Real Estate,2026-09-11,-0.0254
CSGP,"COSTAR GROUP, INC.",Real Estate,2026-09-11,-0.0146
DLR,"DIGITAL REALTY TRUST, INC.",Real Estate,2026-09-11,0.001
DOC,"HEALTHDOC PROPERTIES, INC.",Real Estate,2026-09-11,-0.0169
EQIX,"EQUINIX, INC.",Real Estate,2026-09-11,0.0017
EQR,EQUITY RESIDENTIAL,Real Estate,2026-09-11,0.0029
ESS,"ESSEX PROPERTY TRUST, INC.",Real Estate,2026-09-11,-0.0205
EXR,EXTRA SPACE STORAGE INC.,Real Estate,2026-09-11,-0.0116
FRT,FEDERAL REALTY INVESTMENT TRUST,Real Estate,2026-09-11,-0.0233
HST,"HOST HOTELS & RESORTS, INC.",Real Estate,2026-09-11,0.0086
INVH,INVITATION HOMES INC.,Real Estate,2026-09-11,-0.0299
IRM,IRON MOUNTAIN INC.,Real Estate,2026-09-11,-0.0144
KIM,KIMCO REALTY .,Real Estate,2026-09-11,-0.0174
MAA,"MID-AMERICA APARTMENT COMMUNITIES, INC.",Real Estate,2026-09-11,-0.0275
O,REALTY INCOME ,Real Estate,2026-09-11,-0.0286
PLD,"PROLOGIS, INC.",Real Estate,2026-09-11,-0.0116
PSA,PUBLIC STORAGE.,Real Estate,2026-09-11,-0.0182
REG,REGENCY CENTERS ,Real Estate,2026-09-11,-0.0085
SBAC,SBA COMMUNICATIONS ,Real Estate,2026-09-11,-0.021
SPG,"SIMON PROPERTY GROUP, INC.",Real Estate,2026-09-11,-0.022
UDR,"UDR, INC.",Real Estate,2026-09-11,-0.0346
VICI,VICI PROPERTIES INC.,Real Estate,2026-09-11,-0.0232
VTR,"VENTAS, INC.",Real Estate,2026-09-11,-0.0031
WELL,WELLTOWER INC.,Real Estate,2026-09-11,-0.0023
WY,WEYERHAEUSER COMPANY,Real Estate,2026-09-11,-0.0417
DXY,US DOLLAR INDEX,USD,2026-09-11,-0.0007
AEE,AMEREN ,Utilities,2026-09-11,-0.0147
AEP,"AMERICAN ELECTRIC POWER COMPANY, INC.",Utilities,2026-09-11,-0.0094
AES,THE AES ,Utilities,2026-09-11,0.0
ATO,ATMOS ENERGY ,Utilities,2026-09-11,-0.0261
AWK,"AMERICAN WATER WORKS COMPANY, INC.",Utilities,2026-09-11,-0.0214
CEG,CONSTELLATION ENERGY,Utilities,2026-09-11,-0.0475
CMS,CMS ENERGY ,Utilities,2026-09-11,-0.0191
CNP,"CENTERPOINT ENERGY, INC.",Utilities,2026-09-11,-0.0141
D,"DOMINION ENERGY, INC.",Utilities,2026-09-11,-0.0225
DTE,DTE ENERGY COMPANY,Utilities,2026-09-11,-0.0257
DUK,DUKE ENERGY ,Utilities,2026-09-11,-0.0067
ED,"CONSOLIDATED EDISON, INC.",Utilities,2026-09-11,-0.0077
EIX,EDISON INTERNATIONAL,Utilities,2026-09-11,-0.0136
ES,EVERSOURCE ENERGY,Utilities,2026-09-11,-0.0356
ETR,ENTERGY ,Utilities,2026-09-11,-0.0181
EVRG,"EVERGY, INC.",Utilities,2026-09-11,0.001
EXC,EXELON ,Utilities,2026-09-11,-0.011
FE,FIRSTENERGY CORP.,Utilities,2026-09-11,-0.0137
LNT,ALLIANT ENERGY ,Utilities,2026-09-11,-0.0104
NEE,"NEXTERA ENERGY, INC.",Utilities,2026-09-11,-0.0134
NI,NISOURCE INC.,Utilities,2026-09-11,0.0005
NRG,"NRG ENERGY, INC.",Utilities,2026-09-11,-0.0467
PCG,PG&E ,Utilities,2026-09-11,-0.035
PEG,PUBLIC SERVICE ENTERPRISE GROUP INC.,Utilities,2026-09-11,-0.0178
PNW,PINNACLE WEST CAPITAL ,Utilities,2026-09-11,-0.0146
PPL,PPL ,Utilities,2026-09-11,-0.0293
SO,THE SOUTHERN COMPANY,Utilities,2026-09-11,-0.0107
SRE,SEMPRA,Utilities,2026-09-11,-0.0083
VST,VISTRA CORP.,Utilities,2026-09-11,-0.0062
WEC,"WEC ENERGY GROUP, INC.",Utilities,2026-09-11,-0.0058
XEL,XCEL ENERGY INC.,Utilities,2026-09-11,-0.0029
FVX,5 YR TSY YLD NDX,Yields,2026-09-11,0.0527
TNX,10 Y TSY YLD NDX,Yields,2026-09-11,0.0397
TYX,30 Y TSY YLD NDX,Yields,2026-09-11,0.019
ASC,ARDMORE SHIPPING ,,2026-09-11,0.0275
BTC=F,BITCOIN FUTURES,,2026-09-11,-0.0337
BTI,BRITISH AMERICAN TOBACCO P.L.C.,,2026-09-11,-0.002
BTU,PEABODY ENERGY ,,2026-09-11,-0.0222
CALM,"CAL-MAINE FOODS, INC.",,2026-09-11,-0.0087
CANE,TEUCRIUM:SUGAR,,2026-09-11,0.0088
CCJ,CAMECO ,,2026-09-11,-0.0403
CMBT,CMB.TECH NV,,2026-09-11,-0.0005
CMRE,COSTAMARE INC.,,2026-09-11,-0.0174
CNR,"CORE NATURAL RESOURCES, INC.",,2026-09-11,-0.0216
COMT,ISHARES:GSCI COMM DYN RS,,2026-09-11,0.0434
CORN,TEUCRIUM:CORN,,2026-09-11,-0.0075
CPER,UNITED STATES COPPER IDX,,2026-09-11,-0.0193
CRESY,CRESUD INC.,,2026-09-11,0.0058
DBA,INVESCO DB MS AGRI,,2026-09-11,0.0028
DBB,INVESCO DB MS BMTL,,2026-09-11,-0.0132
DBC,INVESCO DB CM IDX,,2026-09-11,0.0395
DHT,"DHT HOLDINGS, INC.",,2026-09-11,0.0541
DIA,SPDR DOW JONES INDUS AVG,,2026-09-11,-0.0155
DJI,DOW JONES INDUSTRIAL AVG INDEX,,2026-09-11,-0.0157
EC,ECOPETROL SA,,2026-09-11,0.029
ECH,ISHARES:MSCI CHILE,,2026-09-11,-0.0333
EDEN,ISHARES:MSCI DENMARK,,2026-09-11,-0.0308
EFNL,ISHARES:MSCI FINLAND,,2026-09-11,0.0164
EIDO,ISHARES:MSCI INDONESIA,,2026-09-11,-0.0237
EIRL,ISHARES:MSCI IRELAND,,2026-09-11,-0.0051
EIS,ISHARES:MSCI ISRAEL,,2026-09-11,-0.0205
ENZL,ISHARES:MSCI NEW ZLND,,2026-09-11,-0.0462
EPHE,ISHARES:MSCI PHILIPPINES,,2026-09-11,-0.0054
EPOL,ISHARES:MSCI POLAND,,2026-09-11,0.0098
EPU,ISHARES:MSCI PERU,,2026-09-11,-0.0157
ES=F,E-MINI S&P 500 FUTURES,,2026-09-11,-0.007
EWA,ISHARES:MSCI AUSTRALIA,,2026-09-11,-0.0318
EWC,ISHARES:MSCI CANADA,,2026-09-11,-0.0235
EWD,ISHARES:MSCI SWEDEN,,2026-09-11,-0.0233
EWG,ISHARES:MSCI GERMANY,,2026-09-11,-0.0232
EWH,ISHARES:MSCI HONG KONG,,2026-09-11,-0.0293
EWI,ISHARES:MSCI ITALY,,2026-09-11,0.0016
EWJ,ISHARES:MSCI JAPAN,,2026-09-11,0.0028
EWK,ISHARES:MSCI BELGIUM,,2026-09-11,-0.0295
EWL,ISHARES:MSCI SWITZERLAND,,2026-09-11,-0.0448
EWM,ISHARES:MSCI MALAYSIA,,2026-09-11,-0.0139
EWN,ISHARES:MSCI NETHERLANDS,,2026-09-11,-0.0184
EWO,ISHARES:MSCI AUSTRIA,,2026-09-11,-0.0096
EWP,ISHARES:MSCI SPAIN,,2026-09-11,-0.0097
EWQ,ISHARES:MSCI FRANCE,,2026-09-11,-0.0166
EWS,ISHARES:MSCI SINGAPORE,,2026-09-11,-0.0275
EWT,ISHARES:MSCI TAIWAN,,2026-09-11,-0.0113
EWU,ISHARES:MSCI UK,,2026-09-11,-0.0134
EWW,ISHARES:MSCI MEXICO,,2026-09-11,-0.0163
EWY,ISHARES:MSCI S KOREA,,2026-09-11,-0.0008
EWZ,ISHARES:MSCI BRAZIL,,2026-09-11,0.0087
FRO,FRONTLINE PLC,,2026-09-11,0.067
FTI,TECHNIPFMC PLC,,2026-09-11,-0.0438
FXA,INVESCO:AU DOLLAR,,2026-09-11,-0.0045
FXB,INVESCO:GBP STERLING,,2026-09-11,0.0009
FXC,INVESCO:CANADIAN DOLLAR,,2026-09-11,-0.0023
FXE,INVESCO:EURO,,2026-09-11,-0.0013
FXY,INVESCO:JAPANESE YEN,,2026-09-11,0.0172
GDX,VANECK:GOLD MINERS,,2026-09-11,-0.0218
GDXJ,VANECK:JR GOLD MINERS,,2026-09-11,-0.0281
GEOS,GEOSPACE TECHNOLOGIES ,,2026-09-11,-0.052
GGB,GERDAU SA,,2026-09-11,0.0362
GLATF,GLOBAL ATOMIC ,,2026-09-11,-0.0789
GNK,GENCO SHIPPING & TRADING LIMITED,,2026-09-11,-0.0297
GREK,GLBL X MSCI GREECE,,2026-09-11,0.0062
HLX,"HELIX ENERGY SOLUTIONS GROUP, INC.",,2026-09-11,-0.0348
HYD,VANECK:HIGH YIELD MUNI,,2026-09-11,-0.0085
ICL,ICL GROUP LTD,,2026-09-11,-0.0358
INDA,ISHARES:MSCI INDIA,,2026-09-11,-0.0268
IWD,ISHARES:RUSS 1000 VL ETF,,2026-09-11,-0.008
IWF,ISHARES:RUSS 1000 GR ETF,,2026-09-11,-0.0092
IWM,ISHARES:RUSS 2000 ETF,,2026-09-11,-0.0241
JNK,SPDR BBG HIGH YIELD BD,,2026-09-11,-0.0069
MCHI,ISHARES:MSCI CHINA,,2026-09-11,-0.0355
MDY,SPDR S&P MIDCAP 400 ETF,,2026-09-11,-0.0186
MP,MP MATERIALS CORP,,2026-09-11,-0.0737
MTUM,ISHARES:MSCI USA MOM FCT,,2026-09-11,0.0072
MUB,ISHARES:NATL MUNI BOND,,2026-09-11,-0.0083
NDX,NASDAQ 100 INDEX,,2026-09-11,-0.0059
NORW,GLBL X MSCI NORWAY ETF,,2026-09-11,0.0067
NOV,NOV INC.,,2026-09-11,-0.0136
NQ=F,NASDAQ 100 FUTURES,,2026-09-11,-0.0044
OEF,ISHARES:S&P 100,,2026-09-11,-0.0048
PAM,PAMPA ENERGIA SA,,2026-09-11,0.0204
PBR,BRAZILIAN PETROLEUM  - PETROBRAS,,2026-09-11,0.0537
PFF,ISHARES:PREF AND INC SEC,,2026-09-11,-0.0069
POWA,INVESCO BLOOMBERG PRICING POWER,,2026-09-11,-0.0224
PPLT,ABRDN:PHYSICAL PLATINUM,,2026-09-11,-0.0145
QAT,ISHARES:MSCI QATAR,,2026-09-11,0.0052
QQQ,INVESCO QQQ TRUST 1,,2026-09-11,-0.0057
QUAL,ISHARES:MSCI USA QF,,2026-09-11,-0.0107
RIG,TRANSOCEAN LTD,,2026-09-11,-0.0308
ROKU,"ROKU, INC.",,2026-09-11,-0.0042
RSP,INVESCO S&P500 EWGHT,,2026-09-11,-0.0189
RUT,RUSSELL 2000 INDEX,,2026-09-11,-0.0241
SBLK,STAR BULK CARRIERS CORP.,,2026-09-11,-0.0386
SCHP,SCHWAB STR:US TIPS,,2026-09-11,-0.0097
SD,"SANDRIDGE ENERGY, INC.",,2026-09-11,0.0209
SDY,SPDR S&P DIVIDEND,,2026-09-11,-0.0185
SILJ,ETFMG PRIME JR SILVR MNR,,2026-09-11,-0.0376
SLV,ISHARES:SILVER TRUST,,2026-09-11,-0.0284
SM,SM ENERGY COMPANY,,2026-09-11,0.0456
SMH,VANECK:SEMICONDUCTOR,,2026-09-11,0.0027
SOYB,TEUCRIUM:SOYBEAN,,2026-09-11,-0.0054
SPHB,INVESCO S&P500 HI BE,,2026-09-11,-0.0015
SPLV,INVESCO S&P500 LOWVL,,2026-09-11,-0.0127
SPX,S&P 500 INDEX,,2026-09-11,-0.008
SPY,SPDR S&P 500 ETF,,2026-09-11,-0.0077
STLA,STELLANTIS NV,,2026-09-11,-0.0288
STNG,SCORPIO TANKERS INC.,,2026-09-11,0.0264
TAGS,TEUCRIUM:AGRICULTURAL,,2026-09-11,-0.0046
TDW,TIDEWATER INC.,,2026-09-11,-0.0137
TECK,TECK RESOURCES LIMITED,,2026-09-11,-0.0385
THD,ISHARES:MSCI THAI,,2026-09-11,0.0098
TS,TENARIS SA,,2026-09-11,0.0167
TUR,ISHARES:MSCI TURKEY,,2026-09-11,0.0308
URA,GLBL X URANIUM ETF,,2026-09-11,-0.0549
URNM,SPROTT URANIUM MINERS,,2026-09-11,-0.0822
UUP,INVESCO DB USD IDX BL,,2026-09-11,-0.0004
VAL,VALARIS LIMITED,,2026-09-11,-0.0347
VIX,CBOE MKT VOLATILITY IDX,,2026-09-11,0.0902
VNM,VANECK:VIETNAM,,2026-09-11,-0.0363
VXN,CBOE NASDAQ MKT VOL NDX,,2026-09-11,0.0489
WEAT,TEUCRIUM:WHEAT,,2026-09-11,-0.0091
XES,SPDR S&P OIL&GAS E&S,,2026-09-11,-0.0038
XLB,SEL SECTOR:MATRLS SPDR,,2026-09-11,-0.0284
XLC,SEL SECTOR:COMM SVC SPDR,,2026-09-11,0.0051
XLE,SEL SECTOR:ENERGY SPDR,,2026-09-11,0.0169
XLF,SEL SECTOR:FINL S SPDR,,2026-09-11,-0.0146
XLI,SEL SECTOR:INDUST SPDR,,2026-09-11,-0.0165
XLK,SEL SECTOR:TECH SPDR,,2026-09-11,0.0021
XLP,SEL SECTOR:C STP SPDR,,2026-09-11,-0.0142
XLRE,SEL SECTOR:RL EST SPDR,,2026-09-11,-0.0116
XLU,SEL SECTOR:UTIL SPDR,,2026-09-11,-0.016
XLV,SEL SECTOR:H CARE SPDR,,2026-09-11,-0.0355
XLY,SEL SECTOR:C DSC SPDR,,2026-09-11,-0.017
XOP,SPDR S&P OIL&GAS EXP,,2026-09-11,0.0263
