Ticker,Ticker_name,Exposure,Date,mtd_pct_change
EDV,VANGUARD EXT DUR T;ETF,Bonds,2026-09-15,-0.0209
HYG,ISHARES:IBOXX $HY CORP,Bonds,2026-09-15,-0.0179
IEF,ISHARES:7-10 TRS BD ETF,Bonds,2026-09-15,-0.0207
LQD,ISHARES:IBOXX $IG CORP,Bonds,2026-09-15,-0.0182
SHY,ISHARES:1-3 TRS BD ETF,Bonds,2026-09-15,-0.0071
STIP,ISHARES:0-5 TIPS BD ETF,Bonds,2026-09-15,-0.0039
TIP,ISHARES:TIPS BD ETF,Bonds,2026-09-15,-0.0096
TLT,ISHARES:20+ TRS BD ETF,Bonds,2026-09-15,-0.0219
CHTR,"CHARTER COMMUNICATIONS, INC.",Communication Services,2026-09-15,-0.0737
CMCSA,COMCAST ,Communication Services,2026-09-15,-0.0826
DIS,THE WALT DISNEY COMPANY,Communication Services,2026-09-15,-0.0105
ECHO,ECHOSTAR CORPORATION,Communication Services,2026-09-15,0.0655
FOXA,FOX ,Communication Services,2026-09-15,0.0033
GOOGL,ALPHABET INC.,Communication Services,2026-09-15,0.0166
LYV,"LIVE NATION ENTERTAINMENT, INC.",Communication Services,2026-09-15,-0.0536
META,"META PLATFORMS, INC.",Communication Services,2026-09-15,0.1711
NFLX,"NETFLIX, INC.",Communication Services,2026-09-15,-0.0389
NWSA,NEWS CORP.,Communication Services,2026-09-15,-0.0088
OMC,OMNICOM GROUP INC.,Communication Services,2026-09-15,-0.0877
PSKY,PARAMOUNT SKYDANCE ,Communication Services,2026-09-15,0.0092
RDDT,"REDDIT, INC.",Communication Services,2026-09-15,0.08
T,AT&T INC.,Communication Services,2026-09-15,0.0321
TKO,"TKO GROUP HOLDINGS, INC.",Communication Services,2026-09-15,0.0412
TMUS,"T-MOBILE US, INC.",Communication Services,2026-09-15,0.0002
TTD,"THE TRADE DESK, INC.",Communication Services,2026-09-15,0.0933
TTWO,"TAKE-TWO INTERACTIVE SOFTWARE, INC.",Communication Services,2026-09-15,-0.0355
VZ,VERIZON COMMUNICATIONS INC.,Communication Services,2026-09-15,0.0286
WBD,"WARNER BROS. DISCOVERY, INC.",Communication Services,2026-09-15,-0.0175
ABNB,"AIRBNB, INC.",Consumer Discretionary,2026-09-15,-0.0813
AMZN,"AMAZON.COM, INC.",Consumer Discretionary,2026-09-15,-0.0437
APTV,APTIV PLC,Consumer Discretionary,2026-09-15,-0.0226
AZO,"AUTOZONE, INC.",Consumer Discretionary,2026-09-15,-0.0438
BBY,"BEST BUY CO., INC.",Consumer Discretionary,2026-09-15,0.1633
BKNG,BOOKING HOLDINGS INC.,Consumer Discretionary,2026-09-15,-0.1395
CCL,CARNIVAL CORP,Consumer Discretionary,2026-09-15,-0.0745
CMG,"CHIPOTLE MEXICAN GRILL, INC.",Consumer Discretionary,2026-09-15,-0.0841
CVNA,CARVANA CO.,Consumer Discretionary,2026-09-15,-0.0893
DASH,"DOORDASH, INC.",Consumer Discretionary,2026-09-15,-0.1445
DECK,DECKERS OUTDOOR ,Consumer Discretionary,2026-09-15,-0.1099
DHI,"D.R. HORTON, INC.",Consumer Discretionary,2026-09-15,-0.0302
DPZ,"DOMINO'S PIZZA, INC.",Consumer Discretionary,2026-09-15,-0.0913
DRI,"DARDEN RESTAURANTS, INC.",Consumer Discretionary,2026-09-15,-0.024
EBAY,EBAY INC.,Consumer Discretionary,2026-09-15,0.0432
EXPE,"EXPEDIA GROUP, INC.",Consumer Discretionary,2026-09-15,-0.0758
F,FORD MOTOR COMPANY,Consumer Discretionary,2026-09-15,-0.0316
GM,GENERAL MOTORS COMPANY,Consumer Discretionary,2026-09-15,-0.011
GPC,GENUINE PARTS COMPANY,Consumer Discretionary,2026-09-15,-0.0343
GRMN,GARMIN LTD,Consumer Discretionary,2026-09-15,-0.0181
HAS,"HASBRO, INC.",Consumer Discretionary,2026-09-15,-0.0413
HD,"THE HOME DEPOT, INC.",Consumer Discretionary,2026-09-15,-0.0682
HLT,HILTON WORLDWIDE HOLDINGS INC.,Consumer Discretionary,2026-09-15,-0.0268
LEN,LENNAR ,Consumer Discretionary,2026-09-15,-0.048
LOW,"LOWE'S COMPANIES, INC.",Consumer Discretionary,2026-09-15,-0.0493
LULU,LULULEMON ATHLETICA INC.,Consumer Discretionary,2026-09-15,-0.182
LVS,LAS VEGAS SANDS CORP.,Consumer Discretionary,2026-09-15,-0.058
MAR,"MARRIOTT INTERNATIONAL, INC.",Consumer Discretionary,2026-09-15,-0.0132
MCD,MCDONALD'S ,Consumer Discretionary,2026-09-15,-0.0408
MGM,MGM RESORTS INTERNATIONAL,Consumer Discretionary,2026-09-15,-0.0517
NCLH,NORWEGIAN CRUISE LINE HOLDINGS LTD.,Consumer Discretionary,2026-09-15,-0.1152
NKE,"NIKE, INC.",Consumer Discretionary,2026-09-15,-0.0727
NVR,"NVR, INC.",Consumer Discretionary,2026-09-15,-0.0091
ORLY,"O'REILLY AUTOMOTIVE, INC.",Consumer Discretionary,2026-09-15,-0.041
PHM,"PULTEGROUP, INC.",Consumer Discretionary,2026-09-15,-0.0542
RCL,ROYAL CARIBBEAN CRUISES LTD.,Consumer Discretionary,2026-09-15,-0.0723
RL,RALPH LAUREN ,Consumer Discretionary,2026-09-15,-0.0336
ROST,"ROSS STORES, INC.",Consumer Discretionary,2026-09-15,-0.01
SBUX,STARBUCKS ,Consumer Discretionary,2026-09-15,-0.091
TJX,"THE TJX COMPANIES, INC.",Consumer Discretionary,2026-09-15,-0.0695
TPR,"TAPESTRY, INC.",Consumer Discretionary,2026-09-15,-0.0509
TSCO,TRACTOR SUPPLY COMPANY,Consumer Discretionary,2026-09-15,-0.0536
TSLA,"TESLA, INC.",Consumer Discretionary,2026-09-15,-0.0309
ULTA,"ULTA BEAUTY, INC.",Consumer Discretionary,2026-09-15,0.0134
WSM,"WILLIAMS-SONOMA, INC.",Consumer Discretionary,2026-09-15,-0.0297
WYNN,"WYNN RESORTS, LIMITED",Consumer Discretionary,2026-09-15,-0.0501
YUM,"YUM! BRANDS, INC.",Consumer Discretionary,2026-09-15,-0.0818
ADM,ARCHER-DANIELS-MIDLAND COMPANY.,Consumer Staples,2026-09-15,0.0654
BF.B,BROWN-FORMAN ,Consumer Staples,2026-09-15,-0.0147
BG,BUNGE LIMITED,Consumer Staples,2026-09-15,0.0478
CAG,"CONAGRA BRANDS, INC.",Consumer Staples,2026-09-15,-0.0624
CASY,"CASEY'S GENERAL STORES, INC.",Consumer Staples,2026-09-15,-0.2194
CHD,"CHURCH & DWIGHT CO., INC.",Consumer Staples,2026-09-15,-0.0528
CL,COLGATE-PALMOLIVE COMPANY,Consumer Staples,2026-09-15,-0.0314
CLX,THE CLOROX COMPANY,Consumer Staples,2026-09-15,-0.1077
COST,COSTCO WHOLESALE ,Consumer Staples,2026-09-15,-0.0451
DG,DOLLAR GENERAL ,Consumer Staples,2026-09-15,-0.0162
DLTR,"DOLLAR TREE, INC.",Consumer Staples,2026-09-15,-0.109
EL,THE ESTEE LAUDER COMPANIES INC.,Consumer Staples,2026-09-15,-0.0591
GIS,"GENERAL MILLS, INC.",Consumer Staples,2026-09-15,-0.1121
HRL,HORMEL FOODS ,Consumer Staples,2026-09-15,-0.0485
HSY,THE HERSHEY COMPANY,Consumer Staples,2026-09-15,-0.0329
KDP,KEURIG DR PEPPER INC.,Consumer Staples,2026-09-15,-0.0116
KHC,THE KRAFT HEINZ COMPANY,Consumer Staples,2026-09-15,-0.0366
KMB,KIMBERLY-CLARK ,Consumer Staples,2026-09-15,-0.0859
KO,THE COCA-COLA COMPANY,Consumer Staples,2026-09-15,0.0005
KR,THE KROGER CO.,Consumer Staples,2026-09-15,0.0819
KVUE,KENVUE INC.,Consumer Staples,2026-09-15,-0.0508
MDLZ,"MONDELEZ INTERNATIONAL, INC.",Consumer Staples,2026-09-15,0.0005
MKC,"MCCORMICK & COMPANY, INC.",Consumer Staples,2026-09-15,-0.0804
MNST,MONSTER BEVERAGE ,Consumer Staples,2026-09-15,-0.0281
MO,"ALTRIA GROUP, INC.",Consumer Staples,2026-09-15,0.0194
PEP,"PEPSICO, INC.",Consumer Staples,2026-09-15,-0.0345
PG,THE PROCTER & GAMBLE COMPANY,Consumer Staples,2026-09-15,0.0107
PM,PHILIP MORRIS INTERNATIONAL INC.,Consumer Staples,2026-09-15,0.0364
SJM,THE J. M. SMUCKER COMPANY,Consumer Staples,2026-09-15,-0.0721
STZ,"CONSTELLATION BRANDS, INC.",Consumer Staples,2026-09-15,-0.0536
SYY,SYSCO ,Consumer Staples,2026-09-15,-0.0183
TAP,MOLSON COORS BEVERAGE COMPANY,Consumer Staples,2026-09-15,-0.0123
TGT,TARGET ,Consumer Staples,2026-09-15,-0.0403
TSN,"TYSON FOODS, INC.",Consumer Staples,2026-09-15,-0.047
WMT,WALMART INC.,Consumer Staples,2026-09-15,0.0307
APA,APA ,Energy,2026-09-15,0.0987
BKR,BAKER HUGHES COMPANY,Energy,2026-09-15,-0.1075
COP,CONOCOPHILLIPS,Energy,2026-09-15,0.0659
CVX,CHEVRON ,Energy,2026-09-15,0.0564
DVN,DEVON ENERGY ,Energy,2026-09-15,0.0581
EOG,"EOG RESOURCES, INC.",Energy,2026-09-15,0.0606
EQT,EQT ,Energy,2026-09-15,-0.0196
EXE,EXPAND ENERGY ,Energy,2026-09-15,-0.04
FANG,"DIAMONDBACK ENERGY, INC.",Energy,2026-09-15,0.0551
HAL,HALLIBURTON COMPANY,Energy,2026-09-15,-0.032
KMI,"KINDER MORGAN, INC.",Energy,2026-09-15,-0.0456
MPC,MARATHON PETROLEUM ,Energy,2026-09-15,0.1005
OKE,"ONEOK, INC.",Energy,2026-09-15,-0.0134
OXY,OCCIDENTAL PETROLEUM ,Energy,2026-09-15,0.0555
PSX,PHILLIPS 66,Energy,2026-09-15,0.0744
SLB,SCHLUMBERGER N.V.,Energy,2026-09-15,-0.0982
TPL,TEXAS PACIFIC LAND ,Energy,2026-09-15,-0.0072
TRGP,TARGA RESOURCES CORP.,Energy,2026-09-15,-0.0271
VLO,VALERO ENERGY ,Energy,2026-09-15,0.1062
WMB,"THE WILLIAMS COMPANIES, INC.",Energy,2026-09-15,-0.0456
XOM,EXXON MOBIL ,Energy,2026-09-15,0.052
UNG,UNITED STATES NAT GAS,Energy Complex,2026-09-15,0.0
USO,UNITED STATES OIL FUND,Energy Complex,2026-09-15,0.2106
ACGL,ARCH CAPITAL GROUP LTD.,Financials,2026-09-15,-0.0105
AFL,AFLAC INC.,Financials,2026-09-15,0.0147
AIG,"AMERICAN INTERNATIONAL GROUP, INC.",Financials,2026-09-15,-0.005
AIZ,"ASSURANT, INC.",Financials,2026-09-15,0.0151
AJG,ARTHUR J. GALLAGHER & CO.,Financials,2026-09-15,-0.0538
ALL,THE ALLSTATE ,Financials,2026-09-15,-0.0023
AMP,"AMERIPRISE FINANCIAL, INC.",Financials,2026-09-15,0.0113
AON,AON PLC,Financials,2026-09-15,-0.0524
APO,"APOLLO GLOBAL MANAGEMENT, INC.",Financials,2026-09-15,-0.0701
ARES,ARES MANAGEMENT CORP,Financials,2026-09-15,-0.0983
AXP,AMERICAN EXPRESS COMPANY,Financials,2026-09-15,-0.0174
BAC,BANK OF AMERICA ,Financials,2026-09-15,-0.0391
BEN,"FRANKLIN RESOURCES, INC.",Financials,2026-09-15,-0.0252
BLK,"BLACKROCK, INC.",Financials,2026-09-15,-0.0839
BNY,THE BANK OF NEW YORK MELLON ,Financials,2026-09-15,-0.041
BRK.B,"BERKSHIRE HATHAWAY INC.,",Financials,2026-09-15,0.0253
BRO,"BROWN & BROWN, INC.",Financials,2026-09-15,-0.0684
BX,BLACKSTONE INC,Financials,2026-09-15,-0.1155
C,CITIGROUP INC.,Financials,2026-09-15,0.0346
CB,CHUBB LTD,Financials,2026-09-15,0.0096
CBOE,"CBOE GLOBAL MARKETS, INC.",Financials,2026-09-15,-0.0991
CFG,"CITIZENS FINANCIAL GROUP, INC.",Financials,2026-09-15,0.0199
CINF,CINCINNATI FINANCIAL ,Financials,2026-09-15,0.0104
CME,CME GROUP INC.,Financials,2026-09-15,-0.0365
COF,CAPITAL ONE FINANCIAL ,Financials,2026-09-15,-0.0357
COIN,"COINBASE GLOBAL, INC.",Financials,2026-09-15,-0.0851
CPAY,"FLEETCOR TECHNOLOGIES, INC.",Financials,2026-09-15,0.0085
EG,"EVEREST GROUP, LTD.",Financials,2026-09-15,0.0131
ERIE,ERIE INDEMNITY COMPANY,Financials,2026-09-15,-0.0194
FDS,FACTSET RESEARCH SYSTEMS INC.,Financials,2026-09-15,-0.1163
FIS,FIDELITY NATIONAL INFORMATION SERVICES,Financials,2026-09-15,-0.0841
FISV,"FISERV, INC.",Financials,2026-09-15,-0.0617
FITB,FIFTH THIRD BANCORP,Financials,2026-09-15,0.0167
GL,GLOBE LIFE INC.,Financials,2026-09-15,0.0036
GPN,GLOBAL PAYMENTS INC.,Financials,2026-09-15,-0.0227
GS,"THE GOLDMAN SACHS GROUP, INC.",Financials,2026-09-15,-0.048
HBAN,HUNTINGTON BANCSHARES INC.,Financials,2026-09-15,0.0036
HIG,THE HARTFORD FINANCIAL SERVICES GROUP,Financials,2026-09-15,-0.0098
HOOD,"ROBINHOOD MARKETS, INC.",Financials,2026-09-15,0.0538
IBKR,"INTERACTIVE BROKERS GROUP, INC.",Financials,2026-09-15,-0.0873
ICE,"INTERCONTINENTAL EXCHANGE, INC.",Financials,2026-09-15,-0.0236
IVZ,INVESCO LTD.,Financials,2026-09-15,-0.061
JKHY,"JACK HENRY & ASSOCIATES, INC.",Financials,2026-09-15,-0.0824
JPM,JPMORGAN CHASE & CO.,Financials,2026-09-15,-0.0099
KEY,KEYCORP,Financials,2026-09-15,0.0042
KKR,KKR & CO. INC.,Financials,2026-09-15,-0.0886
L,LOEWS ,Financials,2026-09-15,0.0085
MA,MASTERCARD INC..,Financials,2026-09-15,-0.0272
MCO,MOODY'S ,Financials,2026-09-15,-0.0743
MET,"METLIFE, INC.",Financials,2026-09-15,0.032
MRSH,"MARSH & MCLENNAN COMPANIES, INC.",Financials,2026-09-15,-0.0529
MS,MORGAN STANLEY,Financials,2026-09-15,-0.033
MSCI,MSCI INC.,Financials,2026-09-15,-0.0456
MTB,M&T BANK ,Financials,2026-09-15,0.0061
NDAQ,"NASDAQ, INC.",Financials,2026-09-15,-0.0951
NTRS,NORTHERN TRUST ,Financials,2026-09-15,-0.0368
PFG,"PRINCIPAL FINANCIAL GROUP, INC.",Financials,2026-09-15,0.0745
PGR,THE PROGRESSIVE ,Financials,2026-09-15,0.0148
PNC,"THE PNC FINANCIAL SERVICES GROUP, INC.",Financials,2026-09-15,0.0048
PRU,"PRUDENTIAL FINANCIAL, INC.",Financials,2026-09-15,0.0145
PYPL,"PAYPAL HOLDINGS, INC.",Financials,2026-09-15,0.0216
RF,REGIONS FINANCIAL ,Financials,2026-09-15,-0.0067
RJF,"RAYMOND JAMES FINANCIAL, INC.",Financials,2026-09-15,-0.0529
SCHW,THE CHARLES SCHWAB ,Financials,2026-09-15,-0.0185
SPGI,S&P GLOBAL INC.,Financials,2026-09-15,-0.0535
STT,STATE STREET ,Financials,2026-09-15,-0.0327
SYF,SYNCHRONY FINANCIAL,Financials,2026-09-15,-0.0132
TFC,TRUIST FINANCIAL ,Financials,2026-09-15,0.0177
TROW,"T. ROWE PRICE GROUP, INC.",Financials,2026-09-15,-0.0634
TRV,"THE TRAVELERS COMPANIES, INC.",Financials,2026-09-15,0.0329
USB,U.S. BANCORP,Financials,2026-09-15,0.0104
V,VISA INC.,Financials,2026-09-15,-0.0099
WFC,WELLS FARGO & COMPANY,Financials,2026-09-15,0.0385
WRB,W. R. BERKLEY ,Financials,2026-09-15,0.0551
WTW,WILLIS TOWERS WATSON,Financials,2026-09-15,-0.049
XYZ,"BLOCK, INC.",Financials,2026-09-15,-0.0452
GLD,SPDR GOLD,Gold,2026-09-15,-0.0349
A,"AGILENT TECHNOLOGIES, INC.",Health Care,2026-09-15,-0.0214
ABBV,ABBVIE INC.,Health Care,2026-09-15,0.0258
ABT,ABBOTT LABORATORIES,Health Care,2026-09-15,-0.0755
ALGN,"ALIGN TECHNOLOGY, INC.",Health Care,2026-09-15,-0.08
AMGN,AMGEN INC.,Health Care,2026-09-15,-0.1262
BAX,BAXTER INTERNATIONAL INC.,Health Care,2026-09-15,-0.0881
BDX,"BECTON, DICKINSON AND COMPANY",Health Care,2026-09-15,-0.0116
BIIB,BIOGEN INC.,Health Care,2026-09-15,-0.0022
BMY,BRISTOL-MYERS SQUIBB COMPANY,Health Care,2026-09-15,-0.0461
BSX,BOSTON SCIENTIFIC ,Health Care,2026-09-15,-0.0917
CAH,"CARDINAL HEALTH, INC.",Health Care,2026-09-15,-0.0084
CI,THE CIGNA GROUP,Health Care,2026-09-15,0.0464
CNC,CENTENE ,Health Care,2026-09-15,0.0516
COO,"THE COOPER COMPANIES, INC.",Health Care,2026-09-15,-0.24
COR,"CENCORA, INC.",Health Care,2026-09-15,-0.001
CRL,CHARLES RIVER LABORATORIES,Health Care,2026-09-15,-0.0533
CVS,CVS HEALTH ,Health Care,2026-09-15,0.0062
DGX,QUEST DIAGNOSTICS INC.,Health Care,2026-09-15,0.0282
DHR,DANAHER ,Health Care,2026-09-15,-0.0197
DVA,DAVITA INC.,Health Care,2026-09-15,0.0846
DXCM,"DEXCOM, INC.",Health Care,2026-09-15,-0.0506
ELV,"ELEVANCE HEALTH, INC.",Health Care,2026-09-15,0.0637
EW,EDWARDS LIFESCIENCES ,Health Care,2026-09-15,-0.0552
GEHC,GE HEALTHCARE TECHNOLOGIES INC.,Health Care,2026-09-15,-0.1005
GILD,"GILEAD SCIENCES, INC.",Health Care,2026-09-15,-0.0003
HCA,"HCA HEALTHCARE, INC.",Health Care,2026-09-15,0.0226
HSIC,"HENRY SCHEIN, INC.",Health Care,2026-09-15,-0.0254
HUM,HUMANA INC.,Health Care,2026-09-15,0.0349
IDXX,"IDEXX LABORATORIES, INC.",Health Care,2026-09-15,-0.0826
INCY,INCYTE ,Health Care,2026-09-15,-0.012
IQV,IQVIA HOLDINGS INC,Health Care,2026-09-15,0.0325
ISRG,"INTUITIVE SURGICAL, INC.",Health Care,2026-09-15,0.0008
JNJ,JOHNSON & JOHNSON,Health Care,2026-09-15,0.0051
LH,LABORATORY  OF AMERICA HOLDINGS,Health Care,2026-09-15,-0.0261
LLY,ELI LILLY AND COMPANY,Health Care,2026-09-15,-0.0178
MCK,MCKESSON ,Health Care,2026-09-15,0.0161
MDT,MEDTRONIC PUBLIC LIMITED COMPANY,Health Care,2026-09-15,0.0342
MRK,"MERCK & CO., INC.",Health Care,2026-09-15,-0.0269
MRNA,"MODERNA, INC.",Health Care,2026-09-15,0.0244
MTD,METTLER-TOLEDO INTERNATIONAL INC.,Health Care,2026-09-15,-0.0532
PFE,PFIZER INC.,Health Care,2026-09-15,-0.032
PODD,INSULET ,Health Care,2026-09-15,-0.0634
REGN,"REGENERON PHARMACEUTICALS, INC.",Health Care,2026-09-15,-0.0312
RMD,RESMED INC.,Health Care,2026-09-15,-0.0444
RVTY,"REVVITY, INC.",Health Care,2026-09-15,0.0895
SOLV,SOLVENTUM ,Health Care,2026-09-15,-0.011
STE,STERIS PUBLIC LIMITED COMPANY,Health Care,2026-09-15,-0.0961
SYK,STRYKER ,Health Care,2026-09-15,-0.1306
TECH,BIO-TECHNE ,Health Care,2026-09-15,0.0004
TMO,THERMO FISHER SCIENTIFIC INC.,Health Care,2026-09-15,0.0394
UHS,"UNIVERSAL HEALTH SERVICES, INC.",Health Care,2026-09-15,0.0383
UNH,UNITEDHEALTH GROUP INC.,Health Care,2026-09-15,-0.0346
VEEV,VEEVA SYSTEMS INC.,Health Care,2026-09-15,-0.0668
VRTX,VERTEX PHARMACEUTICALS INC.,Health Care,2026-09-15,-0.0549
VTRS,VIATRIS INC.,Health Care,2026-09-15,0.0085
WAT,WATERS ,Health Care,2026-09-15,0.0059
WST,"WEST PHARMACEUTICAL SERVICES, INC.",Health Care,2026-09-15,0.07
ZBH,"ZIMMER BIOMET HOLDINGS, INC.",Health Care,2026-09-15,-0.0163
ZTS,ZOETIS INC.,Health Care,2026-09-15,-0.0476
ADP,"AUTOMATIC DATA PROCESSING, INC.",Industrials,2026-09-15,-0.0337
ALLE,ALLEGION PUBLIC LIMITED COMPANY,Industrials,2026-09-15,-0.0042
AME,"AMETEK, INC.",Industrials,2026-09-15,-0.0031
AOS,A. O. SMITH ,Industrials,2026-09-15,-0.0323
AXON,"AXON ENTERPRISE, INC.",Industrials,2026-09-15,-0.2197
BA,THE BOEING COMPANY,Industrials,2026-09-15,0.0092
BLDR,"BUILDERS FIRSTSOURCE, INC.",Industrials,2026-09-15,-0.0934
BR,"BROADRIDGE FINANCIAL SOLUTIONS, INC.",Industrials,2026-09-15,-0.0665
CARR,CARRIER GLOBAL ,Industrials,2026-09-15,-0.046
CAT,CATERPILLAR INC.,Industrials,2026-09-15,-0.0175
CHRW,"C.H. ROBINSON WORLDWIDE, INC.",Industrials,2026-09-15,0.0533
CMI,CUMMINS INC.,Industrials,2026-09-15,-0.0467
CPRT,"COPART, INC.",Industrials,2026-09-15,-0.0591
CSX,CSX ,Industrials,2026-09-15,-0.0366
CTAS,CINTAS ,Industrials,2026-09-15,-0.0141
DAL,"DELTA AIR LINES, INC.",Industrials,2026-09-15,0.0114
DE,DEERE & COMPANY,Industrials,2026-09-15,0.0445
DOV,DOVER ,Industrials,2026-09-15,-0.0271
EFX,EQUIFAX INC.,Industrials,2026-09-15,-0.1167
EME,"EMCOR GROUP, INC.",Industrials,2026-09-15,0.0013
EMR,EMERSON ELECTRIC CO.,Industrials,2026-09-15,-0.0357
ETN,EATON  PUBLIC LIMITED COMPANY,Industrials,2026-09-15,-0.0236
EXPD,EXPEDITORS INTERNATIONAL OF WASHINGTON,Industrials,2026-09-15,0.0224
FAST,FASTENAL COMPANY,Industrials,2026-09-15,0.002
FDX,FEDEX ,Industrials,2026-09-15,-0.0585
FERG,FERGUSON ENTERPRISES INC.,Industrials,2026-09-15,-0.0419
FIX,"COMFORT SYSTEMS USA, INC.",Industrials,2026-09-15,0.0202
FTV,FORTIVE ,Industrials,2026-09-15,-0.0406
GD,GENERAL DYNAMICS ,Industrials,2026-09-15,-0.0343
GE,GENERAL ELECTRIC COMPANY,Industrials,2026-09-15,-0.0854
GEV,GE VERNOVA INC.,Industrials,2026-09-15,-0.0175
GNRC,GENERAC HOLDINGS INC.,Industrials,2026-09-15,-0.0558
GWW,"W.W. GRAINGER, INC.",Industrials,2026-09-15,-0.0305
HII,"HUNTINGTON INGALLS INDUSTRIES, INC.",Industrials,2026-09-15,-0.0403
HON,HONEYWELL INTERNATIONAL INC.,Industrials,2026-09-15,-0.0473
HUBB,HUBBELL INC.,Industrials,2026-09-15,-0.0319
HWM,HOWMET AEROSPACE INC.,Industrials,2026-09-15,-0.0828
IEX,IDEX ,Industrials,2026-09-15,-0.0254
IR,INGERSOLL RAND INC.,Industrials,2026-09-15,-0.0667
ITW,ILLINOIS TOOL WORKS INC.,Industrials,2026-09-15,-0.0246
J,JACOBS SOLUTIONS INC.,Industrials,2026-09-15,-0.0278
JBHT,"J. B. HUNT TRANSPORT SERVICES, INC.",Industrials,2026-09-15,0.0286
JCI,JOHNSON CONTROLS INTERNATIONAL PLC,Industrials,2026-09-15,0.0004
LDOS,"LEIDOS HOLDINGS, INC.",Industrials,2026-09-15,-0.0782
LHX,"L3HARRIS TECHNOLOGIES, INC.",Industrials,2026-09-15,-0.0623
LII,LENNOX INTERNATIONAL INC.,Industrials,2026-09-15,-0.0534
LMT,LOCKHEED MARTIN ,Industrials,2026-09-15,-0.0495
LUV,SOUTHWEST AIRLINES CO.,Industrials,2026-09-15,0.0195
MAS,MASCO ,Industrials,2026-09-15,-0.0455
MMM,3M COMPANY,Industrials,2026-09-15,-0.0417
NDSN,NORDSON ,Industrials,2026-09-15,-0.0388
NOC,NORTHROP GRUMMAN ,Industrials,2026-09-15,-0.0157
NSC,NORFOLK SOUTHERN ,Industrials,2026-09-15,-0.0658
ODFL,"OLD DOMINION FREIGHT LINE, INC.",Industrials,2026-09-15,-0.095
OTIS,OTIS WORLDWIDE ,Industrials,2026-09-15,-0.037
PAYX,"PAYCHEX, INC.",Industrials,2026-09-15,-0.071
PCAR,PACCAR INC,Industrials,2026-09-15,-0.0135
PH,PARKER-HANNIFIN ,Industrials,2026-09-15,-0.0556
PNR,PENTAIR PUBLIC LIMITED COMPANY,Industrials,2026-09-15,-0.0642
PWR,"QUANTA SERVICES, INC.",Industrials,2026-09-15,0.0103
ROK,"ROCKWELL AUTOMATION, INC.",Industrials,2026-09-15,-0.0175
ROL,"ROLLINS, INC.",Industrials,2026-09-15,-0.0638
RSG,"REPUBLIC SERVICES, INC.",Industrials,2026-09-15,0.0096
RTX,RTX ,Industrials,2026-09-15,-0.0589
SNA,SNAP-ON INC.,Industrials,2026-09-15,-0.0297
SWK,"STANLEY BLACK & DECKER, INC.",Industrials,2026-09-15,-0.0808
TDG,TRANSDIGM GROUP INC.,Industrials,2026-09-15,-0.074
TT,TRANE TECHNOLOGIES PLC,Industrials,2026-09-15,-0.0488
TXT,TEXTRON INC.,Industrials,2026-09-15,0.002
UAL,"UNITED AIRLINES HOLDINGS, INC.",Industrials,2026-09-15,-0.0099
UBER,"UBER TECHNOLOGIES, INC.",Industrials,2026-09-15,-0.0558
UNP,UNION PACIFIC ,Industrials,2026-09-15,-0.0555
UPS,"UNITED PARCEL SERVICE, INC.",Industrials,2026-09-15,-0.018
URI,"UNITED RENTALS, INC.",Industrials,2026-09-15,-0.0471
VLTO,VERALTO ,Industrials,2026-09-15,-0.0313
VRSK,"VERISK ANALYTICS, INC.",Industrials,2026-09-15,-0.0707
VRT,VERTIV HOLDINGS CO,Industrials,2026-09-15,-0.0932
WAB,WESTINGHOUSE AIR BRAKE TECHNOLOGIES ,Industrials,2026-09-15,-0.0273
WM,"WASTE MANAGEMENT, INC.",Industrials,2026-09-15,-0.0076
XYL,XYLEM INC.,Industrials,2026-09-15,-0.0237
AAPL,APPLE INC.,Information Technology,2026-09-15,0.0457
ACN,ACCENTURE PUBLIC LIMITED COMPANY,Information Technology,2026-09-15,0.0192
ADBE,ADOBE INC.,Information Technology,2026-09-15,-0.1196
ADI,"ANALOG DEVICES, INC.",Information Technology,2026-09-15,-0.0022
ADSK,"AUTODESK, INC.",Information Technology,2026-09-15,-0.1239
AKAM,"AKAMAI TECHNOLOGIES, INC.",Information Technology,2026-09-15,-0.0296
AMAT,"APPLIED MATERIALS, INC.",Information Technology,2026-09-15,-0.0812
AMD,"ADVANCED MICRO DEVICES, INC.",Information Technology,2026-09-15,0.0711
ANET,"ARISTA NETWORKS, INC.",Information Technology,2026-09-15,-0.0146
APH,AMPHENOL ,Information Technology,2026-09-15,-0.0205
APP,APPLOVIN CORP,Information Technology,2026-09-15,0.0622
AVGO,BROADCOM INC.,Information Technology,2026-09-15,-0.0839
CDNS,"CADENCE DESIGN SYSTEMS, INC.",Information Technology,2026-09-15,-0.1913
CDW,CDW ,Information Technology,2026-09-15,0.0142
CIEN,CIENA CORPORATION,Information Technology,2026-09-15,-0.1266
COHR,COHERENT CORP.,Information Technology,2026-09-15,-0.024
CRM,"SALESFORCE, INC.",Information Technology,2026-09-15,-0.0073
CRWD,"CROWDSTRIKE HOLDINGS, INC.",Information Technology,2026-09-15,0.0497
CSCO,"CISCO SYSTEMS, INC.",Information Technology,2026-09-15,-0.0038
CTSH,COGNIZANT TECHNOLOGY SOLUTIONS ,Information Technology,2026-09-15,-0.0201
DDOG,"DATADOG, INC.",Information Technology,2026-09-15,-0.0286
DELL,DELL TECHNOLOGIES INC.,Information Technology,2026-09-15,0.1919
EPAM,"EPAM SYSTEMS, INC.",Information Technology,2026-09-15,0.0482
FFIV,"F5, INC.",Information Technology,2026-09-15,0.0583
FICO,FAIR ISAAC ,Information Technology,2026-09-15,-0.1406
FLEX,FLEX LTD.,Information Technology,2026-09-15,-0.0114
FSLR,"FIRST SOLAR, INC.",Information Technology,2026-09-15,0.0022
FTNT,"FORTINET, INC.",Information Technology,2026-09-15,0.0084
GDDY,GODADDY INC.,Information Technology,2026-09-15,0.046
GEN,GEN DIGITAL INC.,Information Technology,2026-09-15,0.0074
GLW,CORNING INC.,Information Technology,2026-09-15,-0.0347
HPE,HEWLETT PACKARD ENTERPRISE COMPANY,Information Technology,2026-09-15,0.0697
HPQ,HP INC.,Information Technology,2026-09-15,0.1266
IBM,INTERNATIONAL BUSINESS MACHINES ,Information Technology,2026-09-15,0.062
INTC,INTEL ,Information Technology,2026-09-15,0.0852
INTU,INTUIT INC.,Information Technology,2026-09-15,-0.0836
IT,"GARTNER, INC.",Information Technology,2026-09-15,-0.0126
JBL,JABIL INC.,Information Technology,2026-09-15,-0.0302
KEYS,"KEYSIGHT TECHNOLOGIES, INC.",Information Technology,2026-09-15,-0.0289
KLAC,KLA ,Information Technology,2026-09-15,-0.0423
LITE,LUMENTUM HOLDINGS INC.,Information Technology,2026-09-15,-0.0829
LRCX,LAM RESEARCH ,Information Technology,2026-09-15,-0.1016
MCHP,MICROCHIP TECHNOLOGY INC.,Information Technology,2026-09-15,-0.0267
MPWR,"MONOLITHIC POWER SYSTEMS, INC.",Information Technology,2026-09-15,-0.0988
MRVL,"MARVELL TECHNOLOGY, INC.",Information Technology,2026-09-15,0.0474
MSFT,MICROSOFT ,Information Technology,2026-09-15,-0.02
MSI,"MOTOROLA SOLUTIONS, INC.",Information Technology,2026-09-15,-0.0333
MU,"MICRON TECHNOLOGY, INC.",Information Technology,2026-09-15,-0.0325
NOW,"SERVICENOW, INC.",Information Technology,2026-09-15,-0.0412
NTAP,"NETAPP, INC.",Information Technology,2026-09-15,0.025
NVDA,NVIDIA ,Information Technology,2026-09-15,-0.039
NXPI,NXP SEMICONDUCTORS NV,Information Technology,2026-09-15,0.0076
ON,ON SEMICONDUCTOR ,Information Technology,2026-09-15,-0.012
ORCL,ORACLE ,Information Technology,2026-09-15,-0.0588
PANW,"PALO ALTO NETWORKS, INC.",Information Technology,2026-09-15,-0.0184
PLTR,PALANTIR TECHNOLOGIES INC.,Information Technology,2026-09-15,-0.0741
PTC,PTC INC.,Information Technology,2026-09-15,-0.1476
Q,"QNITY ELECTRONICS, INC.",Information Technology,2026-09-15,-0.0405
QCOM,QUALCOMM INC.,Information Technology,2026-09-15,0.1016
ROP,"ROPER TECHNOLOGIES, INC.",Information Technology,2026-09-15,-0.0958
SMCI,"SUPER MICRO COMPUTER, INC.",Information Technology,2026-09-15,-0.044
SNDK,SANDISK CORPORATION,Information Technology,2026-09-15,-0.0229
SNPS,"SYNOPSYS, INC.",Information Technology,2026-09-15,-0.1635
STX,SEAGATE TECHNOLOGY HOLDINGS,Information Technology,2026-09-15,-0.0683
SWKS,"SKYWORKS SOLUTIONS, INC.",Information Technology,2026-09-15,0.3431
TDY,TELEDYNE TECHNOLOGIES INC.,Information Technology,2026-09-15,-0.0236
TEL,TE CONNECTIVITY LTD,Information Technology,2026-09-15,-0.0187
TER,"TERADYNE, INC.",Information Technology,2026-09-15,-0.0485
TRMB,TRIMBLE INC.,Information Technology,2026-09-15,-0.019
TXN,TEXAS INSTRUMENTS INC.,Information Technology,2026-09-15,0.0097
TYL,"TYLER TECHNOLOGIES, INC.",Information Technology,2026-09-15,-0.0513
VRSN,"VERISIGN, INC.",Information Technology,2026-09-15,0.0312
WDAY,"WORKDAY, INC.",Information Technology,2026-09-15,-0.0343
WDC,WESTERN DIGITAL ,Information Technology,2026-09-15,-0.0857
ZBRA,ZEBRA TECHNOLOGIES ,Information Technology,2026-09-15,-0.0306
ALB,ALBEMARLE ,Materials,2026-09-15,-0.1594
AMCR,AMCOR PLC,Materials,2026-09-15,-0.0747
APD,"AIR PRODUCTS AND CHEMICALS, INC.",Materials,2026-09-15,-0.0611
AVY,AVERY DENNISON ,Materials,2026-09-15,-0.0149
BALL,BALL ,Materials,2026-09-15,-0.0311
CF,"CF INDUSTRIES HOLDINGS, INC.",Materials,2026-09-15,0.0424
CRH,CRH PUBLIC LIMITED COMPANY,Materials,2026-09-15,-0.07
CTVA,"CORTEVA, INC.",Materials,2026-09-15,-0.0147
DD,"DUPONT DE NEMOURS, INC.",Materials,2026-09-15,-0.0487
DOW,DOW INC.,Materials,2026-09-15,-0.022
ECL,ECOLAB INC.,Materials,2026-09-15,-0.0304
FCX,FREEPORT-MCMORAN INC.,Materials,2026-09-15,-0.084
IFF,INTERNATIONAL FLAVORS & FRAGRANCES INC.,Materials,2026-09-15,-0.0242
IP,INTERNATIONAL PAPER COMPANY,Materials,2026-09-15,-0.1039
LIN,LINDE PUBLIC LIMITED COMPANY,Materials,2026-09-15,-0.0544
LYB,LYONDELLBASELL INDUSTRIES NV,Materials,2026-09-15,0.0054
MLM,"MARTIN MARIETTA MATERIALS, INC.",Materials,2026-09-15,-0.0229
MOS,THE MOSAIC COMPANY,Materials,2026-09-15,0.0556
NEM,NEWMONT ,Materials,2026-09-15,-0.0148
NUE,NUCOR ,Materials,2026-09-15,0.0368
PKG,PACKAGING  OF AMERICA,Materials,2026-09-15,-0.0117
PPG,"PPG INDUSTRIES, INC.",Materials,2026-09-15,-0.0649
SHW,THE SHERWIN-WILLIAMS COMPANY,Materials,2026-09-15,-0.046
STLD,"STEEL DYNAMICS, INC.",Materials,2026-09-15,0.0284
SW,SMURFIT WESTROCK PUBLIC LIMITED COMPANY,Materials,2026-09-15,-0.068
VMC,VULCAN MATERIALS COMPANY,Materials,2026-09-15,-0.0756
AMT,AMERICAN TOWER ,Real Estate,2026-09-15,0.0114
ARE,"ALEXANDRIA REAL ESTATE EQUITIES, INC.",Real Estate,2026-09-15,0.032
BXP,"BOSTON PROPERTIES, INC.",Real Estate,2026-09-15,-0.061
CBRE,"CBRE GROUP, INC.",Real Estate,2026-09-15,-0.0391
CCI,CROWN CASTLE INC.,Real Estate,2026-09-15,-0.038
CPT,CAMDEN PROPERTY TRUST,Real Estate,2026-09-15,-0.028
CSGP,"COSTAR GROUP, INC.",Real Estate,2026-09-15,-0.0159
DLR,"DIGITAL REALTY TRUST, INC.",Real Estate,2026-09-15,-0.0341
DOC,"HEALTHDOC PROPERTIES, INC.",Real Estate,2026-09-15,-0.0317
EQIX,"EQUINIX, INC.",Real Estate,2026-09-15,-0.038
EQR,EQUITY RESIDENTIAL,Real Estate,2026-09-15,0.0075
ESS,"ESSEX PROPERTY TRUST, INC.",Real Estate,2026-09-15,-0.0244
EXR,EXTRA SPACE STORAGE INC.,Real Estate,2026-09-15,-0.0269
FRT,FEDERAL REALTY INVESTMENT TRUST,Real Estate,2026-09-15,-0.0181
HST,"HOST HOTELS & RESORTS, INC.",Real Estate,2026-09-15,0.0091
INVH,INVITATION HOMES INC.,Real Estate,2026-09-15,-0.0515
IRM,IRON MOUNTAIN INC.,Real Estate,2026-09-15,-0.0287
KIM,KIMCO REALTY .,Real Estate,2026-09-15,-0.0304
MAA,"MID-AMERICA APARTMENT COMMUNITIES, INC.",Real Estate,2026-09-15,-0.0338
O,REALTY INCOME ,Real Estate,2026-09-15,-0.0419
PLD,"PROLOGIS, INC.",Real Estate,2026-09-15,-0.0292
PSA,PUBLIC STORAGE.,Real Estate,2026-09-15,-0.0336
REG,REGENCY CENTERS ,Real Estate,2026-09-15,-0.0096
SBAC,SBA COMMUNICATIONS ,Real Estate,2026-09-15,-0.0344
SPG,"SIMON PROPERTY GROUP, INC.",Real Estate,2026-09-15,-0.0387
UDR,"UDR, INC.",Real Estate,2026-09-15,-0.0552
VICI,VICI PROPERTIES INC.,Real Estate,2026-09-15,-0.0347
VTR,"VENTAS, INC.",Real Estate,2026-09-15,-0.0286
WELL,WELLTOWER INC.,Real Estate,2026-09-15,-0.0147
WY,WEYERHAEUSER COMPANY,Real Estate,2026-09-15,-0.0462
DXY,US DOLLAR INDEX,USD,2026-09-15,0.0021
AEE,AMEREN ,Utilities,2026-09-15,-0.0282
AEP,"AMERICAN ELECTRIC POWER COMPANY, INC.",Utilities,2026-09-15,-0.0149
AES,THE AES ,Utilities,2026-09-15,0.0041
ATO,ATMOS ENERGY ,Utilities,2026-09-15,-0.0246
AWK,"AMERICAN WATER WORKS COMPANY, INC.",Utilities,2026-09-15,-0.0015
CEG,CONSTELLATION ENERGY,Utilities,2026-09-15,-0.0542
CMS,CMS ENERGY ,Utilities,2026-09-15,-0.0314
CNP,"CENTERPOINT ENERGY, INC.",Utilities,2026-09-15,-0.0409
D,"DOMINION ENERGY, INC.",Utilities,2026-09-15,-0.0324
DTE,DTE ENERGY COMPANY,Utilities,2026-09-15,-0.0386
DUK,DUKE ENERGY ,Utilities,2026-09-15,-0.0178
ED,"CONSOLIDATED EDISON, INC.",Utilities,2026-09-15,-0.0166
EIX,EDISON INTERNATIONAL,Utilities,2026-09-15,0.0107
ES,EVERSOURCE ENERGY,Utilities,2026-09-15,-0.0418
ETR,ENTERGY ,Utilities,2026-09-15,-0.0319
EVRG,"EVERGY, INC.",Utilities,2026-09-15,-0.0101
EXC,EXELON ,Utilities,2026-09-15,-0.0348
FE,FIRSTENERGY CORP.,Utilities,2026-09-15,-0.0116
LNT,ALLIANT ENERGY ,Utilities,2026-09-15,-0.0293
NEE,"NEXTERA ENERGY, INC.",Utilities,2026-09-15,-0.0154
NI,NISOURCE INC.,Utilities,2026-09-15,-0.0081
NRG,"NRG ENERGY, INC.",Utilities,2026-09-15,-0.0375
PCG,PG&E ,Utilities,2026-09-15,-0.009
PEG,PUBLIC SERVICE ENTERPRISE GROUP INC.,Utilities,2026-09-15,-0.0397
PNW,PINNACLE WEST CAPITAL ,Utilities,2026-09-15,-0.0281
PPL,PPL ,Utilities,2026-09-15,-0.0264
SO,THE SOUTHERN COMPANY,Utilities,2026-09-15,-0.0233
SRE,SEMPRA,Utilities,2026-09-15,-0.0061
VST,VISTRA CORP.,Utilities,2026-09-15,0.0303
WEC,"WEC ENERGY GROUP, INC.",Utilities,2026-09-15,-0.0251
XEL,XCEL ENERGY INC.,Utilities,2026-09-15,-0.0423
FVX,5 YR TSY YLD NDX,Yields,2026-09-15,0.071
TNX,10 Y TSY YLD NDX,Yields,2026-09-15,0.0504
TYX,30 Y TSY YLD NDX,Yields,2026-09-15,0.021
ASC,ARDMORE SHIPPING ,,2026-09-15,0.0776
BTC=F,BITCOIN FUTURES,,2026-09-15,-0.0358
BTI,BRITISH AMERICAN TOBACCO P.L.C.,,2026-09-15,0.0171
BTU,PEABODY ENERGY ,,2026-09-15,-0.1021
CALM,"CAL-MAINE FOODS, INC.",,2026-09-15,-0.0574
CANE,TEUCRIUM:SUGAR,,2026-09-15,0.0053
CCJ,CAMECO ,,2026-09-15,-0.0764
CMBT,CMB.TECH NV,,2026-09-15,0.07
CMRE,COSTAMARE INC.,,2026-09-15,-0.0092
CNR,"CORE NATURAL RESOURCES, INC.",,2026-09-15,-0.0761
COMT,ISHARES:GSCI COMM DYN RS,,2026-09-15,0.0896
CORN,TEUCRIUM:CORN,,2026-09-15,-0.001
CPER,UNITED STATES COPPER IDX,,2026-09-15,-0.0333
CRESY,CRESUD INC.,,2026-09-15,0.0348
DBA,INVESCO DB MS AGRI,,2026-09-15,-0.015
DBB,INVESCO DB MS BMTL,,2026-09-15,-0.0184
DBC,INVESCO DB CM IDX,,2026-09-15,0.076
DHT,"DHT HOLDINGS, INC.",,2026-09-15,0.1296
DIA,SPDR DOW JONES INDUS AVG,,2026-09-15,-0.0195
DJI,DOW JONES INDUSTRIAL AVG INDEX,,2026-09-15,-0.0205
EC,ECOPETROL SA,,2026-09-15,0.0954
ECH,ISHARES:MSCI CHILE,,2026-09-15,-0.0338
EDEN,ISHARES:MSCI DENMARK,,2026-09-15,-0.0209
EFNL,ISHARES:MSCI FINLAND,,2026-09-15,-0.0099
EIDO,ISHARES:MSCI INDONESIA,,2026-09-15,0.0047
EIRL,ISHARES:MSCI IRELAND,,2026-09-15,-0.0008
EIS,ISHARES:MSCI ISRAEL,,2026-09-15,-0.0015
ENZL,ISHARES:MSCI NEW ZLND,,2026-09-15,-0.0661
EPHE,ISHARES:MSCI PHILIPPINES,,2026-09-15,0.0063
EPOL,ISHARES:MSCI POLAND,,2026-09-15,0.0172
EPU,ISHARES:MSCI PERU,,2026-09-15,-0.0332
ES=F,E-MINI S&P 500 FUTURES,,2026-09-15,-0.0049
EWA,ISHARES:MSCI AUSTRALIA,,2026-09-15,-0.0376
EWC,ISHARES:MSCI CANADA,,2026-09-15,-0.0186
EWD,ISHARES:MSCI SWEDEN,,2026-09-15,-0.0404
EWG,ISHARES:MSCI GERMANY,,2026-09-15,-0.0384
EWH,ISHARES:MSCI HONG KONG,,2026-09-15,-0.0192
EWI,ISHARES:MSCI ITALY,,2026-09-15,-0.0246
EWJ,ISHARES:MSCI JAPAN,,2026-09-15,0.0108
EWK,ISHARES:MSCI BELGIUM,,2026-09-15,-0.0211
EWL,ISHARES:MSCI SWITZERLAND,,2026-09-15,-0.0406
EWM,ISHARES:MSCI MALAYSIA,,2026-09-15,-0.0296
EWN,ISHARES:MSCI NETHERLANDS,,2026-09-15,-0.0296
EWO,ISHARES:MSCI AUSTRIA,,2026-09-15,-0.0177
EWP,ISHARES:MSCI SPAIN,,2026-09-15,-0.0208
EWQ,ISHARES:MSCI FRANCE,,2026-09-15,-0.0342
EWS,ISHARES:MSCI SINGAPORE,,2026-09-15,-0.0304
EWT,ISHARES:MSCI TAIWAN,,2026-09-15,-0.0126
EWU,ISHARES:MSCI UK,,2026-09-15,-0.0118
EWW,ISHARES:MSCI MEXICO,,2026-09-15,-0.0351
EWY,ISHARES:MSCI S KOREA,,2026-09-15,-0.0242
EWZ,ISHARES:MSCI BRAZIL,,2026-09-15,0.0486
FRO,FRONTLINE PLC,,2026-09-15,0.1784
FTI,TECHNIPFMC PLC,,2026-09-15,-0.0407
FXA,INVESCO:AU DOLLAR,,2026-09-15,-0.0054
FXB,INVESCO:GBP STERLING,,2026-09-15,-0.006
FXC,INVESCO:CANADIAN DOLLAR,,2026-09-15,-0.0048
FXE,INVESCO:EURO,,2026-09-15,-0.0071
FXY,INVESCO:JAPANESE YEN,,2026-09-15,0.0303
GDX,VANECK:GOLD MINERS,,2026-09-15,-0.0445
GDXJ,VANECK:JR GOLD MINERS,,2026-09-15,-0.0596
GEOS,GEOSPACE TECHNOLOGIES ,,2026-09-15,-0.0323
GGB,GERDAU SA,,2026-09-15,0.0976
GLATF,GLOBAL ATOMIC ,,2026-09-15,-0.1707
GNK,GENCO SHIPPING & TRADING LIMITED,,2026-09-15,0.0721
GREK,GLBL X MSCI GREECE,,2026-09-15,0.0103
HLX,"HELIX ENERGY SOLUTIONS GROUP, INC.",,2026-09-15,-0.1408
HYD,VANECK:HIGH YIELD MUNI,,2026-09-15,-0.0244
ICL,ICL GROUP LTD,,2026-09-15,-0.0245
INDA,ISHARES:MSCI INDIA,,2026-09-15,-0.0425
IWD,ISHARES:RUSS 1000 VL ETF,,2026-09-15,-0.0133
IWF,ISHARES:RUSS 1000 GR ETF,,2026-09-15,-0.0184
IWM,ISHARES:RUSS 2000 ETF,,2026-09-15,-0.0299
JNK,SPDR BBG HIGH YIELD BD,,2026-09-15,-0.0183
MCHI,ISHARES:MSCI CHINA,,2026-09-15,-0.0331
MDY,SPDR S&P MIDCAP 400 ETF,,2026-09-15,-0.0251
MP,MP MATERIALS CORP,,2026-09-15,-0.1019
MTUM,ISHARES:MSCI USA MOM FCT,,2026-09-15,-0.0028
MUB,ISHARES:NATL MUNI BOND,,2026-09-15,-0.0212
NDX,NASDAQ 100 INDEX,,2026-09-15,-0.0176
NORW,GLBL X MSCI NORWAY ETF,,2026-09-15,0.0045
NOV,NOV INC.,,2026-09-15,-0.015
NQ=F,NASDAQ 100 FUTURES,,2026-09-15,-0.0074
OEF,ISHARES:S&P 100,,2026-09-15,-0.0096
PAM,PAMPA ENERGIA SA,,2026-09-15,0.0545
PBR,BRAZILIAN PETROLEUM  - PETROBRAS,,2026-09-15,0.1251
PFF,ISHARES:PREF AND INC SEC,,2026-09-15,-0.02
POWA,INVESCO BLOOMBERG PRICING POWER,,2026-09-15,-0.032
PPLT,ABRDN:PHYSICAL PLATINUM,,2026-09-15,-0.0111
QAT,ISHARES:MSCI QATAR,,2026-09-15,-0.0126
QQQ,INVESCO QQQ TRUST 1,,2026-09-15,-0.017
QUAL,ISHARES:MSCI USA QF,,2026-09-15,-0.0177
RIG,TRANSOCEAN LTD,,2026-09-15,0.0224
ROKU,"ROKU, INC.",,2026-09-15,-0.002
RSP,INVESCO S&P500 EWGHT,,2026-09-15,-0.0248
RUT,RUSSELL 2000 INDEX,,2026-09-15,-0.0291
SBLK,STAR BULK CARRIERS CORP.,,2026-09-15,0.011
SCHP,SCHWAB STR:US TIPS,,2026-09-15,-0.0131
SD,"SANDRIDGE ENERGY, INC.",,2026-09-15,0.0602
SDY,SPDR S&P DIVIDEND,,2026-09-15,-0.0186
SILJ,ETFMG PRIME JR SILVR MNR,,2026-09-15,-0.0689
SLV,ISHARES:SILVER TRUST,,2026-09-15,-0.0432
SM,SM ENERGY COMPANY,,2026-09-15,0.1105
SMH,VANECK:SEMICONDUCTOR,,2026-09-15,-0.0261
SOYB,TEUCRIUM:SOYBEAN,,2026-09-15,0.0261
SPHB,INVESCO S&P500 HI BE,,2026-09-15,-0.0295
SPLV,INVESCO S&P500 LOWVL,,2026-09-15,-0.017
SPX,S&P 500 INDEX,,2026-09-15,-0.0131
SPY,SPDR S&P 500 ETF,,2026-09-15,-0.0126
STLA,STELLANTIS NV,,2026-09-15,-0.0692
STNG,SCORPIO TANKERS INC.,,2026-09-15,0.0871
TAGS,TEUCRIUM:AGRICULTURAL,,2026-09-15,-0.0063
TDW,TIDEWATER INC.,,2026-09-15,-0.0143
TECK,TECK RESOURCES LIMITED,,2026-09-15,-0.0509
THD,ISHARES:MSCI THAI,,2026-09-15,0.0003
TS,TENARIS SA,,2026-09-15,0.0138
TUR,ISHARES:MSCI TURKEY,,2026-09-15,-0.0394
URA,GLBL X URANIUM ETF,,2026-09-15,-0.0822
URNM,SPROTT URANIUM MINERS,,2026-09-15,-0.1128
UUP,INVESCO DB USD IDX BL,,2026-09-15,0.0036
VAL,VALARIS LIMITED,,2026-09-15,0.0215
VIX,CBOE MKT VOLATILITY IDX,,2026-09-15,0.1528
VNM,VANECK:VIETNAM,,2026-09-15,-0.036
VXN,CBOE NASDAQ MKT VOL NDX,,2026-09-15,0.1031
WEAT,TEUCRIUM:WHEAT,,2026-09-15,-0.0536
XES,SPDR S&P OIL&GAS E&S,,2026-09-15,-0.023
XLB,SEL SECTOR:MATRLS SPDR,,2026-09-15,-0.0372
XLC,SEL SECTOR:COMM SVC SPDR,,2026-09-15,0.0231
XLE,SEL SECTOR:ENERGY SPDR,,2026-09-15,0.0308
XLF,SEL SECTOR:FINL S SPDR,,2026-09-15,-0.0149
XLI,SEL SECTOR:INDUST SPDR,,2026-09-15,-0.0359
XLK,SEL SECTOR:TECH SPDR,,2026-09-15,-0.0148
XLP,SEL SECTOR:C STP SPDR,,2026-09-15,-0.0147
XLRE,SEL SECTOR:RL EST SPDR,,2026-09-15,-0.0236
XLU,SEL SECTOR:UTIL SPDR,,2026-09-15,-0.0215
XLV,SEL SECTOR:H CARE SPDR,,2026-09-15,-0.0169
XLY,SEL SECTOR:C DSC SPDR,,2026-09-15,-0.049
XOP,SPDR S&P OIL&GAS EXP,,2026-09-15,0.0568
