Date,Ticker,Ticker_name,Exposure,Category,model_score
2026-09-17,A,"AGILENT TECHNOLOGIES, INC.",Health Care,Health Care,15.0
2026-09-17,AAPL,APPLE INC.,Information Technology,Information Technology,-29.0
2026-09-17,ABBV,ABBVIE INC.,Health Care,Health Care,23.0
2026-09-17,ABNB,"AIRBNB, INC.",Consumer Discretionary,Consumer Discretionary,-15.0
2026-09-17,ABT,ABBOTT LABORATORIES,Health Care,Health Care,-11.0
2026-09-17,ACGL,ARCH CAPITAL GROUP LTD.,Financials,Financials,-26.0
2026-09-17,ACN,ACCENTURE PUBLIC LIMITED COMPANY,Information Technology,Information Technology,-12.0
2026-09-17,ADBE,ADOBE INC.,Information Technology,Information Technology,-1.0
2026-09-17,ADI,"ANALOG DEVICES, INC.",Information Technology,Information Technology,36.0
2026-09-17,ADM,ARCHER-DANIELS-MIDLAND COMPANY.,Consumer Staples,Consumer Staples,6.0
2026-09-17,ADP,"AUTOMATIC DATA PROCESSING, INC.",Industrials,Industrials,45.0
2026-09-17,ADSK,"AUTODESK, INC.",Information Technology,Information Technology,22.0
2026-09-17,AEE,AMEREN ,Utilities,Utilities,12.0
2026-09-17,AEP,"AMERICAN ELECTRIC POWER COMPANY, INC.",Utilities,Utilities,-67.0
2026-09-17,AES,THE AES ,Utilities,Utilities,-24.0
2026-09-17,AFL,AFLAC INC.,Financials,Financials,-21.0
2026-09-17,AIG,"AMERICAN INTERNATIONAL GROUP, INC.",Financials,Financials,-47.0
2026-09-17,AIZ,"ASSURANT, INC.",Financials,Financials,5.0
2026-09-17,AJG,ARTHUR J. GALLAGHER & CO.,Financials,Financials,-1.0
2026-09-17,AKAM,"AKAMAI TECHNOLOGIES, INC.",Information Technology,Information Technology,50.0
2026-09-17,ALB,ALBEMARLE ,Materials,Materials,21.0
2026-09-17,ALGN,"ALIGN TECHNOLOGY, INC.",Health Care,Health Care,40.0
2026-09-17,ALL,THE ALLSTATE ,Financials,Financials,17.0
2026-09-17,ALLE,ALLEGION PUBLIC LIMITED COMPANY,Industrials,Industrials,40.0
2026-09-17,AMAT,"APPLIED MATERIALS, INC.",Information Technology,Information Technology,20.0
2026-09-17,AMCR,AMCOR PLC,Materials,Materials,12.0
2026-09-17,AMD,"ADVANCED MICRO DEVICES, INC.",Information Technology,Information Technology,6.0
2026-09-17,AME,"AMETEK, INC.",Industrials,Industrials,-8.0
2026-09-17,AMGN,AMGEN INC.,Health Care,Health Care,17.0
2026-09-17,AMP,"AMERIPRISE FINANCIAL, INC.",Financials,Financials,35.0
2026-09-17,AMT,AMERICAN TOWER ,Real Estate,Real Estate,23.0
2026-09-17,AMZN,"AMAZON.COM, INC.",Consumer Discretionary,Consumer Discretionary,-13.0
2026-09-17,ANET,"ARISTA NETWORKS, INC.",Information Technology,Information Technology,24.0
2026-09-17,AON,AON PLC,Financials,Financials,-0.0
2026-09-17,AOS,A. O. SMITH ,Industrials,Industrials,10.0
2026-09-17,APA,APA ,Energy,Energy,33.0
2026-09-17,APD,"AIR PRODUCTS AND CHEMICALS, INC.",Materials,Materials,29.0
2026-09-17,APH,AMPHENOL ,Information Technology,Information Technology,-1.0
2026-09-17,APO,"APOLLO GLOBAL MANAGEMENT, INC.",Financials,Financials,14.0
2026-09-17,APP,APPLOVIN CORP,Information Technology,Information Technology,-29.0
2026-09-17,APTV,APTIV PLC,Consumer Discretionary,Consumer Discretionary,10.0
2026-09-17,ARE,"ALEXANDRIA REAL ESTATE EQUITIES, INC.",Real Estate,Real Estate,-50.0
2026-09-17,ARES,ARES MANAGEMENT CORP,Financials,Financials,-12.0
2026-09-17,ASC,ARDMORE SHIPPING ,,MR Discretion,6.0
2026-09-17,ATO,ATMOS ENERGY ,Utilities,Utilities,-37.0
2026-09-17,AVGO,BROADCOM INC.,Information Technology,Information Technology,40.0
2026-09-17,AVY,AVERY DENNISON ,Materials,Materials,29.0
2026-09-17,AWK,"AMERICAN WATER WORKS COMPANY, INC.",Utilities,Utilities,-31.0
2026-09-17,AXON,"AXON ENTERPRISE, INC.",Industrials,Industrials,15.0
2026-09-17,AXP,AMERICAN EXPRESS COMPANY,Financials,Financials,-26.0
2026-09-17,AZO,"AUTOZONE, INC.",Consumer Discretionary,Consumer Discretionary,14.0
2026-09-17,BA,THE BOEING COMPANY,Industrials,Industrials,4.0
2026-09-17,BAC,BANK OF AMERICA ,Financials,Financials,-10.0
2026-09-17,BALL,BALL ,Materials,Materials,36.0
2026-09-17,BAX,BAXTER INTERNATIONAL INC.,Health Care,Health Care,4.0
2026-09-17,BBY,"BEST BUY CO., INC.",Consumer Discretionary,Consumer Discretionary,-28.0
2026-09-17,BDX,"BECTON, DICKINSON AND COMPANY",Health Care,Health Care,28.0
2026-09-17,BEN,"FRANKLIN RESOURCES, INC.",Financials,Financials,8.0
2026-09-17,BF.B,BROWN-FORMAN ,Consumer Staples,Consumer Staples,-4.0
2026-09-17,BG,BUNGE LIMITED,Consumer Staples,Consumer Staples,3.0
2026-09-17,BIIB,BIOGEN INC.,Health Care,Health Care,35.0
2026-09-17,BKNG,BOOKING HOLDINGS INC.,Consumer Discretionary,Consumer Discretionary,2.0
2026-09-17,BKR,BAKER HUGHES COMPANY,Energy,Energy,34.0
2026-09-17,BLDR,"BUILDERS FIRSTSOURCE, INC.",Industrials,Industrials,29.0
2026-09-17,BLK,"BLACKROCK, INC.",Financials,Financials,-3.0
2026-09-17,BMY,BRISTOL-MYERS SQUIBB COMPANY,Health Care,Health Care,-15.0
2026-09-17,BNY,THE BANK OF NEW YORK MELLON ,Financials,Financials,-13.0
2026-09-17,BR,"BROADRIDGE FINANCIAL SOLUTIONS, INC.",Industrials,Industrials,26.0
2026-09-17,BRK.B,"BERKSHIRE HATHAWAY INC.,",Financials,Financials,-14.0
2026-09-17,BRO,"BROWN & BROWN, INC.",Financials,Financials,-2.0
2026-09-17,BSX,BOSTON SCIENTIFIC ,Health Care,Health Care,6.0
2026-09-17,BTC=F,BITCOIN FUTURES,,Futures,-47.0
2026-09-17,BTI,BRITISH AMERICAN TOBACCO P.L.C.,,MR Discretion,-3.0
2026-09-17,BTU,PEABODY ENERGY ,,MR Discretion,16.0
2026-09-17,BX,BLACKSTONE INC,Financials,Financials,17.0
2026-09-17,BXP,"BOSTON PROPERTIES, INC.",Real Estate,Real Estate,-22.0
2026-09-17,C,CITIGROUP INC.,Financials,Financials,18.0
2026-09-17,CAG,"CONAGRA BRANDS, INC.",Consumer Staples,Consumer Staples,9.0
2026-09-17,CAH,"CARDINAL HEALTH, INC.",Health Care,Health Care,-10.0
2026-09-17,CALM,"CAL-MAINE FOODS, INC.",,MR Discretion,13.0
2026-09-17,CANE,TEUCRIUM:SUGAR,,Commodities,43.0
2026-09-17,CARR,CARRIER GLOBAL ,Industrials,Industrials,12.0
2026-09-17,CASY,"CASEY'S GENERAL STORES, INC.",Consumer Staples,Consumer Staples,0.0
2026-09-17,CAT,CATERPILLAR INC.,Industrials,Industrials,40.0
2026-09-17,CB,CHUBB LTD,Financials,Financials,-5.0
2026-09-17,CBOE,"CBOE GLOBAL MARKETS, INC.",Financials,Financials,55.0
2026-09-17,CBRE,"CBRE GROUP, INC.",Real Estate,Real Estate,-12.0
2026-09-17,CCI,CROWN CASTLE INC.,Real Estate,Real Estate,6.0
2026-09-17,CCJ,CAMECO ,,MR Discretion,-22.0
2026-09-17,CCL,CARNIVAL CORP,Consumer Discretionary,Consumer Discretionary,-11.0
2026-09-17,CDNS,"CADENCE DESIGN SYSTEMS, INC.",Information Technology,Information Technology,-0.0
2026-09-17,CDW,CDW ,Information Technology,Information Technology,-3.0
2026-09-17,CEG,CONSTELLATION ENERGY,Utilities,Utilities,-18.0
2026-09-17,CF,"CF INDUSTRIES HOLDINGS, INC.",Materials,Materials,14.0
2026-09-17,CFG,"CITIZENS FINANCIAL GROUP, INC.",Financials,Financials,71.0
2026-09-17,CHD,"CHURCH & DWIGHT CO., INC.",Consumer Staples,Consumer Staples,-17.0
2026-09-17,CHRW,"C.H. ROBINSON WORLDWIDE, INC.",Industrials,Industrials,-14.0
2026-09-17,CHTR,"CHARTER COMMUNICATIONS, INC.",Communication Services,Communication Services,-13.0
2026-09-17,CI,THE CIGNA GROUP,Health Care,Health Care,-10.0
2026-09-17,CIEN,CIENA CORPORATION,Information Technology,Information Technology,26.0
2026-09-17,CINF,CINCINNATI FINANCIAL ,Financials,Financials,-46.0
2026-09-17,CL,COLGATE-PALMOLIVE COMPANY,Consumer Staples,Consumer Staples,-17.0
2026-09-17,CLX,THE CLOROX COMPANY,Consumer Staples,Consumer Staples,2.0
2026-09-17,CMBT,CMB.TECH NV,,MR Discretion,1.0
2026-09-17,CMCSA,COMCAST ,Communication Services,Communication Services,41.0
2026-09-17,CME,CME GROUP INC.,Financials,Financials,-43.0
2026-09-17,CMG,"CHIPOTLE MEXICAN GRILL, INC.",Consumer Discretionary,Consumer Discretionary,-22.0
2026-09-17,CMI,CUMMINS INC.,Industrials,Industrials,24.0
2026-09-17,CMRE,COSTAMARE INC.,,MR Discretion,-10.0
2026-09-17,CMS,CMS ENERGY ,Utilities,Utilities,-20.0
2026-09-17,CNC,CENTENE ,Health Care,Health Care,-17.0
2026-09-17,CNP,"CENTERPOINT ENERGY, INC.",Utilities,Utilities,25.0
2026-09-17,CNR,"CORE NATURAL RESOURCES, INC.",,MR Discretion,34.0
2026-09-17,COF,CAPITAL ONE FINANCIAL ,Financials,Financials,-33.0
2026-09-17,COHR,COHERENT CORP.,Information Technology,Information Technology,29.0
2026-09-17,COIN,"COINBASE GLOBAL, INC.",Financials,Financials,-42.0
2026-09-17,COMT,ISHARES:GSCI COMM DYN RS,,Commodities,45.0
2026-09-17,COO,"THE COOPER COMPANIES, INC.",Health Care,Health Care,0.0
2026-09-17,COP,CONOCOPHILLIPS,Energy,Energy,19.0
2026-09-17,COR,"CENCORA, INC.",Health Care,Health Care,17.0
2026-09-17,CORN,TEUCRIUM:CORN,,Commodities,6.0
2026-09-17,COST,COSTCO WHOLESALE ,Consumer Staples,Consumer Staples,-57.0
2026-09-17,CPAY,"FLEETCOR TECHNOLOGIES, INC.",Financials,Financials,11.0
2026-09-17,CPER,UNITED STATES COPPER IDX,,Commodities,16.0
2026-09-17,CPRT,"COPART, INC.",Industrials,Industrials,27.0
2026-09-17,CPT,CAMDEN PROPERTY TRUST,Real Estate,Real Estate,12.0
2026-09-17,CRESY,CRESUD INC.,,MR Discretion,-17.0
2026-09-17,CRH,CRH PUBLIC LIMITED COMPANY,Materials,Materials,-16.0
2026-09-17,CRL,CHARLES RIVER LABORATORIES,Health Care,Health Care,7.0
2026-09-17,CRM,"SALESFORCE, INC.",Information Technology,Information Technology,14.0
2026-09-17,CRWD,"CROWDSTRIKE HOLDINGS, INC.",Information Technology,Information Technology,18.0
2026-09-17,CSCO,"CISCO SYSTEMS, INC.",Information Technology,Information Technology,37.0
2026-09-17,CSGP,"COSTAR GROUP, INC.",Real Estate,Real Estate,-15.0
2026-09-17,CSX,CSX ,Industrials,Industrials,-9.0
2026-09-17,CTAS,CINTAS ,Industrials,Industrials,22.0
2026-09-17,CTSH,COGNIZANT TECHNOLOGY SOLUTIONS ,Information Technology,Information Technology,-44.0
2026-09-17,CTVA,"CORTEVA, INC.",Materials,Materials,-2.0
2026-09-17,CVNA,CARVANA CO.,Consumer Discretionary,Consumer Discretionary,-46.0
2026-09-17,CVS,CVS HEALTH ,Health Care,Health Care,28.0
2026-09-17,CVX,CHEVRON ,Energy,Energy,53.0
2026-09-17,D,"DOMINION ENERGY, INC.",Utilities,Utilities,20.0
2026-09-17,DAL,"DELTA AIR LINES, INC.",Industrials,Industrials,-5.0
2026-09-17,DASH,"DOORDASH, INC.",Consumer Discretionary,Consumer Discretionary,25.0
2026-09-17,DBA,INVESCO DB MS AGRI,,Commodities,13.0
2026-09-17,DBB,INVESCO DB MS BMTL,,Commodities,35.0
2026-09-17,DBC,INVESCO DB CM IDX,,Commodities,21.0
2026-09-17,DD,"DUPONT DE NEMOURS, INC.",Materials,Materials,-11.0
2026-09-17,DDOG,"DATADOG, INC.",Information Technology,Information Technology,14.0
2026-09-17,DE,DEERE & COMPANY,Industrials,Industrials,-11.0
2026-09-17,DECK,DECKERS OUTDOOR ,Consumer Discretionary,Consumer Discretionary,6.0
2026-09-17,DELL,DELL TECHNOLOGIES INC.,Information Technology,Information Technology,20.0
2026-09-17,DG,DOLLAR GENERAL ,Consumer Staples,Consumer Staples,19.0
2026-09-17,DGX,QUEST DIAGNOSTICS INC.,Health Care,Health Care,58.0
2026-09-17,DHI,"D.R. HORTON, INC.",Consumer Discretionary,Consumer Discretionary,-33.0
2026-09-17,DHR,DANAHER ,Health Care,Health Care,-54.0
2026-09-17,DHT,"DHT HOLDINGS, INC.",,MR Discretion,-15.0
2026-09-17,DIA,SPDR DOW JONES INDUS AVG,,Sector & Style ETFs,33.0
2026-09-17,DIS,THE WALT DISNEY COMPANY,Communication Services,Communication Services,-22.0
2026-09-17,DJI,DOW JONES INDUSTRIAL AVG INDEX,,Indices,18.0
2026-09-17,DLR,"DIGITAL REALTY TRUST, INC.",Real Estate,Real Estate,36.0
2026-09-17,DLTR,"DOLLAR TREE, INC.",Consumer Staples,Consumer Staples,37.0
2026-09-17,DOC,"HEALTHDOC PROPERTIES, INC.",Real Estate,Real Estate,26.0
2026-09-17,DOV,DOVER ,Industrials,Industrials,36.0
2026-09-17,DOW,DOW INC.,Materials,Materials,75.0
2026-09-17,DPZ,"DOMINO'S PIZZA, INC.",Consumer Discretionary,Consumer Discretionary,38.0
2026-09-17,DRI,"DARDEN RESTAURANTS, INC.",Consumer Discretionary,Consumer Discretionary,54.0
2026-09-17,DTE,DTE ENERGY COMPANY,Utilities,Utilities,-11.0
2026-09-17,DUK,DUKE ENERGY ,Utilities,Utilities,-12.0
2026-09-17,DVA,DAVITA INC.,Health Care,Health Care,29.0
2026-09-17,DVN,DEVON ENERGY ,Energy,Energy,46.0
2026-09-17,DXCM,"DEXCOM, INC.",Health Care,Health Care,34.0
2026-09-17,DXY,US DOLLAR INDEX,USD,Indices,-27.0
2026-09-17,EBAY,EBAY INC.,Consumer Discretionary,Consumer Discretionary,-23.0
2026-09-17,EC,ECOPETROL SA,,MR Discretion,77.0
2026-09-17,ECH,ISHARES:MSCI CHILE,,Foreign,48.0
2026-09-17,ECHO,ECHOSTAR CORPORATION,Communication Services,Communication Services,3.0
2026-09-17,ECL,ECOLAB INC.,Materials,Materials,-6.0
2026-09-17,ED,"CONSOLIDATED EDISON, INC.",Utilities,Utilities,-15.0
2026-09-17,EDEN,ISHARES:MSCI DENMARK,,Foreign,6.0
2026-09-17,EDV,VANGUARD EXT DUR T;ETF,Bonds,Bonds,-10.0
2026-09-17,EFNL,ISHARES:MSCI FINLAND,,Foreign,15.0
2026-09-17,EFX,EQUIFAX INC.,Industrials,Industrials,-2.0
2026-09-17,EG,"EVEREST GROUP, LTD.",Financials,Financials,-35.0
2026-09-17,EIDO,ISHARES:MSCI INDONESIA,,Foreign,6.0
2026-09-17,EIRL,ISHARES:MSCI IRELAND,,Foreign,18.0
2026-09-17,EIS,ISHARES:MSCI ISRAEL,,Foreign,54.0
2026-09-17,EIX,EDISON INTERNATIONAL,Utilities,Utilities,-36.0
2026-09-17,EL,THE ESTEE LAUDER COMPANIES INC.,Consumer Staples,Consumer Staples,11.0
2026-09-17,ELV,"ELEVANCE HEALTH, INC.",Health Care,Health Care,-13.0
2026-09-17,EME,"EMCOR GROUP, INC.",Industrials,Industrials,10.0
2026-09-17,EMR,EMERSON ELECTRIC CO.,Industrials,Industrials,8.0
2026-09-17,ENZL,ISHARES:MSCI NEW ZLND,,Foreign,33.0
2026-09-17,EOG,"EOG RESOURCES, INC.",Energy,Energy,51.0
2026-09-17,EPAM,"EPAM SYSTEMS, INC.",Information Technology,Information Technology,-20.0
2026-09-17,EPHE,ISHARES:MSCI PHILIPPINES,,Foreign,18.0
2026-09-17,EPOL,ISHARES:MSCI POLAND,,Foreign,5.0
2026-09-17,EPU,ISHARES:MSCI PERU,,Foreign,-13.0
2026-09-17,EQIX,"EQUINIX, INC.",Real Estate,Real Estate,36.0
2026-09-17,EQR,EQUITY RESIDENTIAL,Real Estate,Real Estate,26.0
2026-09-17,EQT,EQT ,Energy,Energy,13.0
2026-09-17,ERIE,ERIE INDEMNITY COMPANY,Financials,Financials,-22.0
2026-09-17,ES,EVERSOURCE ENERGY,Utilities,Utilities,65.0
2026-09-17,ES=F,E-MINI S&P 500 FUTURES,,Futures,-4.0
2026-09-17,ESS,"ESSEX PROPERTY TRUST, INC.",Real Estate,Real Estate,12.0
2026-09-17,ETN,EATON  PUBLIC LIMITED COMPANY,Industrials,Industrials,11.0
2026-09-17,ETR,ENTERGY ,Utilities,Utilities,-35.0
2026-09-17,EVRG,"EVERGY, INC.",Utilities,Utilities,40.0
2026-09-17,EW,EDWARDS LIFESCIENCES ,Health Care,Health Care,14.0
2026-09-17,EWA,ISHARES:MSCI AUSTRALIA,,Foreign,23.0
2026-09-17,EWC,ISHARES:MSCI CANADA,,Foreign,33.0
2026-09-17,EWD,ISHARES:MSCI SWEDEN,,Foreign,2.0
2026-09-17,EWG,ISHARES:MSCI GERMANY,,Foreign,0.0
2026-09-17,EWH,ISHARES:MSCI HONG KONG,,Foreign,20.0
2026-09-17,EWI,ISHARES:MSCI ITALY,,Foreign,54.0
2026-09-17,EWJ,ISHARES:MSCI JAPAN,,Foreign,9.0
2026-09-17,EWK,ISHARES:MSCI BELGIUM,,Foreign,8.0
2026-09-17,EWL,ISHARES:MSCI SWITZERLAND,,Foreign,8.0
2026-09-17,EWM,ISHARES:MSCI MALAYSIA,,Foreign,-4.0
2026-09-17,EWN,ISHARES:MSCI NETHERLANDS,,Foreign,27.0
2026-09-17,EWO,ISHARES:MSCI AUSTRIA,,Foreign,1.0
2026-09-17,EWP,ISHARES:MSCI SPAIN,,Foreign,48.0
2026-09-17,EWQ,ISHARES:MSCI FRANCE,,Foreign,20.0
2026-09-17,EWS,ISHARES:MSCI SINGAPORE,,Foreign,8.0
2026-09-17,EWT,ISHARES:MSCI TAIWAN,,Foreign,-1.0
2026-09-17,EWU,ISHARES:MSCI UK,,Foreign,47.0
2026-09-17,EWW,ISHARES:MSCI MEXICO,,Foreign,15.0
2026-09-17,EWY,ISHARES:MSCI S KOREA,,Foreign,-1.0
2026-09-17,EWZ,ISHARES:MSCI BRAZIL,,Foreign,-20.0
2026-09-17,EXC,EXELON ,Utilities,Utilities,12.0
2026-09-17,EXE,EXPAND ENERGY ,Energy,Energy,64.0
2026-09-17,EXPD,EXPEDITORS INTERNATIONAL OF WASHINGTON,Industrials,Industrials,51.0
2026-09-17,EXPE,"EXPEDIA GROUP, INC.",Consumer Discretionary,Consumer Discretionary,-10.0
2026-09-17,EXR,EXTRA SPACE STORAGE INC.,Real Estate,Real Estate,-10.0
2026-09-17,F,FORD MOTOR COMPANY,Consumer Discretionary,Consumer Discretionary,49.0
2026-09-17,FANG,"DIAMONDBACK ENERGY, INC.",Energy,Energy,53.0
2026-09-17,FAST,FASTENAL COMPANY,Industrials,Industrials,36.0
2026-09-17,FCX,FREEPORT-MCMORAN INC.,Materials,Materials,-16.0
2026-09-17,FDS,FACTSET RESEARCH SYSTEMS INC.,Financials,Financials,65.0
2026-09-17,FDX,FEDEX ,Industrials,Industrials,-15.0
2026-09-17,FE,FIRSTENERGY CORP.,Utilities,Utilities,47.0
2026-09-17,FERG,FERGUSON ENTERPRISES INC.,Industrials,Industrials,-33.0
2026-09-17,FFIV,"F5, INC.",Information Technology,Information Technology,-36.0
2026-09-17,FICO,FAIR ISAAC ,Information Technology,Information Technology,4.0
2026-09-17,FIS,FIDELITY NATIONAL INFORMATION SERVICES,Financials,Financials,17.0
2026-09-17,FISV,"FISERV, INC.",Financials,Financials,-5.0
2026-09-17,FITB,FIFTH THIRD BANCORP,Financials,Financials,44.0
2026-09-17,FIX,"COMFORT SYSTEMS USA, INC.",Industrials,Industrials,9.0
2026-09-17,FLEX,FLEX LTD.,Information Technology,Information Technology,34.0
2026-09-17,FOXA,FOX ,Communication Services,Communication Services,-6.0
2026-09-17,FRO,FRONTLINE PLC,,MR Discretion,-22.0
2026-09-17,FRT,FEDERAL REALTY INVESTMENT TRUST,Real Estate,Real Estate,27.0
2026-09-17,FSLR,"FIRST SOLAR, INC.",Information Technology,Information Technology,6.0
2026-09-17,FTI,TECHNIPFMC PLC,,MR Discretion,54.0
2026-09-17,FTNT,"FORTINET, INC.",Information Technology,Information Technology,14.0
2026-09-17,FTV,FORTIVE ,Industrials,Industrials,-24.0
2026-09-17,FVX,5 YR TSY YLD NDX,Yields,Yields,-21.0
2026-09-17,FXA,INVESCO:AU DOLLAR,,Currencies,6.0
2026-09-17,FXB,INVESCO:GBP STERLING,,Currencies,72.0
2026-09-17,FXC,INVESCO:CANADIAN DOLLAR,,Currencies,62.0
2026-09-17,FXE,INVESCO:EURO,,Currencies,-8.0
2026-09-17,FXY,INVESCO:JAPANESE YEN,,Currencies,-16.0
2026-09-17,GD,GENERAL DYNAMICS ,Industrials,Industrials,35.0
2026-09-17,GDDY,GODADDY INC.,Information Technology,Information Technology,-46.0
2026-09-17,GDX,VANECK:GOLD MINERS,,Commodities,-1.0
2026-09-17,GDXJ,VANECK:JR GOLD MINERS,,Commodities,-1.0
2026-09-17,GE,GENERAL ELECTRIC COMPANY,Industrials,Industrials,-63.0
2026-09-17,GEHC,GE HEALTHCARE TECHNOLOGIES INC.,Health Care,Health Care,-11.0
2026-09-17,GEN,GEN DIGITAL INC.,Information Technology,Information Technology,-45.0
2026-09-17,GEOS,GEOSPACE TECHNOLOGIES ,,MR Discretion,14.0
2026-09-17,GEV,GE VERNOVA INC.,Industrials,Industrials,-12.0
2026-09-17,GGB,GERDAU SA,,MR Discretion,8.0
2026-09-17,GILD,"GILEAD SCIENCES, INC.",Health Care,Health Care,-3.0
2026-09-17,GIS,"GENERAL MILLS, INC.",Consumer Staples,Consumer Staples,39.0
2026-09-17,GL,GLOBE LIFE INC.,Financials,Financials,-25.0
2026-09-17,GLATF,GLOBAL ATOMIC ,,MR Discretion,18.0
2026-09-17,GLD,SPDR GOLD,Gold,Commodities,21.0
2026-09-17,GLW,CORNING INC.,Information Technology,Information Technology,10.0
2026-09-17,GM,GENERAL MOTORS COMPANY,Consumer Discretionary,Consumer Discretionary,74.0
2026-09-17,GNK,GENCO SHIPPING & TRADING LIMITED,,MR Discretion,-3.0
2026-09-17,GNRC,GENERAC HOLDINGS INC.,Industrials,Industrials,-12.0
2026-09-17,GOOGL,ALPHABET INC.,Communication Services,Communication Services,14.0
2026-09-17,GPC,GENUINE PARTS COMPANY,Consumer Discretionary,Consumer Discretionary,4.0
2026-09-17,GPN,GLOBAL PAYMENTS INC.,Financials,Financials,25.0
2026-09-17,GREK,GLBL X MSCI GREECE,,Foreign,5.0
2026-09-17,GRMN,GARMIN LTD,Consumer Discretionary,Consumer Discretionary,77.0
2026-09-17,GS,"THE GOLDMAN SACHS GROUP, INC.",Financials,Financials,-13.0
2026-09-17,GWW,"W.W. GRAINGER, INC.",Industrials,Industrials,32.0
2026-09-17,HAL,HALLIBURTON COMPANY,Energy,Energy,62.0
2026-09-17,HAS,"HASBRO, INC.",Consumer Discretionary,Consumer Discretionary,-6.0
2026-09-17,HBAN,HUNTINGTON BANCSHARES INC.,Financials,Financials,40.0
2026-09-17,HCA,"HCA HEALTHCARE, INC.",Health Care,Health Care,-95.0
2026-09-17,HD,"THE HOME DEPOT, INC.",Consumer Discretionary,Consumer Discretionary,-11.0
2026-09-17,HIG,THE HARTFORD FINANCIAL SERVICES GROUP,Financials,Financials,-6.0
2026-09-17,HII,"HUNTINGTON INGALLS INDUSTRIES, INC.",Industrials,Industrials,19.0
2026-09-17,HLT,HILTON WORLDWIDE HOLDINGS INC.,Consumer Discretionary,Consumer Discretionary,4.0
2026-09-17,HLX,"HELIX ENERGY SOLUTIONS GROUP, INC.",,MR Discretion,47.0
2026-09-17,HON,HONEYWELL INTERNATIONAL INC.,Industrials,Industrials,47.0
2026-09-17,HOOD,"ROBINHOOD MARKETS, INC.",Financials,Financials,-43.0
2026-09-17,HPE,HEWLETT PACKARD ENTERPRISE COMPANY,Information Technology,Information Technology,49.0
2026-09-17,HPQ,HP INC.,Information Technology,Information Technology,-49.0
2026-09-17,HRL,HORMEL FOODS ,Consumer Staples,Consumer Staples,7.0
2026-09-17,HSIC,"HENRY SCHEIN, INC.",Health Care,Health Care,-9.0
2026-09-17,HST,"HOST HOTELS & RESORTS, INC.",Real Estate,Real Estate,23.0
2026-09-17,HSY,THE HERSHEY COMPANY,Consumer Staples,Consumer Staples,31.0
2026-09-17,HUBB,HUBBELL INC.,Industrials,Industrials,17.0
2026-09-17,HUM,HUMANA INC.,Health Care,Health Care,16.0
2026-09-17,HWM,HOWMET AEROSPACE INC.,Industrials,Industrials,0.0
2026-09-17,HYD,VANECK:HIGH YIELD MUNI,,Bonds,11.0
2026-09-17,HYG,ISHARES:IBOXX $HY CORP,Bonds,Bonds,23.0
2026-09-17,IBKR,"INTERACTIVE BROKERS GROUP, INC.",Financials,Financials,-10.0
2026-09-17,IBM,INTERNATIONAL BUSINESS MACHINES ,Information Technology,Information Technology,-39.0
2026-09-17,ICE,"INTERCONTINENTAL EXCHANGE, INC.",Financials,Financials,-22.0
2026-09-17,ICL,ICL GROUP LTD,,MR Discretion,37.0
2026-09-17,IDXX,"IDEXX LABORATORIES, INC.",Health Care,Health Care,-33.0
2026-09-17,IEF,ISHARES:7-10 TRS BD ETF,Bonds,Bonds,18.0
2026-09-17,IEX,IDEX ,Industrials,Industrials,30.0
2026-09-17,IFF,INTERNATIONAL FLAVORS & FRAGRANCES INC.,Materials,Materials,-31.0
2026-09-17,INCY,INCYTE ,Health Care,Health Care,46.0
2026-09-17,INDA,ISHARES:MSCI INDIA,,Foreign,-34.0
2026-09-17,INTC,INTEL ,Information Technology,Information Technology,14.0
2026-09-17,INTU,INTUIT INC.,Information Technology,Information Technology,22.0
2026-09-17,INVH,INVITATION HOMES INC.,Real Estate,Real Estate,27.0
2026-09-17,IP,INTERNATIONAL PAPER COMPANY,Materials,Materials,-12.0
2026-09-17,IQV,IQVIA HOLDINGS INC,Health Care,Health Care,-2.0
2026-09-17,IR,INGERSOLL RAND INC.,Industrials,Industrials,12.0
2026-09-17,IRM,IRON MOUNTAIN INC.,Real Estate,Real Estate,46.0
2026-09-17,ISRG,"INTUITIVE SURGICAL, INC.",Health Care,Health Care,7.0
2026-09-17,IT,"GARTNER, INC.",Information Technology,Information Technology,-20.0
2026-09-17,ITW,ILLINOIS TOOL WORKS INC.,Industrials,Industrials,47.0
2026-09-17,IVZ,INVESCO LTD.,Financials,Financials,-15.0
2026-09-17,IWD,ISHARES:RUSS 1000 VL ETF,,Sector & Style ETFs,11.0
2026-09-17,IWF,ISHARES:RUSS 1000 GR ETF,,Sector & Style ETFs,-41.0
2026-09-17,IWM,ISHARES:RUSS 2000 ETF,,Sector & Style ETFs,27.0
2026-09-17,J,JACOBS SOLUTIONS INC.,Industrials,Industrials,-17.0
2026-09-17,JBHT,"J. B. HUNT TRANSPORT SERVICES, INC.",Industrials,Industrials,-6.0
2026-09-17,JBL,JABIL INC.,Information Technology,Information Technology,25.0
2026-09-17,JCI,JOHNSON CONTROLS INTERNATIONAL PLC,Industrials,Industrials,56.0
2026-09-17,JKHY,"JACK HENRY & ASSOCIATES, INC.",Financials,Financials,13.0
2026-09-17,JNJ,JOHNSON & JOHNSON,Health Care,Health Care,52.0
2026-09-17,JNK,SPDR BBG HIGH YIELD BD,,Bonds,41.0
2026-09-17,JPM,JPMORGAN CHASE & CO.,Financials,Financials,-6.0
2026-09-17,KDP,KEURIG DR PEPPER INC.,Consumer Staples,Consumer Staples,16.0
2026-09-17,KEY,KEYCORP,Financials,Financials,48.0
2026-09-17,KEYS,"KEYSIGHT TECHNOLOGIES, INC.",Information Technology,Information Technology,9.0
2026-09-17,KHC,THE KRAFT HEINZ COMPANY,Consumer Staples,Consumer Staples,1.0
2026-09-17,KIM,KIMCO REALTY .,Real Estate,Real Estate,27.0
2026-09-17,KKR,KKR & CO. INC.,Financials,Financials,-41.0
2026-09-17,KLAC,KLA ,Information Technology,Information Technology,20.0
2026-09-17,KMB,KIMBERLY-CLARK ,Consumer Staples,Consumer Staples,-39.0
2026-09-17,KMI,"KINDER MORGAN, INC.",Energy,Energy,-67.0
2026-09-17,KO,THE COCA-COLA COMPANY,Consumer Staples,Consumer Staples,14.0
2026-09-17,KR,THE KROGER CO.,Consumer Staples,Consumer Staples,-60.0
2026-09-17,KVUE,KENVUE INC.,Consumer Staples,Consumer Staples,14.0
2026-09-17,L,LOEWS ,Financials,Financials,47.0
2026-09-17,LDOS,"LEIDOS HOLDINGS, INC.",Industrials,Industrials,-6.0
2026-09-17,LEN,LENNAR ,Consumer Discretionary,Consumer Discretionary,-38.0
2026-09-17,LH,LABORATORY  OF AMERICA HOLDINGS,Health Care,Health Care,26.0
2026-09-17,LHX,"L3HARRIS TECHNOLOGIES, INC.",Industrials,Industrials,-20.0
2026-09-17,LII,LENNOX INTERNATIONAL INC.,Industrials,Industrials,-20.0
2026-09-17,LIN,LINDE PUBLIC LIMITED COMPANY,Materials,Materials,17.0
2026-09-17,LITE,LUMENTUM HOLDINGS INC.,Information Technology,Information Technology,-7.0
2026-09-17,LLY,ELI LILLY AND COMPANY,Health Care,Health Care,45.0
2026-09-17,LMT,LOCKHEED MARTIN ,Industrials,Industrials,40.0
2026-09-17,LNT,ALLIANT ENERGY ,Utilities,Utilities,12.0
2026-09-17,LOW,"LOWE'S COMPANIES, INC.",Consumer Discretionary,Consumer Discretionary,-20.0
2026-09-17,LQD,ISHARES:IBOXX $IG CORP,Bonds,Bonds,-13.0
2026-09-17,LRCX,LAM RESEARCH ,Information Technology,Information Technology,2.0
2026-09-17,LULU,LULULEMON ATHLETICA INC.,Consumer Discretionary,Consumer Discretionary,66.0
2026-09-17,LUV,SOUTHWEST AIRLINES CO.,Industrials,Industrials,-5.0
2026-09-17,LVS,LAS VEGAS SANDS CORP.,Consumer Discretionary,Consumer Discretionary,-3.0
2026-09-17,LYB,LYONDELLBASELL INDUSTRIES NV,Materials,Materials,39.0
2026-09-17,LYV,"LIVE NATION ENTERTAINMENT, INC.",Communication Services,Communication Services,-18.0
2026-09-17,MA,MASTERCARD INC..,Financials,Financials,5.0
2026-09-17,MAA,"MID-AMERICA APARTMENT COMMUNITIES, INC.",Real Estate,Real Estate,-11.0
2026-09-17,MAR,"MARRIOTT INTERNATIONAL, INC.",Consumer Discretionary,Consumer Discretionary,27.0
2026-09-17,MAS,MASCO ,Industrials,Industrials,17.0
2026-09-17,MCD,MCDONALD'S ,Consumer Discretionary,Consumer Discretionary,40.0
2026-09-17,MCHI,ISHARES:MSCI CHINA,,Foreign,-20.0
2026-09-17,MCHP,MICROCHIP TECHNOLOGY INC.,Information Technology,Information Technology,26.0
2026-09-17,MCK,MCKESSON ,Health Care,Health Care,-24.0
2026-09-17,MCO,MOODY'S ,Financials,Financials,-29.0
2026-09-17,MDLZ,"MONDELEZ INTERNATIONAL, INC.",Consumer Staples,Consumer Staples,4.0
2026-09-17,MDT,MEDTRONIC PUBLIC LIMITED COMPANY,Health Care,Health Care,49.0
2026-09-17,MDY,SPDR S&P MIDCAP 400 ETF,,Sector & Style ETFs,-18.0
2026-09-17,MET,"METLIFE, INC.",Financials,Financials,-19.0
2026-09-17,META,"META PLATFORMS, INC.",Communication Services,Communication Services,-53.0
2026-09-17,MGM,MGM RESORTS INTERNATIONAL,Consumer Discretionary,Consumer Discretionary,4.0
2026-09-17,MKC,"MCCORMICK & COMPANY, INC.",Consumer Staples,Consumer Staples,-2.0
2026-09-17,MLM,"MARTIN MARIETTA MATERIALS, INC.",Materials,Materials,17.0
2026-09-17,MMM,3M COMPANY,Industrials,Industrials,0.0
2026-09-17,MNST,MONSTER BEVERAGE ,Consumer Staples,Consumer Staples,23.0
2026-09-17,MO,"ALTRIA GROUP, INC.",Consumer Staples,Consumer Staples,-39.0
2026-09-17,MOS,THE MOSAIC COMPANY,Materials,Materials,-41.0
2026-09-17,MP,MP MATERIALS CORP,,MR Discretion,-6.0
2026-09-17,MPC,MARATHON PETROLEUM ,Energy,Energy,-8.0
2026-09-17,MPWR,"MONOLITHIC POWER SYSTEMS, INC.",Information Technology,Information Technology,12.0
2026-09-17,MRK,"MERCK & CO., INC.",Health Care,Health Care,45.0
2026-09-17,MRNA,"MODERNA, INC.",Health Care,Health Care,3.0
2026-09-17,MRSH,"MARSH & MCLENNAN COMPANIES, INC.",Financials,Financials,4.0
2026-09-17,MRVL,"MARVELL TECHNOLOGY, INC.",Information Technology,Information Technology,14.0
2026-09-17,MS,MORGAN STANLEY,Financials,Financials,-10.0
2026-09-17,MSCI,MSCI INC.,Financials,Financials,36.0
2026-09-17,MSFT,MICROSOFT ,Information Technology,Information Technology,-14.0
2026-09-17,MSI,"MOTOROLA SOLUTIONS, INC.",Information Technology,Information Technology,57.0
2026-09-17,MTB,M&T BANK ,Financials,Financials,71.0
2026-09-17,MTD,METTLER-TOLEDO INTERNATIONAL INC.,Health Care,Health Care,-27.0
2026-09-17,MTUM,ISHARES:MSCI USA MOM FCT,,Sector & Style ETFs,22.0
2026-09-17,MU,"MICRON TECHNOLOGY, INC.",Information Technology,Information Technology,37.0
2026-09-17,MUB,ISHARES:NATL MUNI BOND,,Bonds,46.0
2026-09-17,NCLH,NORWEGIAN CRUISE LINE HOLDINGS LTD.,Consumer Discretionary,Consumer Discretionary,12.0
2026-09-17,NDAQ,"NASDAQ, INC.",Financials,Financials,47.0
2026-09-17,NDSN,NORDSON ,Industrials,Industrials,28.0
2026-09-17,NDX,NASDAQ 100 INDEX,,Indices,18.0
2026-09-17,NEE,"NEXTERA ENERGY, INC.",Utilities,Utilities,-56.0
2026-09-17,NEM,NEWMONT ,Materials,Materials,-43.0
2026-09-17,NFLX,"NETFLIX, INC.",Communication Services,Communication Services,3.0
2026-09-17,NI,NISOURCE INC.,Utilities,Utilities,-20.0
2026-09-17,NKE,"NIKE, INC.",Consumer Discretionary,Consumer Discretionary,-6.0
2026-09-17,NOC,NORTHROP GRUMMAN ,Industrials,Industrials,-3.0
2026-09-17,NORW,GLBL X MSCI NORWAY ETF,,Foreign,29.0
2026-09-17,NOV,NOV INC.,,MR Discretion,62.0
2026-09-17,NOW,"SERVICENOW, INC.",Information Technology,Information Technology,-20.0
2026-09-17,NQ=F,NASDAQ 100 FUTURES,,Futures,-11.0
2026-09-17,NRG,"NRG ENERGY, INC.",Utilities,Utilities,-57.0
2026-09-17,NSC,NORFOLK SOUTHERN ,Industrials,Industrials,28.0
2026-09-17,NTAP,"NETAPP, INC.",Information Technology,Information Technology,50.0
2026-09-17,NTRS,NORTHERN TRUST ,Financials,Financials,-9.0
2026-09-17,NUE,NUCOR ,Materials,Materials,-1.0
2026-09-17,NVDA,NVIDIA ,Information Technology,Information Technology,-22.0
2026-09-17,NVR,"NVR, INC.",Consumer Discretionary,Consumer Discretionary,-34.0
2026-09-17,NWSA,NEWS CORP.,Communication Services,Communication Services,12.0
2026-09-17,NXPI,NXP SEMICONDUCTORS NV,Information Technology,Information Technology,-18.0
2026-09-17,O,REALTY INCOME ,Real Estate,Real Estate,41.0
2026-09-17,ODFL,"OLD DOMINION FREIGHT LINE, INC.",Industrials,Industrials,24.0
2026-09-17,OEF,ISHARES:S&P 100,,Sector & Style ETFs,-47.0
2026-09-17,OKE,"ONEOK, INC.",Energy,Energy,46.0
2026-09-17,OMC,OMNICOM GROUP INC.,Communication Services,Communication Services,46.0
2026-09-17,ON,ON SEMICONDUCTOR ,Information Technology,Information Technology,-2.0
2026-09-17,ORCL,ORACLE ,Information Technology,Information Technology,-41.0
2026-09-17,ORLY,"O'REILLY AUTOMOTIVE, INC.",Consumer Discretionary,Consumer Discretionary,-38.0
2026-09-17,OTIS,OTIS WORLDWIDE ,Industrials,Industrials,12.0
2026-09-17,OXY,OCCIDENTAL PETROLEUM ,Energy,Energy,60.0
2026-09-17,PAM,PAMPA ENERGIA SA,,MR Discretion,-11.0
2026-09-17,PANW,"PALO ALTO NETWORKS, INC.",Information Technology,Information Technology,62.0
2026-09-17,PAYX,"PAYCHEX, INC.",Industrials,Industrials,19.0
2026-09-17,PBR,BRAZILIAN PETROLEUM  - PETROBRAS,,MR Discretion,10.0
2026-09-17,PCAR,PACCAR INC,Industrials,Industrials,-20.0
2026-09-17,PCG,PG&E ,Utilities,Utilities,-36.0
2026-09-17,PEG,PUBLIC SERVICE ENTERPRISE GROUP INC.,Utilities,Utilities,-52.0
2026-09-17,PEP,"PEPSICO, INC.",Consumer Staples,Consumer Staples,-11.0
2026-09-17,PFE,PFIZER INC.,Health Care,Health Care,-6.0
2026-09-17,PFF,ISHARES:PREF AND INC SEC,,Bonds,41.0
2026-09-17,PFG,"PRINCIPAL FINANCIAL GROUP, INC.",Financials,Financials,7.0
2026-09-17,PG,THE PROCTER & GAMBLE COMPANY,Consumer Staples,Consumer Staples,-16.0
2026-09-17,PGR,THE PROGRESSIVE ,Financials,Financials,-31.0
2026-09-17,PH,PARKER-HANNIFIN ,Industrials,Industrials,-18.0
2026-09-17,PHM,"PULTEGROUP, INC.",Consumer Discretionary,Consumer Discretionary,6.0
2026-09-17,PKG,PACKAGING  OF AMERICA,Materials,Materials,54.0
2026-09-17,PLD,"PROLOGIS, INC.",Real Estate,Real Estate,-4.0
2026-09-17,PLTR,PALANTIR TECHNOLOGIES INC.,Information Technology,Information Technology,2.0
2026-09-17,PM,PHILIP MORRIS INTERNATIONAL INC.,Consumer Staples,Consumer Staples,-47.0
2026-09-17,PNC,"THE PNC FINANCIAL SERVICES GROUP, INC.",Financials,Financials,71.0
2026-09-17,PNR,PENTAIR PUBLIC LIMITED COMPANY,Industrials,Industrials,-47.0
2026-09-17,PNW,PINNACLE WEST CAPITAL ,Utilities,Utilities,40.0
2026-09-17,PODD,INSULET ,Health Care,Health Care,-32.0
2026-09-17,POWA,INVESCO BLOOMBERG PRICING POWER,,Sector & Style ETFs,8.0
2026-09-17,PPG,"PPG INDUSTRIES, INC.",Materials,Materials,32.0
2026-09-17,PPL,PPL ,Utilities,Utilities,-38.0
2026-09-17,PPLT,ABRDN:PHYSICAL PLATINUM,,Commodities,75.0
2026-09-17,PRU,"PRUDENTIAL FINANCIAL, INC.",Financials,Financials,53.0
2026-09-17,PSA,PUBLIC STORAGE.,Real Estate,Real Estate,54.0
2026-09-17,PSKY,PARAMOUNT SKYDANCE ,Communication Services,Communication Services,-22.0
2026-09-17,PSX,PHILLIPS 66,Energy,Energy,-8.0
2026-09-17,PTC,PTC INC.,Information Technology,Information Technology,13.0
2026-09-17,PWR,"QUANTA SERVICES, INC.",Industrials,Industrials,-17.0
2026-09-17,PYPL,"PAYPAL HOLDINGS, INC.",Financials,Financials,-4.0
2026-09-17,Q,"QNITY ELECTRONICS, INC.",Information Technology,Information Technology,-42.0
2026-09-17,QAT,ISHARES:MSCI QATAR,,Foreign,-13.0
2026-09-17,QCOM,QUALCOMM INC.,Information Technology,Information Technology,-26.0
2026-09-17,QQQ,INVESCO QQQ TRUST 1,,Sector & Style ETFs,26.0
2026-09-17,QUAL,ISHARES:MSCI USA QF,,Sector & Style ETFs,-12.0
2026-09-17,RCL,ROYAL CARIBBEAN CRUISES LTD.,Consumer Discretionary,Consumer Discretionary,9.0
2026-09-17,RDDT,"REDDIT, INC.",Communication Services,Communication Services,-30.0
2026-09-17,REG,REGENCY CENTERS ,Real Estate,Real Estate,12.0
2026-09-17,REGN,"REGENERON PHARMACEUTICALS, INC.",Health Care,Health Care,18.0
2026-09-17,RF,REGIONS FINANCIAL ,Financials,Financials,71.0
2026-09-17,RIG,TRANSOCEAN LTD,,MR Discretion,61.0
2026-09-17,RJF,"RAYMOND JAMES FINANCIAL, INC.",Financials,Financials,-10.0
2026-09-17,RL,RALPH LAUREN ,Consumer Discretionary,Consumer Discretionary,9.0
2026-09-17,RMD,RESMED INC.,Health Care,Health Care,-32.0
2026-09-17,ROK,"ROCKWELL AUTOMATION, INC.",Industrials,Industrials,-15.0
2026-09-17,ROKU,"ROKU, INC.",,MR Discretion,-18.0
2026-09-17,ROL,"ROLLINS, INC.",Industrials,Industrials,-9.0
2026-09-17,ROP,"ROPER TECHNOLOGIES, INC.",Information Technology,Information Technology,39.0
2026-09-17,ROST,"ROSS STORES, INC.",Consumer Discretionary,Consumer Discretionary,-31.0
2026-09-17,RSG,"REPUBLIC SERVICES, INC.",Industrials,Industrials,-26.0
2026-09-17,RSP,INVESCO S&P500 EWGHT,,Sector & Style ETFs,11.0
2026-09-17,RTX,RTX ,Industrials,Industrials,24.0
2026-09-17,RUT,RUSSELL 2000 INDEX,,Indices,18.0
2026-09-17,RVTY,"REVVITY, INC.",Health Care,Health Care,-30.0
2026-09-17,SBAC,SBA COMMUNICATIONS ,Real Estate,Real Estate,-15.0
2026-09-17,SBLK,STAR BULK CARRIERS CORP.,,MR Discretion,48.0
2026-09-17,SBUX,STARBUCKS ,Consumer Discretionary,Consumer Discretionary,13.0
2026-09-17,SCHP,SCHWAB STR:US TIPS,,Bonds,-32.0
2026-09-17,SCHW,THE CHARLES SCHWAB ,Financials,Financials,44.0
2026-09-17,SD,"SANDRIDGE ENERGY, INC.",,MR Discretion,38.0
2026-09-17,SDY,SPDR S&P DIVIDEND,,Sector & Style ETFs,27.0
2026-09-17,SHW,THE SHERWIN-WILLIAMS COMPANY,Materials,Materials,-11.0
2026-09-17,SHY,ISHARES:1-3 TRS BD ETF,Bonds,Bonds,0.0
2026-09-17,SILJ,ETFMG PRIME JR SILVR MNR,,Commodities,18.0
2026-09-17,SJM,THE J. M. SMUCKER COMPANY,Consumer Staples,Consumer Staples,-7.0
2026-09-17,SLB,SCHLUMBERGER N.V.,Energy,Energy,47.0
2026-09-17,SLV,ISHARES:SILVER TRUST,,Commodities,-21.0
2026-09-17,SM,SM ENERGY COMPANY,,MR Discretion,14.0
2026-09-17,SMCI,"SUPER MICRO COMPUTER, INC.",Information Technology,Information Technology,-30.0
2026-09-17,SMH,VANECK:SEMICONDUCTOR,,Sector & Style ETFs,0.0
2026-09-17,SNA,SNAP-ON INC.,Industrials,Industrials,-17.0
2026-09-17,SNDK,SANDISK CORPORATION,Information Technology,Information Technology,53.0
2026-09-17,SNPS,"SYNOPSYS, INC.",Information Technology,Information Technology,-34.0
2026-09-17,SO,THE SOUTHERN COMPANY,Utilities,Utilities,6.0
2026-09-17,SOLV,SOLVENTUM ,Health Care,Health Care,45.0
2026-09-17,SOYB,TEUCRIUM:SOYBEAN,,Commodities,4.0
2026-09-17,SPG,"SIMON PROPERTY GROUP, INC.",Real Estate,Real Estate,8.0
2026-09-17,SPGI,S&P GLOBAL INC.,Financials,Financials,-34.0
2026-09-17,SPHB,INVESCO S&P500 HI BE,,Sector & Style ETFs,44.0
2026-09-17,SPLV,INVESCO S&P500 LOWVL,,Sector & Style ETFs,-33.0
2026-09-17,SPX,S&P 500 INDEX,,Indices,6.0
2026-09-17,SPY,SPDR S&P 500 ETF,,Sector & Style ETFs,14.0
2026-09-17,SRE,SEMPRA,Utilities,Utilities,-32.0
2026-09-17,STE,STERIS PUBLIC LIMITED COMPANY,Health Care,Health Care,4.0
2026-09-17,STIP,ISHARES:0-5 TIPS BD ETF,Bonds,Bonds,24.0
2026-09-17,STLA,STELLANTIS NV,,MR Discretion,-2.0
2026-09-17,STLD,"STEEL DYNAMICS, INC.",Materials,Materials,19.0
2026-09-17,STNG,SCORPIO TANKERS INC.,,MR Discretion,-20.0
2026-09-17,STT,STATE STREET ,Financials,Financials,15.0
2026-09-17,STX,SEAGATE TECHNOLOGY HOLDINGS,Information Technology,Information Technology,25.0
2026-09-17,STZ,"CONSTELLATION BRANDS, INC.",Consumer Staples,Consumer Staples,-8.0
2026-09-17,SW,SMURFIT WESTROCK PUBLIC LIMITED COMPANY,Materials,Materials,16.0
2026-09-17,SWK,"STANLEY BLACK & DECKER, INC.",Industrials,Industrials,4.0
2026-09-17,SWKS,"SKYWORKS SOLUTIONS, INC.",Information Technology,Information Technology,-15.0
2026-09-17,SYF,SYNCHRONY FINANCIAL,Financials,Financials,2.0
2026-09-17,SYK,STRYKER ,Health Care,Health Care,0.0
2026-09-17,SYY,SYSCO ,Consumer Staples,Consumer Staples,15.0
2026-09-17,T,AT&T INC.,Communication Services,Communication Services,-7.0
2026-09-17,TAGS,TEUCRIUM:AGRICULTURAL,,Commodities,20.0
2026-09-17,TAP,MOLSON COORS BEVERAGE COMPANY,Consumer Staples,Consumer Staples,36.0
2026-09-17,TDG,TRANSDIGM GROUP INC.,Industrials,Industrials,-35.0
2026-09-17,TDW,TIDEWATER INC.,,MR Discretion,36.0
2026-09-17,TDY,TELEDYNE TECHNOLOGIES INC.,Information Technology,Information Technology,19.0
2026-09-17,TECH,BIO-TECHNE ,Health Care,Health Care,-39.0
2026-09-17,TECK,TECK RESOURCES LIMITED,,MR Discretion,6.0
2026-09-17,TEL,TE CONNECTIVITY LTD,Information Technology,Information Technology,-5.0
2026-09-17,TER,"TERADYNE, INC.",Information Technology,Information Technology,18.0
2026-09-17,TFC,TRUIST FINANCIAL ,Financials,Financials,18.0
2026-09-17,TGT,TARGET ,Consumer Staples,Consumer Staples,39.0
2026-09-17,THD,ISHARES:MSCI THAI,,Foreign,18.0
2026-09-17,TIP,ISHARES:TIPS BD ETF,Bonds,Bonds,18.0
2026-09-17,TJX,"THE TJX COMPANIES, INC.",Consumer Discretionary,Consumer Discretionary,18.0
2026-09-17,TKO,"TKO GROUP HOLDINGS, INC.",Communication Services,Communication Services,4.0
2026-09-17,TLT,ISHARES:20+ TRS BD ETF,Bonds,Bonds,-37.0
2026-09-17,TMO,THERMO FISHER SCIENTIFIC INC.,Health Care,Health Care,-36.0
2026-09-17,TMUS,"T-MOBILE US, INC.",Communication Services,Communication Services,-2.0
2026-09-17,TNX,10 Y TSY YLD NDX,Yields,Yields,-21.0
2026-09-17,TPL,TEXAS PACIFIC LAND ,Energy,Energy,-67.0
2026-09-17,TPR,"TAPESTRY, INC.",Consumer Discretionary,Consumer Discretionary,33.0
2026-09-17,TRGP,TARGA RESOURCES CORP.,Energy,Energy,19.0
2026-09-17,TRMB,TRIMBLE INC.,Information Technology,Information Technology,12.0
2026-09-17,TROW,"T. ROWE PRICE GROUP, INC.",Financials,Financials,4.0
2026-09-17,TRV,"THE TRAVELERS COMPANIES, INC.",Financials,Financials,21.0
2026-09-17,TS,TENARIS SA,,MR Discretion,22.0
2026-09-17,TSCO,TRACTOR SUPPLY COMPANY,Consumer Discretionary,Consumer Discretionary,-17.0
2026-09-17,TSLA,"TESLA, INC.",Consumer Discretionary,Consumer Discretionary,-31.0
2026-09-17,TSN,"TYSON FOODS, INC.",Consumer Staples,Consumer Staples,12.0
2026-09-17,TT,TRANE TECHNOLOGIES PLC,Industrials,Industrials,-62.0
2026-09-17,TTD,"THE TRADE DESK, INC.",Communication Services,Communication Services,15.0
2026-09-17,TTWO,"TAKE-TWO INTERACTIVE SOFTWARE, INC.",Communication Services,Communication Services,7.0
2026-09-17,TUR,ISHARES:MSCI TURKEY,,Foreign,33.0
2026-09-17,TXN,TEXAS INSTRUMENTS INC.,Information Technology,Information Technology,5.0
2026-09-17,TXT,TEXTRON INC.,Industrials,Industrials,40.0
2026-09-17,TYL,"TYLER TECHNOLOGIES, INC.",Information Technology,Information Technology,-7.0
2026-09-17,TYX,30 Y TSY YLD NDX,Yields,Yields,51.0
2026-09-17,UAL,"UNITED AIRLINES HOLDINGS, INC.",Industrials,Industrials,-6.0
2026-09-17,UBER,"UBER TECHNOLOGIES, INC.",Industrials,Industrials,-8.0
2026-09-17,UDR,"UDR, INC.",Real Estate,Real Estate,-24.0
2026-09-17,UHS,"UNIVERSAL HEALTH SERVICES, INC.",Health Care,Health Care,-36.0
2026-09-17,ULTA,"ULTA BEAUTY, INC.",Consumer Discretionary,Consumer Discretionary,38.0
2026-09-17,UNG,UNITED STATES NAT GAS,Energy Complex,Commodities,-20.0
2026-09-17,UNH,UNITEDHEALTH GROUP INC.,Health Care,Health Care,23.0
2026-09-17,UNP,UNION PACIFIC ,Industrials,Industrials,30.0
2026-09-17,UPS,"UNITED PARCEL SERVICE, INC.",Industrials,Industrials,-36.0
2026-09-17,URA,GLBL X URANIUM ETF,,Commodities,-29.0
2026-09-17,URI,"UNITED RENTALS, INC.",Industrials,Industrials,40.0
2026-09-17,URNM,SPROTT URANIUM MINERS,,MR Discretion,1.0
2026-09-17,USB,U.S. BANCORP,Financials,Financials,71.0
2026-09-17,USO,UNITED STATES OIL FUND,Energy Complex,Commodities,36.0
2026-09-17,UUP,INVESCO DB USD IDX BL,,Currencies,-14.0
2026-09-17,V,VISA INC.,Financials,Financials,5.0
2026-09-17,VAL,VALARIS LIMITED,,MR Discretion,50.0
2026-09-17,VEEV,VEEVA SYSTEMS INC.,Health Care,Health Care,35.0
2026-09-17,VICI,VICI PROPERTIES INC.,Real Estate,Real Estate,-39.0
2026-09-17,VIX,CBOE MKT VOLATILITY IDX,,Volatility,-28.0
2026-09-17,VLO,VALERO ENERGY ,Energy,Energy,6.0
2026-09-17,VLTO,VERALTO ,Industrials,Industrials,4.0
2026-09-17,VMC,VULCAN MATERIALS COMPANY,Materials,Materials,-20.0
2026-09-17,VNM,VANECK:VIETNAM,,Foreign,-31.0
2026-09-17,VRSK,"VERISK ANALYTICS, INC.",Industrials,Industrials,-22.0
2026-09-17,VRSN,"VERISIGN, INC.",Information Technology,Information Technology,-27.0
2026-09-17,VRT,VERTIV HOLDINGS CO,Industrials,Industrials,26.0
2026-09-17,VRTX,VERTEX PHARMACEUTICALS INC.,Health Care,Health Care,2.0
2026-09-17,VST,VISTRA CORP.,Utilities,Utilities,-52.0
2026-09-17,VTR,"VENTAS, INC.",Real Estate,Real Estate,-35.0
2026-09-17,VTRS,VIATRIS INC.,Health Care,Health Care,29.0
2026-09-17,VXN,CBOE NASDAQ MKT VOL NDX,,Volatility,29.0
2026-09-17,VZ,VERIZON COMMUNICATIONS INC.,Communication Services,Communication Services,13.0
2026-09-17,WAB,WESTINGHOUSE AIR BRAKE TECHNOLOGIES ,Industrials,Industrials,-18.0
2026-09-17,WAT,WATERS ,Health Care,Health Care,7.0
2026-09-17,WBD,"WARNER BROS. DISCOVERY, INC.",Communication Services,Communication Services,31.0
2026-09-17,WDAY,"WORKDAY, INC.",Information Technology,Information Technology,-20.0
2026-09-17,WDC,WESTERN DIGITAL ,Information Technology,Information Technology,2.0
2026-09-17,WEAT,TEUCRIUM:WHEAT,,Commodities,43.0
2026-09-17,WEC,"WEC ENERGY GROUP, INC.",Utilities,Utilities,-22.0
2026-09-17,WELL,WELLTOWER INC.,Real Estate,Real Estate,-6.0
2026-09-17,WFC,WELLS FARGO & COMPANY,Financials,Financials,35.0
2026-09-17,WM,"WASTE MANAGEMENT, INC.",Industrials,Industrials,-13.0
2026-09-17,WMB,"THE WILLIAMS COMPANIES, INC.",Energy,Energy,-29.0
2026-09-17,WMT,WALMART INC.,Consumer Staples,Consumer Staples,-13.0
2026-09-17,WRB,W. R. BERKLEY ,Financials,Financials,-14.0
2026-09-17,WSM,"WILLIAMS-SONOMA, INC.",Consumer Discretionary,Consumer Discretionary,19.0
2026-09-17,WST,"WEST PHARMACEUTICAL SERVICES, INC.",Health Care,Health Care,13.0
2026-09-17,WTW,WILLIS TOWERS WATSON,Financials,Financials,13.0
2026-09-17,WY,WEYERHAEUSER COMPANY,Real Estate,Real Estate,27.0
2026-09-17,WYNN,"WYNN RESORTS, LIMITED",Consumer Discretionary,Consumer Discretionary,-20.0
2026-09-17,XEL,XCEL ENERGY INC.,Utilities,Utilities,20.0
2026-09-17,XES,SPDR S&P OIL&GAS E&S,,MR Discretion,77.0
2026-09-17,XLB,SEL SECTOR:MATRLS SPDR,,Sector & Style ETFs,51.0
2026-09-17,XLC,SEL SECTOR:COMM SVC SPDR,,Sector & Style ETFs,-32.0
2026-09-17,XLE,SEL SECTOR:ENERGY SPDR,,Sector & Style ETFs,38.0
2026-09-17,XLF,SEL SECTOR:FINL S SPDR,,Sector & Style ETFs,39.0
2026-09-17,XLI,SEL SECTOR:INDUST SPDR,,Sector & Style ETFs,35.0
2026-09-17,XLK,SEL SECTOR:TECH SPDR,,Sector & Style ETFs,-1.0
2026-09-17,XLP,SEL SECTOR:C STP SPDR,,Sector & Style ETFs,-6.0
2026-09-17,XLRE,SEL SECTOR:RL EST SPDR,,Sector & Style ETFs,-12.0
2026-09-17,XLU,SEL SECTOR:UTIL SPDR,,Sector & Style ETFs,-79.0
2026-09-17,XLV,SEL SECTOR:H CARE SPDR,,Sector & Style ETFs,7.0
2026-09-17,XLY,SEL SECTOR:C DSC SPDR,,Sector & Style ETFs,-33.0
2026-09-17,XOM,EXXON MOBIL ,Energy,Energy,71.0
2026-09-17,XOP,SPDR S&P OIL&GAS EXP,,MR Discretion,46.0
2026-09-17,XYL,XYLEM INC.,Industrials,Industrials,-17.0
2026-09-17,XYZ,"BLOCK, INC.",Financials,Financials,32.0
2026-09-17,YUM,"YUM! BRANDS, INC.",Consumer Discretionary,Consumer Discretionary,-10.0
2026-09-17,ZBH,"ZIMMER BIOMET HOLDINGS, INC.",Health Care,Health Care,39.0
2026-09-17,ZBRA,ZEBRA TECHNOLOGIES ,Information Technology,Information Technology,5.0
2026-09-17,ZTS,ZOETIS INC.,Health Care,Health Care,-52.0
