Ticker,Ticker_name,Category,Date,model_score,previous_model_score,model_score_daily_change
SCHP,SCHWAB STR:US TIPS,Bonds,2026-05-27,59.0,52.0,7.0
TIP,ISHARES:TIPS BD ETF,Bonds,2026-05-27,48.0,38.0,10.0
IEF,ISHARES:7-10 TRS BD ETF,Bonds,2026-05-27,47.0,47.0,0.0
TLT,ISHARES:20+ TRS BD ETF,Bonds,2026-05-27,35.0,35.0,0.0
MUB,ISHARES:NATL MUNI BOND,Bonds,2026-05-27,25.0,35.0,-10.0
STIP,ISHARES:0-5 TIPS BD ETF,Bonds,2026-05-27,20.0,20.0,0.0
SHY,ISHARES:1-3 TRS BD ETF,Bonds,2026-05-27,4.0,-21.0,25.0
EDV,VANGUARD EXT DUR T;ETF,Bonds,2026-05-27,3.0,18.0,-15.0
LQD,ISHARES:IBOXX $IG CORP,Bonds,2026-05-27,3.0,3.0,0.0
HYD,VANECK:HIGH YIELD MUNI,Bonds,2026-05-27,2.0,-3.0,5.0
HYG,ISHARES:IBOXX $HY CORP,Bonds,2026-05-27,-3.0,-3.0,0.0
PFF,ISHARES:PREF AND INC SEC,Bonds,2026-05-27,-3.0,33.0,-36.0
JNK,SPDR BBG HIGH YIELD BD,Bonds,2026-05-27,-19.0,-19.0,0.0
DBA,INVESCO DB MS AGRI,Commodities,2026-05-27,55.0,55.0,0.0
CORN,TEUCRIUM:CORN,Commodities,2026-05-27,43.0,34.0,9.0
SILJ,ETFMG PRIME JR SILVR MNR,Commodities,2026-05-27,34.0,21.0,13.0
TAGS,TEUCRIUM:AGRICULTURAL,Commodities,2026-05-27,28.0,48.0,-20.0
USO,UNITED STATES OIL FUND,Commodities,2026-05-27,28.0,16.0,12.0
COMT,ISHARES:GSCI COMM DYN RS,Commodities,2026-05-27,28.0,25.0,3.0
SOYB,TEUCRIUM:SOYBEAN,Commodities,2026-05-27,25.0,38.0,-13.0
CANE,TEUCRIUM:SUGAR,Commodities,2026-05-27,24.0,-7.0,31.0
URA,GLBL X URANIUM ETF,Commodities,2026-05-27,18.0,27.0,-9.0
DBC,INVESCO DB CM IDX,Commodities,2026-05-27,10.0,33.0,-23.0
WEAT,TEUCRIUM:WHEAT,Commodities,2026-05-27,2.0,3.0,-1.0
GLD,SPDR GOLD,Commodities,2026-05-27,0.0,0.0,0.0
GDXJ,VANECK:JR GOLD MINERS,Commodities,2026-05-27,0.0,0.0,0.0
GDX,VANECK:GOLD MINERS,Commodities,2026-05-27,0.0,0.0,0.0
SLV,ISHARES:SILVER TRUST,Commodities,2026-05-27,-3.0,9.0,-12.0
PPLT,ABRDN:PHYSICAL PLATINUM,Commodities,2026-05-27,-12.0,11.0,-23.0
DBB,INVESCO DB MS BMTL,Commodities,2026-05-27,-24.0,-3.0,-21.0
UNG,UNITED STATES NAT GAS,Commodities,2026-05-27,-29.0,-17.0,-12.0
CPER,UNITED STATES COPPER IDX,Commodities,2026-05-27,-43.0,-28.0,-15.0
SATS,ECHOSTAR CORPORATION,Communication Services,2026-05-27,46.0,52.0,-6.0
CMCSA,COMCAST ,Communication Services,2026-05-27,46.0,27.0,19.0
WBD,"WARNER BROS. DISCOVERY, INC.",Communication Services,2026-05-27,37.0,37.0,0.0
T,AT&T INC.,Communication Services,2026-05-27,29.0,0.0,29.0
CHTR,"CHARTER COMMUNICATIONS, INC.",Communication Services,2026-05-27,19.0,8.0,11.0
TTWO,"TAKE-TWO INTERACTIVE SOFTWARE, INC.",Communication Services,2026-05-27,13.0,-13.0,26.0
FOXA,FOX ,Communication Services,2026-05-27,11.0,11.0,0.0
EA,ELECTRONIC ARTS INC.,Communication Services,2026-05-27,9.0,-21.0,30.0
GOOGL,ALPHABET INC.,Communication Services,2026-05-27,8.0,16.0,-8.0
TTD,"THE TRADE DESK, INC.",Communication Services,2026-05-27,6.0,-10.0,16.0
OMC,OMNICOM GROUP INC.,Communication Services,2026-05-27,3.0,3.0,0.0
TMUS,"T-MOBILE US, INC.",Communication Services,2026-05-27,3.0,-62.0,65.0
NFLX,"NETFLIX, INC.",Communication Services,2026-05-27,-3.0,-25.0,22.0
DIS,THE WALT DISNEY COMPANY,Communication Services,2026-05-27,-11.0,-28.0,17.0
LYV,"LIVE NATION ENTERTAINMENT, INC.",Communication Services,2026-05-27,-14.0,-14.0,0.0
TKO,"TKO GROUP HOLDINGS, INC.",Communication Services,2026-05-27,-18.0,-25.0,7.0
PSKY,PARAMOUNT SKYDANCE ,Communication Services,2026-05-27,-26.0,-26.0,0.0
META,"META PLATFORMS, INC.",Communication Services,2026-05-27,-37.0,-6.0,-31.0
NWSA,NEWS CORP.,Communication Services,2026-05-27,-40.0,-3.0,-37.0
VZ,VERIZON COMMUNICATIONS INC.,Communication Services,2026-05-27,-46.0,-36.0,-10.0
ULTA,"ULTA BEAUTY, INC.",Consumer Discretionary,2026-05-27,65.0,47.0,18.0
WYNN,"WYNN RESORTS, LIMITED",Consumer Discretionary,2026-05-27,65.0,65.0,0.0
EXPE,"EXPEDIA GROUP, INC.",Consumer Discretionary,2026-05-27,58.0,56.0,2.0
POOL,POOL ,Consumer Discretionary,2026-05-27,58.0,39.0,19.0
LVS,LAS VEGAS SANDS CORP.,Consumer Discretionary,2026-05-27,57.0,43.0,14.0
GPC,GENUINE PARTS COMPANY,Consumer Discretionary,2026-05-27,55.0,67.0,-12.0
GRMN,GARMIN LTD,Consumer Discretionary,2026-05-27,39.0,39.0,0.0
HAS,"HASBRO, INC.",Consumer Discretionary,2026-05-27,37.0,44.0,-7.0
MCD,MCDONALD'S ,Consumer Discretionary,2026-05-27,37.0,46.0,-9.0
ABNB,"AIRBNB, INC.",Consumer Discretionary,2026-05-27,36.0,14.0,22.0
LOW,"LOWE'S COMPANIES, INC.",Consumer Discretionary,2026-05-27,29.0,72.0,-43.0
LULU,LULULEMON ATHLETICA INC.,Consumer Discretionary,2026-05-27,29.0,-6.0,35.0
TPR,"TAPESTRY, INC.",Consumer Discretionary,2026-05-27,26.0,0.0,26.0
TSCO,TRACTOR SUPPLY COMPANY,Consumer Discretionary,2026-05-27,25.0,56.0,-31.0
CVNA,CARVANA CO.,Consumer Discretionary,2026-05-27,22.0,15.0,7.0
CMG,"CHIPOTLE MEXICAN GRILL, INC.",Consumer Discretionary,2026-05-27,21.0,38.0,-17.0
TJX,"THE TJX COMPANIES, INC.",Consumer Discretionary,2026-05-27,20.0,-12.0,32.0
PHM,"PULTEGROUP, INC.",Consumer Discretionary,2026-05-27,12.0,22.0,-10.0
DHI,"D.R. HORTON, INC.",Consumer Discretionary,2026-05-27,12.0,22.0,-10.0
ROST,"ROSS STORES, INC.",Consumer Discretionary,2026-05-27,12.0,3.0,9.0
YUM,"YUM! BRANDS, INC.",Consumer Discretionary,2026-05-27,8.0,8.0,0.0
DPZ,"DOMINO'S PIZZA, INC.",Consumer Discretionary,2026-05-27,6.0,-21.0,27.0
NKE,"NIKE, INC.",Consumer Discretionary,2026-05-27,-2.0,-10.0,8.0
LEN,LENNAR ,Consumer Discretionary,2026-05-27,-2.0,-2.0,0.0
MGM,MGM RESORTS INTERNATIONAL,Consumer Discretionary,2026-05-27,-2.0,-16.0,14.0
HD,"THE HOME DEPOT, INC.",Consumer Discretionary,2026-05-27,-5.0,4.0,-9.0
DASH,"DOORDASH, INC.",Consumer Discretionary,2026-05-27,-5.0,13.0,-18.0
BKNG,BOOKING HOLDINGS INC.,Consumer Discretionary,2026-05-27,-5.0,22.0,-27.0
TSLA,"TESLA, INC.",Consumer Discretionary,2026-05-27,-6.0,-6.0,0.0
CCL,CARNIVAL CORP,Consumer Discretionary,2026-05-27,-10.0,12.0,-22.0
RL,RALPH LAUREN ,Consumer Discretionary,2026-05-27,-12.0,-34.0,22.0
AZO,"AUTOZONE, INC.",Consumer Discretionary,2026-05-27,-12.0,-12.0,0.0
RCL,ROYAL CARIBBEAN CRUISES LTD.,Consumer Discretionary,2026-05-27,-14.0,12.0,-26.0
SBUX,STARBUCKS ,Consumer Discretionary,2026-05-27,-16.0,-16.0,0.0
MAR,"MARRIOTT INTERNATIONAL, INC.",Consumer Discretionary,2026-05-27,-20.0,6.0,-26.0
DECK,DECKERS OUTDOOR ,Consumer Discretionary,2026-05-27,-20.0,-20.0,0.0
APTV,APTIV PLC,Consumer Discretionary,2026-05-27,-20.0,-11.0,-9.0
ORLY,"O'REILLY AUTOMOTIVE, INC.",Consumer Discretionary,2026-05-27,-21.0,-19.0,-2.0
NCLH,NORWEGIAN CRUISE LINE HOLDINGS LTD.,Consumer Discretionary,2026-05-27,-22.0,3.0,-25.0
HLT,HILTON WORLDWIDE HOLDINGS INC.,Consumer Discretionary,2026-05-27,-27.0,27.0,-54.0
GM,GENERAL MOTORS COMPANY,Consumer Discretionary,2026-05-27,-27.0,-3.0,-24.0
WSM,"WILLIAMS-SONOMA, INC.",Consumer Discretionary,2026-05-27,-28.0,-34.0,6.0
NVR,"NVR, INC.",Consumer Discretionary,2026-05-27,-29.0,-20.0,-9.0
DRI,"DARDEN RESTAURANTS, INC.",Consumer Discretionary,2026-05-27,-31.0,-31.0,0.0
EBAY,EBAY INC.,Consumer Discretionary,2026-05-27,-37.0,-15.0,-22.0
BBY,"BEST BUY CO., INC.",Consumer Discretionary,2026-05-27,-53.0,-50.0,-3.0
AMZN,"AMAZON.COM, INC.",Consumer Discretionary,2026-05-27,-57.0,-31.0,-26.0
F,FORD MOTOR COMPANY,Consumer Discretionary,2026-05-27,-60.0,-60.0,0.0
PEP,"PEPSICO, INC.",Consumer Staples,2026-05-27,64.0,41.0,23.0
DG,DOLLAR GENERAL ,Consumer Staples,2026-05-27,64.0,64.0,0.0
CASY,"CASEY'S GENERAL STORES, INC.",Consumer Staples,2026-05-27,61.0,61.0,0.0
STZ,"CONSTELLATION BRANDS, INC.",Consumer Staples,2026-05-27,44.0,-5.0,49.0
GIS,"GENERAL MILLS, INC.",Consumer Staples,2026-05-27,38.0,29.0,9.0
MKC,"MCCORMICK & COMPANY, INC.",Consumer Staples,2026-05-27,36.0,36.0,0.0
KR,THE KROGER CO.,Consumer Staples,2026-05-27,36.0,36.0,0.0
COST,COSTCO WHOLESALE ,Consumer Staples,2026-05-27,34.0,44.0,-10.0
CAG,"CONAGRA BRANDS, INC.",Consumer Staples,2026-05-27,24.0,-8.0,32.0
KVUE,KENVUE INC.,Consumer Staples,2026-05-27,23.0,-20.0,43.0
TSN,"TYSON FOODS, INC.",Consumer Staples,2026-05-27,10.0,16.0,-6.0
MDLZ,"MONDELEZ INTERNATIONAL, INC.",Consumer Staples,2026-05-27,7.0,-27.0,34.0
BG,BUNGE LIMITED,Consumer Staples,2026-05-27,6.0,47.0,-41.0
SYY,SYSCO ,Consumer Staples,2026-05-27,6.0,6.0,0.0
TAP,MOLSON COORS BEVERAGE COMPANY,Consumer Staples,2026-05-27,3.0,35.0,-32.0
WMT,WALMART INC.,Consumer Staples,2026-05-27,0.0,21.0,-21.0
CPB,CAMPBELL SOUP COMPANY,Consumer Staples,2026-05-27,-2.0,23.0,-25.0
KMB,KIMBERLY-CLARK ,Consumer Staples,2026-05-27,-2.0,-46.0,44.0
DLTR,"DOLLAR TREE, INC.",Consumer Staples,2026-05-27,-5.0,26.0,-31.0
ADM,ARCHER-DANIELS-MIDLAND COMPANY.,Consumer Staples,2026-05-27,-8.0,18.0,-26.0
KHC,THE KRAFT HEINZ COMPANY,Consumer Staples,2026-05-27,-9.0,-43.0,34.0
TGT,TARGET ,Consumer Staples,2026-05-27,-9.0,11.0,-20.0
SJM,THE J. M. SMUCKER COMPANY,Consumer Staples,2026-05-27,-10.0,-14.0,4.0
HRL,HORMEL FOODS ,Consumer Staples,2026-05-27,-13.0,-13.0,0.0
KO,THE COCA-COLA COMPANY,Consumer Staples,2026-05-27,-17.0,-7.0,-10.0
CLX,THE CLOROX COMPANY,Consumer Staples,2026-05-27,-20.0,-37.0,17.0
MO,"ALTRIA GROUP, INC.",Consumer Staples,2026-05-27,-24.0,-24.0,0.0
PG,THE PROCTER & GAMBLE COMPANY,Consumer Staples,2026-05-27,-28.0,36.0,-64.0
HSY,THE HERSHEY COMPANY,Consumer Staples,2026-05-27,-31.0,30.0,-61.0
CL,COLGATE-PALMOLIVE COMPANY,Consumer Staples,2026-05-27,-40.0,-40.0,0.0
BF.B,BROWN-FORMAN ,Consumer Staples,2026-05-27,-43.0,3.0,-46.0
CHD,"CHURCH & DWIGHT CO., INC.",Consumer Staples,2026-05-27,-44.0,-37.0,-7.0
MNST,MONSTER BEVERAGE ,Consumer Staples,2026-05-27,-49.0,-31.0,-18.0
KDP,KEURIG DR PEPPER INC.,Consumer Staples,2026-05-27,-50.0,-46.0,-4.0
EL,THE ESTEE LAUDER COMPANIES INC.,Consumer Staples,2026-05-27,-63.0,-38.0,-25.0
PM,PHILIP MORRIS INTERNATIONAL INC.,Consumer Staples,2026-05-27,-84.0,-88.0,4.0
FXB,INVESCO:GBP STERLING,Currencies,2026-05-27,47.0,30.0,17.0
FXC,INVESCO:CANADIAN DOLLAR,Currencies,2026-05-27,44.0,8.0,36.0
FXE,INVESCO:EURO,Currencies,2026-05-27,36.0,36.0,0.0
FXA,INVESCO:AU DOLLAR,Currencies,2026-05-27,16.0,35.0,-19.0
FXY,INVESCO:JAPANESE YEN,Currencies,2026-05-27,-1.0,25.0,-26.0
UUP,INVESCO DB USD IDX BL,Currencies,2026-05-27,-20.0,-20.0,0.0
OKE,"ONEOK, INC.",Energy,2026-05-27,39.0,-5.0,44.0
TPL,TEXAS PACIFIC LAND ,Energy,2026-05-27,29.0,40.0,-11.0
SLB,SCHLUMBERGER N.V.,Energy,2026-05-27,25.0,33.0,-8.0
EOG,"EOG RESOURCES, INC.",Energy,2026-05-27,24.0,-11.0,35.0
MPC,MARATHON PETROLEUM ,Energy,2026-05-27,21.0,21.0,0.0
KMI,"KINDER MORGAN, INC.",Energy,2026-05-27,15.0,-12.0,27.0
FANG,"DIAMONDBACK ENERGY, INC.",Energy,2026-05-27,11.0,18.0,-7.0
VLO,VALERO ENERGY ,Energy,2026-05-27,10.0,45.0,-35.0
OXY,OCCIDENTAL PETROLEUM ,Energy,2026-05-27,10.0,-11.0,21.0
PSX,PHILLIPS 66,Energy,2026-05-27,3.0,3.0,0.0
APA,APA ,Energy,2026-05-27,3.0,1.0,2.0
EQT,EQT ,Energy,2026-05-27,2.0,2.0,0.0
HAL,HALLIBURTON COMPANY,Energy,2026-05-27,2.0,20.0,-18.0
XOM,EXXON MOBIL ,Energy,2026-05-27,1.0,-16.0,17.0
EXE,EXPAND ENERGY ,Energy,2026-05-27,-8.0,-40.0,32.0
WMB,"THE WILLIAMS COMPANIES, INC.",Energy,2026-05-27,-8.0,-43.0,35.0
CVX,CHEVRON ,Energy,2026-05-27,-8.0,-16.0,8.0
DVN,DEVON ENERGY ,Energy,2026-05-27,-12.0,28.0,-40.0
BKR,BAKER HUGHES COMPANY,Energy,2026-05-27,-15.0,52.0,-67.0
TRGP,TARGA RESOURCES CORP.,Energy,2026-05-27,-34.0,-47.0,13.0
COP,CONOCOPHILLIPS,Energy,2026-05-27,-39.0,-18.0,-21.0
C,CITIGROUP INC.,Financials,2026-05-27,75.0,75.0,0.0
CFG,"CITIZENS FINANCIAL GROUP, INC.",Financials,2026-05-27,75.0,84.0,-9.0
USB,U.S. BANCORP,Financials,2026-05-27,57.0,12.0,45.0
AFL,AFLAC INC.,Financials,2026-05-27,54.0,-15.0,69.0
BAC,BANK OF AMERICA ,Financials,2026-05-27,50.0,38.0,12.0
NTRS,NORTHERN TRUST ,Financials,2026-05-27,48.0,9.0,39.0
SYF,SYNCHRONY FINANCIAL,Financials,2026-05-27,40.0,75.0,-35.0
HIG,THE HARTFORD FINANCIAL SERVICES GROUP,Financials,2026-05-27,40.0,-5.0,45.0
BNY,THE BANK OF NEW YORK MELLON ,Financials,2026-05-27,40.0,12.0,28.0
WTW,WILLIS TOWERS WATSON,Financials,2026-05-27,38.0,38.0,0.0
KEY,KEYCORP,Financials,2026-05-27,38.0,38.0,0.0
JKHY,"JACK HENRY & ASSOCIATES, INC.",Financials,2026-05-27,37.0,21.0,16.0
IBKR,"INTERACTIVE BROKERS GROUP, INC.",Financials,2026-05-27,34.0,34.0,0.0
TFC,TRUIST FINANCIAL ,Financials,2026-05-27,31.0,31.0,0.0
GL,GLOBE LIFE INC.,Financials,2026-05-27,26.0,57.0,-31.0
WFC,WELLS FARGO & COMPANY,Financials,2026-05-27,25.0,11.0,14.0
ALL,THE ALLSTATE ,Financials,2026-05-27,25.0,13.0,12.0
JPM,JPMORGAN CHASE & CO.,Financials,2026-05-27,22.0,40.0,-18.0
KKR,KKR & CO. INC.,Financials,2026-05-27,22.0,12.0,10.0
HBAN,HUNTINGTON BANCSHARES INC.,Financials,2026-05-27,20.0,20.0,0.0
STT,STATE STREET ,Financials,2026-05-27,20.0,20.0,0.0
AXP,AMERICAN EXPRESS COMPANY,Financials,2026-05-27,16.0,26.0,-10.0
PNC,"THE PNC FINANCIAL SERVICES GROUP, INC.",Financials,2026-05-27,12.0,29.0,-17.0
MTB,M&T BANK ,Financials,2026-05-27,12.0,12.0,0.0
FITB,FIFTH THIRD BANCORP,Financials,2026-05-27,12.0,20.0,-8.0
BX,BLACKSTONE INC,Financials,2026-05-27,12.0,12.0,0.0
COF,CAPITAL ONE FINANCIAL ,Financials,2026-05-27,12.0,40.0,-28.0
ERIE,ERIE INDEMNITY COMPANY,Financials,2026-05-27,12.0,-15.0,27.0
L,LOEWS ,Financials,2026-05-27,8.0,0.0,8.0
RF,REGIONS FINANCIAL ,Financials,2026-05-27,6.0,15.0,-9.0
MSCI,MSCI INC.,Financials,2026-05-27,6.0,17.0,-11.0
EG,"EVEREST GROUP, LTD.",Financials,2026-05-27,5.0,-41.0,46.0
TRV,"THE TRAVELERS COMPANIES, INC.",Financials,2026-05-27,4.0,2.0,2.0
AJG,ARTHUR J. GALLAGHER & CO.,Financials,2026-05-27,3.0,3.0,0.0
RJF,"RAYMOND JAMES FINANCIAL, INC.",Financials,2026-05-27,0.0,-5.0,5.0
GS,"THE GOLDMAN SACHS GROUP, INC.",Financials,2026-05-27,-3.0,15.0,-18.0
MS,MORGAN STANLEY,Financials,2026-05-27,-4.0,23.0,-27.0
NDAQ,"NASDAQ, INC.",Financials,2026-05-27,-4.0,-52.0,48.0
FISV,"FISERV, INC.",Financials,2026-05-27,-5.0,-22.0,17.0
AON,AON PLC,Financials,2026-05-27,-5.0,-5.0,0.0
MA,MASTERCARD INC..,Financials,2026-05-27,-5.0,-5.0,0.0
CB,CHUBB LTD,Financials,2026-05-27,-6.0,26.0,-32.0
BRK.B,"BERKSHIRE HATHAWAY INC.,",Financials,2026-05-27,-7.0,-11.0,4.0
BEN,"FRANKLIN RESOURCES, INC.",Financials,2026-05-27,-9.0,-10.0,1.0
GPN,GLOBAL PAYMENTS INC.,Financials,2026-05-27,-9.0,-53.0,44.0
SPGI,S&P GLOBAL INC.,Financials,2026-05-27,-10.0,12.0,-22.0
IVZ,INVESCO LTD.,Financials,2026-05-27,-10.0,-3.0,-7.0
BLK,"BLACKROCK, INC.",Financials,2026-05-27,-10.0,-10.0,0.0
AIG,"AMERICAN INTERNATIONAL GROUP, INC.",Financials,2026-05-27,-13.0,-58.0,45.0
BRO,"BROWN & BROWN, INC.",Financials,2026-05-27,-13.0,-23.0,10.0
MRSH,"MARSH & MCLENNAN COMPANIES, INC.",Financials,2026-05-27,-16.0,6.0,-22.0
CME,CME GROUP INC.,Financials,2026-05-27,-16.0,3.0,-19.0
CINF,CINCINNATI FINANCIAL ,Financials,2026-05-27,-17.0,-17.0,0.0
PFG,"PRINCIPAL FINANCIAL GROUP, INC.",Financials,2026-05-27,-19.0,-19.0,0.0
V,VISA INC.,Financials,2026-05-27,-20.0,-20.0,0.0
CPAY,"FLEETCOR TECHNOLOGIES, INC.",Financials,2026-05-27,-24.0,-68.0,44.0
ACGL,ARCH CAPITAL GROUP LTD.,Financials,2026-05-27,-25.0,-32.0,7.0
HOOD,"ROBINHOOD MARKETS, INC.",Financials,2026-05-27,-25.0,-16.0,-9.0
WRB,W. R. BERKLEY ,Financials,2026-05-27,-30.0,-21.0,-9.0
XYZ,"BLOCK, INC.",Financials,2026-05-27,-31.0,-17.0,-14.0
COIN,"COINBASE GLOBAL, INC.",Financials,2026-05-27,-32.0,-25.0,-7.0
PGR,THE PROGRESSIVE ,Financials,2026-05-27,-32.0,-64.0,32.0
MCO,MOODY'S ,Financials,2026-05-27,-32.0,-42.0,10.0
TROW,"T. ROWE PRICE GROUP, INC.",Financials,2026-05-27,-32.0,-36.0,4.0
SCHW,THE CHARLES SCHWAB ,Financials,2026-05-27,-33.0,-5.0,-28.0
PRU,"PRUDENTIAL FINANCIAL, INC.",Financials,2026-05-27,-34.0,-43.0,9.0
APO,"APOLLO GLOBAL MANAGEMENT, INC.",Financials,2026-05-27,-36.0,-36.0,0.0
ICE,"INTERCONTINENTAL EXCHANGE, INC.",Financials,2026-05-27,-38.0,-38.0,0.0
MET,"METLIFE, INC.",Financials,2026-05-27,-40.0,-26.0,-14.0
CBOE,"CBOE GLOBAL MARKETS, INC.",Financials,2026-05-27,-41.0,-73.0,32.0
AMP,"AMERIPRISE FINANCIAL, INC.",Financials,2026-05-27,-42.0,4.0,-46.0
PYPL,"PAYPAL HOLDINGS, INC.",Financials,2026-05-27,-42.0,-44.0,2.0
FDS,FACTSET RESEARCH SYSTEMS INC.,Financials,2026-05-27,-49.0,-49.0,0.0
AIZ,"ASSURANT, INC.",Financials,2026-05-27,-53.0,-24.0,-29.0
ARES,ARES MANAGEMENT CORP,Financials,2026-05-27,-53.0,-50.0,-3.0
FIS,FIDELITY NATIONAL INFORMATION SERVICES,Financials,2026-05-27,-74.0,-74.0,0.0
EWM,ISHARES:MSCI MALAYSIA,Foreign,2026-05-27,61.0,61.0,0.0
TUR,ISHARES:MSCI TURKEY,Foreign,2026-05-27,55.0,55.0,0.0
ECH,ISHARES:MSCI CHILE,Foreign,2026-05-27,47.0,22.0,25.0
MCHI,ISHARES:MSCI CHINA,Foreign,2026-05-27,38.0,38.0,0.0
EWA,ISHARES:MSCI AUSTRALIA,Foreign,2026-05-27,35.0,35.0,0.0
EWH,ISHARES:MSCI HONG KONG,Foreign,2026-05-27,35.0,35.0,0.0
QAT,ISHARES:MSCI QATAR,Foreign,2026-05-27,31.0,-1.0,32.0
EWW,ISHARES:MSCI MEXICO,Foreign,2026-05-27,25.0,38.0,-13.0
EPU,ISHARES:MSCI PERU,Foreign,2026-05-27,18.0,-13.0,31.0
VNM,VANECK:VIETNAM,Foreign,2026-05-27,12.0,22.0,-10.0
EPHE,ISHARES:MSCI PHILIPPINES,Foreign,2026-05-27,9.0,-3.0,12.0
THD,ISHARES:MSCI THAI,Foreign,2026-05-27,9.0,9.0,0.0
EWC,ISHARES:MSCI CANADA,Foreign,2026-05-27,7.0,25.0,-18.0
INDA,ISHARES:MSCI INDIA,Foreign,2026-05-27,7.0,7.0,0.0
EIDO,ISHARES:MSCI INDONESIA,Foreign,2026-05-27,2.0,2.0,0.0
EIS,ISHARES:MSCI ISRAEL,Foreign,2026-05-27,-1.0,-1.0,0.0
EWO,ISHARES:MSCI AUSTRIA,Foreign,2026-05-27,-1.0,-1.0,0.0
EWQ,ISHARES:MSCI FRANCE,Foreign,2026-05-27,-3.0,-3.0,0.0
EWS,ISHARES:MSCI SINGAPORE,Foreign,2026-05-27,-5.0,-10.0,5.0
NORW,GLBL X MSCI NORWAY ETF,Foreign,2026-05-27,-8.0,-20.0,12.0
EWZ,ISHARES:MSCI BRAZIL,Foreign,2026-05-27,-9.0,11.0,-20.0
GREK,GLBL X MSCI GREECE,Foreign,2026-05-27,-11.0,-11.0,0.0
EWG,ISHARES:MSCI GERMANY,Foreign,2026-05-27,-12.0,-12.0,0.0
EPOL,ISHARES:MSCI POLAND,Foreign,2026-05-27,-12.0,5.0,-17.0
EWT,ISHARES:MSCI TAIWAN,Foreign,2026-05-27,-14.0,-28.0,14.0
EIRL,ISHARES:MSCI IRELAND,Foreign,2026-05-27,-14.0,-14.0,0.0
EWL,ISHARES:MSCI SWITZERLAND,Foreign,2026-05-27,-20.0,-10.0,-10.0
EWK,ISHARES:MSCI BELGIUM,Foreign,2026-05-27,-20.0,-3.0,-17.0
EWP,ISHARES:MSCI SPAIN,Foreign,2026-05-27,-22.0,-22.0,0.0
EFNL,ISHARES:MSCI FINLAND,Foreign,2026-05-27,-23.0,-23.0,0.0
EWJ,ISHARES:MSCI JAPAN,Foreign,2026-05-27,-24.0,-23.0,-1.0
EWD,ISHARES:MSCI SWEDEN,Foreign,2026-05-27,-27.0,-27.0,0.0
EDEN,ISHARES:MSCI DENMARK,Foreign,2026-05-27,-28.0,16.0,-44.0
EWI,ISHARES:MSCI ITALY,Foreign,2026-05-27,-28.0,-3.0,-25.0
EWU,ISHARES:MSCI UK,Foreign,2026-05-27,-28.0,-28.0,0.0
ENZL,ISHARES:MSCI NEW ZLND,Foreign,2026-05-27,-35.0,-54.0,19.0
EWY,ISHARES:MSCI S KOREA,Foreign,2026-05-27,-38.0,4.0,-42.0
EWN,ISHARES:MSCI NETHERLANDS,Foreign,2026-05-27,-53.0,-36.0,-17.0
BTC=F,BITCOIN FUTURES,Futures,2026-05-27,-3.0,-29.0,26.0
NQ=F,NASDAQ 100 FUTURES,Futures,2026-05-27,-34.0,-31.0,-3.0
ES=F,E-MINI S&P 500 FUTURES,Futures,2026-05-27,-48.0,-27.0,-21.0
ALGN,"ALIGN TECHNOLOGY, INC.",Health Care,2026-05-27,77.0,38.0,39.0
MDT,MEDTRONIC PUBLIC LIMITED COMPANY,Health Care,2026-05-27,64.0,65.0,-1.0
TMO,THERMO FISHER SCIENTIFIC INC.,Health Care,2026-05-27,62.0,40.0,22.0
PFE,PFIZER INC.,Health Care,2026-05-27,48.0,31.0,17.0
INCY,INCYTE ,Health Care,2026-05-27,41.0,41.0,0.0
MRNA,"MODERNA, INC.",Health Care,2026-05-27,39.0,39.0,0.0
VRTX,VERTEX PHARMACEUTICALS INC.,Health Care,2026-05-27,38.0,38.0,0.0
LH,LABORATORY  OF AMERICA HOLDINGS,Health Care,2026-05-27,38.0,38.0,0.0
DGX,QUEST DIAGNOSTICS INC.,Health Care,2026-05-27,38.0,41.0,-3.0
MCK,MCKESSON ,Health Care,2026-05-27,37.0,37.0,0.0
TECH,BIO-TECHNE ,Health Care,2026-05-27,37.0,74.0,-37.0
GILD,"GILEAD SCIENCES, INC.",Health Care,2026-05-27,33.0,40.0,-7.0
BIIB,BIOGEN INC.,Health Care,2026-05-27,25.0,25.0,0.0
JNJ,JOHNSON & JOHNSON,Health Care,2026-05-27,22.0,30.0,-8.0
ISRG,"INTUITIVE SURGICAL, INC.",Health Care,2026-05-27,17.0,-30.0,47.0
IDXX,"IDEXX LABORATORIES, INC.",Health Care,2026-05-27,14.0,4.0,10.0
DHR,DANAHER ,Health Care,2026-05-27,12.0,4.0,8.0
BMY,BRISTOL-MYERS SQUIBB COMPANY,Health Care,2026-05-27,11.0,7.0,4.0
BDX,"BECTON, DICKINSON AND COMPANY",Health Care,2026-05-27,8.0,20.0,-12.0
STE,STERIS PUBLIC LIMITED COMPANY,Health Care,2026-05-27,8.0,-28.0,36.0
PODD,INSULET ,Health Care,2026-05-27,8.0,30.0,-22.0
CAH,"CARDINAL HEALTH, INC.",Health Care,2026-05-27,8.0,8.0,0.0
WST,"WEST PHARMACEUTICAL SERVICES, INC.",Health Care,2026-05-27,6.0,-2.0,8.0
ABT,ABBOTT LABORATORIES,Health Care,2026-05-27,6.0,-3.0,9.0
CRL,CHARLES RIVER LABORATORIES,Health Care,2026-05-27,5.0,29.0,-24.0
COO,"THE COOPER COMPANIES, INC.",Health Care,2026-05-27,3.0,-5.0,8.0
VTRS,VIATRIS INC.,Health Care,2026-05-27,3.0,3.0,0.0
BAX,BAXTER INTERNATIONAL INC.,Health Care,2026-05-27,1.0,-20.0,21.0
ZTS,ZOETIS INC.,Health Care,2026-05-27,-0.0,-0.0,0.0
COR,"CENCORA, INC.",Health Care,2026-05-27,0.0,0.0,0.0
MTD,METTLER-TOLEDO INTERNATIONAL INC.,Health Care,2026-05-27,0.0,0.0,0.0
UHS,"UNIVERSAL HEALTH SERVICES, INC.",Health Care,2026-05-27,0.0,10.0,-10.0
HCA,"HCA HEALTHCARE, INC.",Health Care,2026-05-27,0.0,24.0,-24.0
HSIC,"HENRY SCHEIN, INC.",Health Care,2026-05-27,-2.0,40.0,-42.0
REGN,"REGENERON PHARMACEUTICALS, INC.",Health Care,2026-05-27,-3.0,20.0,-23.0
A,"AGILENT TECHNOLOGIES, INC.",Health Care,2026-05-27,-5.0,29.0,-34.0
RMD,RESMED INC.,Health Care,2026-05-27,-5.0,4.0,-9.0
VEEV,VEEVA SYSTEMS INC.,Health Care,2026-05-27,-5.0,-26.0,21.0
UNH,UNITEDHEALTH GROUP INC.,Health Care,2026-05-27,-10.0,-20.0,10.0
BSX,BOSTON SCIENTIFIC ,Health Care,2026-05-27,-11.0,-21.0,10.0
ZBH,"ZIMMER BIOMET HOLDINGS, INC.",Health Care,2026-05-27,-13.0,8.0,-21.0
GEHC,GE HEALTHCARE TECHNOLOGIES INC.,Health Care,2026-05-27,-13.0,-13.0,0.0
IQV,IQVIA HOLDINGS INC,Health Care,2026-05-27,-22.0,-43.0,21.0
AMGN,AMGEN INC.,Health Care,2026-05-27,-22.0,-22.0,0.0
CI,THE CIGNA GROUP,Health Care,2026-05-27,-28.0,-28.0,0.0
CVS,CVS HEALTH ,Health Care,2026-05-27,-31.0,-31.0,0.0
ELV,"ELEVANCE HEALTH, INC.",Health Care,2026-05-27,-36.0,-36.0,0.0
WAT,WATERS ,Health Care,2026-05-27,-37.0,-37.0,0.0
MRK,"MERCK & CO., INC.",Health Care,2026-05-27,-43.0,-38.0,-5.0
SYK,STRYKER ,Health Care,2026-05-27,-43.0,-22.0,-21.0
ABBV,ABBVIE INC.,Health Care,2026-05-27,-43.0,-24.0,-19.0
HUM,HUMANA INC.,Health Care,2026-05-27,-49.0,-49.0,0.0
RVTY,"REVVITY, INC.",Health Care,2026-05-27,-61.0,-51.0,-10.0
DVA,DAVITA INC.,Health Care,2026-05-27,-68.0,-100.0,32.0
LLY,ELI LILLY AND COMPANY,Health Care,2026-05-27,-70.0,-60.0,-10.0
SOLV,SOLVENTUM ,Health Care,2026-05-27,-70.0,-26.0,-44.0
CNC,CENTENE ,Health Care,2026-05-27,-74.0,-79.0,5.0
EW,EDWARDS LIFESCIENCES ,Health Care,2026-05-27,-77.0,-46.0,-31.0
DXCM,"DEXCOM, INC.",Health Care,2026-05-27,-102.0,-70.0,-32.0
RUT,RUSSELL 2000 INDEX,Indices,2026-05-27,6.0,-1.0,7.0
DXY,US DOLLAR INDEX,Indices,2026-05-27,-44.0,-44.0,0.0
DJI,DOW JONES INDUSTRIAL AVG INDEX,Indices,2026-05-27,-44.0,-1.0,-43.0
SPX,S&P 500 INDEX,Indices,2026-05-27,-48.0,-31.0,-17.0
NDX,NASDAQ 100 INDEX,Indices,2026-05-27,-51.0,-34.0,-17.0
LHX,"L3HARRIS TECHNOLOGIES, INC.",Industrials,2026-05-27,74.0,58.0,16.0
TT,TRANE TECHNOLOGIES PLC,Industrials,2026-05-27,74.0,50.0,24.0
EME,"EMCOR GROUP, INC.",Industrials,2026-05-27,70.0,70.0,0.0
JCI,JOHNSON CONTROLS INTERNATIONAL PLC,Industrials,2026-05-27,64.0,70.0,-6.0
ITW,ILLINOIS TOOL WORKS INC.,Industrials,2026-05-27,63.0,63.0,0.0
DOV,DOVER ,Industrials,2026-05-27,57.0,57.0,0.0
NOC,NORTHROP GRUMMAN ,Industrials,2026-05-27,56.0,26.0,30.0
IEX,IDEX ,Industrials,2026-05-27,48.0,24.0,24.0
RTX,RTX ,Industrials,2026-05-27,48.0,48.0,0.0
WAB,WESTINGHOUSE AIR BRAKE TECHNOLOGIES ,Industrials,2026-05-27,46.0,16.0,30.0
NDSN,NORDSON ,Industrials,2026-05-27,42.0,42.0,0.0
OTIS,OTIS WORLDWIDE ,Industrials,2026-05-27,40.0,6.0,34.0
WM,"WASTE MANAGEMENT, INC.",Industrials,2026-05-27,40.0,17.0,23.0
PCAR,PACCAR INC,Industrials,2026-05-27,39.0,-7.0,46.0
BLDR,"BUILDERS FIRSTSOURCE, INC.",Industrials,2026-05-27,38.0,31.0,7.0
BA,THE BOEING COMPANY,Industrials,2026-05-27,38.0,52.0,-14.0
LMT,LOCKHEED MARTIN ,Industrials,2026-05-27,31.0,13.0,18.0
FTV,FORTIVE ,Industrials,2026-05-27,31.0,31.0,0.0
IR,INGERSOLL RAND INC.,Industrials,2026-05-27,29.0,1.0,28.0
FAST,FASTENAL COMPANY,Industrials,2026-05-27,29.0,43.0,-14.0
HUBB,HUBBELL INC.,Industrials,2026-05-27,27.0,27.0,0.0
PH,PARKER-HANNIFIN ,Industrials,2026-05-27,27.0,27.0,0.0
AOS,A. O. SMITH ,Industrials,2026-05-27,27.0,27.0,0.0
SWK,"STANLEY BLACK & DECKER, INC.",Industrials,2026-05-27,23.0,-3.0,26.0
NSC,NORFOLK SOUTHERN ,Industrials,2026-05-27,20.0,48.0,-28.0
AME,"AMETEK, INC.",Industrials,2026-05-27,20.0,31.0,-11.0
CMI,CUMMINS INC.,Industrials,2026-05-27,19.0,36.0,-17.0
UPS,"UNITED PARCEL SERVICE, INC.",Industrials,2026-05-27,18.0,27.0,-9.0
CHRW,"C.H. ROBINSON WORLDWIDE, INC.",Industrials,2026-05-27,16.0,16.0,0.0
XYL,XYLEM INC.,Industrials,2026-05-27,14.0,-33.0,47.0
JBHT,"J. B. HUNT TRANSPORT SERVICES, INC.",Industrials,2026-05-27,13.0,42.0,-29.0
ROL,"ROLLINS, INC.",Industrials,2026-05-27,11.0,31.0,-20.0
ETN,EATON  PUBLIC LIMITED COMPANY,Industrials,2026-05-27,11.0,44.0,-33.0
GEV,GE VERNOVA INC.,Industrials,2026-05-27,9.0,47.0,-38.0
CAT,CATERPILLAR INC.,Industrials,2026-05-27,9.0,3.0,6.0
PNR,PENTAIR PUBLIC LIMITED COMPANY,Industrials,2026-05-27,8.0,-7.0,15.0
SNA,SNAP-ON INC.,Industrials,2026-05-27,7.0,7.0,0.0
UNP,UNION PACIFIC ,Industrials,2026-05-27,6.0,24.0,-18.0
FIX,"COMFORT SYSTEMS USA, INC.",Industrials,2026-05-27,5.0,14.0,-9.0
HII,"HUNTINGTON INGALLS INDUSTRIES, INC.",Industrials,2026-05-27,5.0,9.0,-4.0
ODFL,"OLD DOMINION FREIGHT LINE, INC.",Industrials,2026-05-27,5.0,33.0,-28.0
LII,LENNOX INTERNATIONAL INC.,Industrials,2026-05-27,2.0,2.0,0.0
PAYX,"PAYCHEX, INC.",Industrials,2026-05-27,1.0,-35.0,36.0
LDOS,"LEIDOS HOLDINGS, INC.",Industrials,2026-05-27,0.0,-0.0,0.0
J,JACOBS SOLUTIONS INC.,Industrials,2026-05-27,-2.0,-2.0,0.0
ALLE,ALLEGION PUBLIC LIMITED COMPANY,Industrials,2026-05-27,-4.0,6.0,-10.0
EMR,EMERSON ELECTRIC CO.,Industrials,2026-05-27,-5.0,-5.0,0.0
BR,"BROADRIDGE FINANCIAL SOLUTIONS, INC.",Industrials,2026-05-27,-5.0,-15.0,10.0
CPRT,"COPART, INC.",Industrials,2026-05-27,-7.0,-23.0,16.0
FDX,FEDEX ,Industrials,2026-05-27,-9.0,3.0,-12.0
CSX,CSX ,Industrials,2026-05-27,-9.0,-9.0,0.0
URI,"UNITED RENTALS, INC.",Industrials,2026-05-27,-10.0,6.0,-16.0
VRT,VERTIV HOLDINGS CO,Industrials,2026-05-27,-10.0,70.0,-80.0
MAS,MASCO ,Industrials,2026-05-27,-12.0,-12.0,0.0
HWM,HOWMET AEROSPACE INC.,Industrials,2026-05-27,-13.0,8.0,-21.0
CTAS,CINTAS ,Industrials,2026-05-27,-14.0,-14.0,0.0
ADP,"AUTOMATIC DATA PROCESSING, INC.",Industrials,2026-05-27,-14.0,-60.0,46.0
EFX,EQUIFAX INC.,Industrials,2026-05-27,-15.0,-46.0,31.0
PWR,"QUANTA SERVICES, INC.",Industrials,2026-05-27,-16.0,-16.0,0.0
DE,DEERE & COMPANY,Industrials,2026-05-27,-19.0,-19.0,0.0
GD,GENERAL DYNAMICS ,Industrials,2026-05-27,-20.0,-51.0,31.0
CARR,CARRIER GLOBAL ,Industrials,2026-05-27,-20.0,-30.0,10.0
AXON,"AXON ENTERPRISE, INC.",Industrials,2026-05-27,-21.0,-42.0,21.0
LUV,SOUTHWEST AIRLINES CO.,Industrials,2026-05-27,-23.0,-3.0,-20.0
GWW,"W.W. GRAINGER, INC.",Industrials,2026-05-27,-24.0,-24.0,0.0
GNRC,GENERAC HOLDINGS INC.,Industrials,2026-05-27,-26.0,-26.0,0.0
DAL,"DELTA AIR LINES, INC.",Industrials,2026-05-27,-27.0,-20.0,-7.0
EXPD,EXPEDITORS INTERNATIONAL OF WASHINGTON,Industrials,2026-05-27,-31.0,-17.0,-14.0
ROK,"ROCKWELL AUTOMATION, INC.",Industrials,2026-05-27,-31.0,-3.0,-28.0
HON,HONEYWELL INTERNATIONAL INC.,Industrials,2026-05-27,-36.0,-40.0,4.0
MMM,3M COMPANY,Industrials,2026-05-27,-41.0,-35.0,-6.0
TXT,TEXTRON INC.,Industrials,2026-05-27,-43.0,-49.0,6.0
UBER,"UBER TECHNOLOGIES, INC.",Industrials,2026-05-27,-43.0,-34.0,-9.0
UAL,"UNITED AIRLINES HOLDINGS, INC.",Industrials,2026-05-27,-43.0,-17.0,-26.0
RSG,"REPUBLIC SERVICES, INC.",Industrials,2026-05-27,-48.0,-79.0,31.0
VRSK,"VERISK ANALYTICS, INC.",Industrials,2026-05-27,-58.0,-58.0,0.0
VLTO,VERALTO ,Industrials,2026-05-27,-60.0,-14.0,-46.0
TDG,TRANSDIGM GROUP INC.,Industrials,2026-05-27,-61.0,-36.0,-25.0
GE,GENERAL ELECTRIC COMPANY,Industrials,2026-05-27,-63.0,-63.0,0.0
ANET,"ARISTA NETWORKS, INC.",Information Technology,2026-05-27,72.0,72.0,0.0
MPWR,"MONOLITHIC POWER SYSTEMS, INC.",Information Technology,2026-05-27,71.0,58.0,13.0
JBL,JABIL INC.,Information Technology,2026-05-27,58.0,28.0,30.0
TDY,TELEDYNE TECHNOLOGIES INC.,Information Technology,2026-05-27,54.0,54.0,0.0
WDC,WESTERN DIGITAL ,Information Technology,2026-05-27,49.0,58.0,-9.0
ROP,"ROPER TECHNOLOGIES, INC.",Information Technology,2026-05-27,48.0,23.0,25.0
EPAM,"EPAM SYSTEMS, INC.",Information Technology,2026-05-27,48.0,48.0,0.0
TER,"TERADYNE, INC.",Information Technology,2026-05-27,45.0,21.0,24.0
KEYS,"KEYSIGHT TECHNOLOGIES, INC.",Information Technology,2026-05-27,43.0,43.0,0.0
KLAC,KLA ,Information Technology,2026-05-27,42.0,13.0,29.0
PLTR,PALANTIR TECHNOLOGIES INC.,Information Technology,2026-05-27,41.0,13.0,28.0
AVGO,BROADCOM INC.,Information Technology,2026-05-27,34.0,62.0,-28.0
INTU,INTUIT INC.,Information Technology,2026-05-27,32.0,32.0,0.0
TEL,TE CONNECTIVITY LTD,Information Technology,2026-05-27,29.0,29.0,0.0
MSI,"MOTOROLA SOLUTIONS, INC.",Information Technology,2026-05-27,26.0,38.0,-12.0
ADI,"ANALOG DEVICES, INC.",Information Technology,2026-05-27,25.0,25.0,0.0
STX,SEAGATE TECHNOLOGY HOLDINGS,Information Technology,2026-05-27,24.0,49.0,-25.0
ACN,ACCENTURE PUBLIC LIMITED COMPANY,Information Technology,2026-05-27,23.0,-30.0,53.0
SNDK,SANDISK CORPORATION,Information Technology,2026-05-27,21.0,60.0,-39.0
Q,"QNITY ELECTRONICS, INC.",Information Technology,2026-05-27,18.0,12.0,6.0
TYL,"TYLER TECHNOLOGIES, INC.",Information Technology,2026-05-27,14.0,3.0,11.0
LRCX,LAM RESEARCH ,Information Technology,2026-05-27,13.0,4.0,9.0
APP,APPLOVIN CORP,Information Technology,2026-05-27,7.0,21.0,-14.0
CIEN,CIENA CORPORATION,Information Technology,2026-05-27,5.0,5.0,0.0
APH,AMPHENOL ,Information Technology,2026-05-27,4.0,4.0,0.0
INTC,INTEL ,Information Technology,2026-05-27,1.0,-29.0,30.0
GLW,CORNING INC.,Information Technology,2026-05-27,1.0,19.0,-18.0
CDW,CDW ,Information Technology,2026-05-27,0.0,0.0,0.0
TRMB,TRIMBLE INC.,Information Technology,2026-05-27,-0.0,-0.0,0.0
MSFT,MICROSOFT ,Information Technology,2026-05-27,-1.0,-10.0,9.0
FSLR,"FIRST SOLAR, INC.",Information Technology,2026-05-27,-2.0,-2.0,0.0
ORCL,ORACLE ,Information Technology,2026-05-27,-3.0,-3.0,0.0
COHR,COHERENT CORP.,Information Technology,2026-05-27,-3.0,5.0,-8.0
VRSN,"VERISIGN, INC.",Information Technology,2026-05-27,-6.0,-22.0,16.0
IT,"GARTNER, INC.",Information Technology,2026-05-27,-7.0,-7.0,0.0
LITE,LUMENTUM HOLDINGS INC.,Information Technology,2026-05-27,-8.0,1.0,-9.0
FICO,FAIR ISAAC ,Information Technology,2026-05-27,-9.0,-43.0,34.0
ADBE,ADOBE INC.,Information Technology,2026-05-27,-10.0,-20.0,10.0
AMAT,"APPLIED MATERIALS, INC.",Information Technology,2026-05-27,-10.0,-2.0,-8.0
CRM,"SALESFORCE, INC.",Information Technology,2026-05-27,-10.0,-52.0,42.0
HPE,HEWLETT PACKARD ENTERPRISE COMPANY,Information Technology,2026-05-27,-14.0,-17.0,3.0
ON,ON SEMICONDUCTOR ,Information Technology,2026-05-27,-14.0,-14.0,0.0
MCHP,MICROCHIP TECHNOLOGY INC.,Information Technology,2026-05-27,-17.0,-8.0,-9.0
MU,"MICRON TECHNOLOGY, INC.",Information Technology,2026-05-27,-20.0,-17.0,-3.0
PTC,PTC INC.,Information Technology,2026-05-27,-22.0,-33.0,11.0
TXN,TEXAS INSTRUMENTS INC.,Information Technology,2026-05-27,-22.0,-22.0,0.0
ZBRA,ZEBRA TECHNOLOGIES ,Information Technology,2026-05-27,-24.0,-20.0,-4.0
SMCI,"SUPER MICRO COMPUTER, INC.",Information Technology,2026-05-27,-24.0,-24.0,0.0
CSCO,"CISCO SYSTEMS, INC.",Information Technology,2026-05-27,-24.0,-29.0,5.0
SWKS,"SKYWORKS SOLUTIONS, INC.",Information Technology,2026-05-27,-30.0,-30.0,0.0
AMD,"ADVANCED MICRO DEVICES, INC.",Information Technology,2026-05-27,-35.0,-31.0,-4.0
IBM,INTERNATIONAL BUSINESS MACHINES ,Information Technology,2026-05-27,-36.0,-28.0,-8.0
AAPL,APPLE INC.,Information Technology,2026-05-27,-37.0,-22.0,-15.0
FFIV,"F5, INC.",Information Technology,2026-05-27,-37.0,-37.0,0.0
CTSH,COGNIZANT TECHNOLOGY SOLUTIONS ,Information Technology,2026-05-27,-39.0,-22.0,-17.0
NXPI,NXP SEMICONDUCTORS NV,Information Technology,2026-05-27,-41.0,-41.0,0.0
NOW,"SERVICENOW, INC.",Information Technology,2026-05-27,-43.0,-50.0,7.0
CDNS,"CADENCE DESIGN SYSTEMS, INC.",Information Technology,2026-05-27,-43.0,-26.0,-17.0
QCOM,QUALCOMM INC.,Information Technology,2026-05-27,-43.0,-43.0,0.0
NTAP,"NETAPP, INC.",Information Technology,2026-05-27,-46.0,-77.0,31.0
SNPS,"SYNOPSYS, INC.",Information Technology,2026-05-27,-49.0,-32.0,-17.0
WDAY,"WORKDAY, INC.",Information Technology,2026-05-27,-50.0,-53.0,3.0
GDDY,GODADDY INC.,Information Technology,2026-05-27,-50.0,-53.0,3.0
PANW,"PALO ALTO NETWORKS, INC.",Information Technology,2026-05-27,-53.0,-9.0,-44.0
CRWD,"CROWDSTRIKE HOLDINGS, INC.",Information Technology,2026-05-27,-53.0,-43.0,-10.0
NVDA,NVIDIA ,Information Technology,2026-05-27,-55.0,-7.0,-48.0
FTNT,"FORTINET, INC.",Information Technology,2026-05-27,-60.0,-23.0,-37.0
DDOG,"DATADOG, INC.",Information Technology,2026-05-27,-60.0,-60.0,0.0
GEN,GEN DIGITAL INC.,Information Technology,2026-05-27,-60.0,-70.0,10.0
ADSK,"AUTODESK, INC.",Information Technology,2026-05-27,-60.0,-65.0,5.0
HPQ,HP INC.,Information Technology,2026-05-27,-70.0,-60.0,-10.0
AKAM,"AKAMAI TECHNOLOGIES, INC.",Information Technology,2026-05-27,-73.0,-60.0,-13.0
DELL,DELL TECHNOLOGIES INC.,Information Technology,2026-05-27,-81.0,-79.0,-2.0
MP,MP MATERIALS CORP,MR Discretion,2026-05-27,62.0,34.0,28.0
GEOS,GEOSPACE TECHNOLOGIES ,MR Discretion,2026-05-27,43.0,43.0,0.0
TDW,TIDEWATER INC.,MR Discretion,2026-05-27,36.0,11.0,25.0
SD,"SANDRIDGE ENERGY, INC.",MR Discretion,2026-05-27,35.0,20.0,15.0
VAL,VALARIS LIMITED,MR Discretion,2026-05-27,31.0,10.0,21.0
STNG,SCORPIO TANKERS INC.,MR Discretion,2026-05-27,29.0,19.0,10.0
EC,ECOPETROL SA,MR Discretion,2026-05-27,28.0,32.0,-4.0
NOV,NOV INC.,MR Discretion,2026-05-27,20.0,-3.0,23.0
URNM,SPROTT URANIUM MINERS,MR Discretion,2026-05-27,18.0,47.0,-29.0
ASC,ARDMORE SHIPPING ,MR Discretion,2026-05-27,13.0,-18.0,31.0
GGB,GERDAU SA,MR Discretion,2026-05-27,12.0,42.0,-30.0
BTU,PEABODY ENERGY ,MR Discretion,2026-05-27,12.0,48.0,-36.0
CNR,"CORE NATURAL RESOURCES, INC.",MR Discretion,2026-05-27,12.0,29.0,-17.0
CMRE,COSTAMARE INC.,MR Discretion,2026-05-27,11.0,11.0,0.0
HLX,"HELIX ENERGY SOLUTIONS GROUP, INC.",MR Discretion,2026-05-27,11.0,-27.0,38.0
XOP,SPDR S&P OIL&GAS EXP,MR Discretion,2026-05-27,10.0,1.0,9.0
XES,SPDR S&P OIL&GAS E&S,MR Discretion,2026-05-27,9.0,20.0,-11.0
DHT,"DHT HOLDINGS, INC.",MR Discretion,2026-05-27,8.0,8.0,0.0
STLA,STELLANTIS NV,MR Discretion,2026-05-27,6.0,-13.0,19.0
FRO,FRONTLINE PLC,MR Discretion,2026-05-27,6.0,-2.0,8.0
PBR,BRAZILIAN PETROLEUM  - PETROBRAS,MR Discretion,2026-05-27,3.0,3.0,0.0
SM,SM ENERGY COMPANY,MR Discretion,2026-05-27,3.0,-46.0,49.0
GNK,GENCO SHIPPING & TRADING LIMITED,MR Discretion,2026-05-27,1.0,1.0,0.0
CRESY,CRESUD INC.,MR Discretion,2026-05-27,-1.0,3.0,-4.0
GLATF,GLOBAL ATOMIC ,MR Discretion,2026-05-27,-3.0,-3.0,0.0
CALM,"CAL-MAINE FOODS, INC.",MR Discretion,2026-05-27,-3.0,-25.0,22.0
TS,TENARIS SA,MR Discretion,2026-05-27,-9.0,36.0,-45.0
FTI,TECHNIPFMC PLC,MR Discretion,2026-05-27,-11.0,30.0,-41.0
RIG,TRANSOCEAN LTD,MR Discretion,2026-05-27,-12.0,10.0,-22.0
CCJ,CAMECO ,MR Discretion,2026-05-27,-20.0,35.0,-55.0
PAM,PAMPA ENERGIA SA,MR Discretion,2026-05-27,-22.0,3.0,-25.0
BTI,BRITISH AMERICAN TOBACCO P.L.C.,MR Discretion,2026-05-27,-23.0,-23.0,0.0
ROKU,"ROKU, INC.",MR Discretion,2026-05-27,-23.0,9.0,-32.0
TECK,TECK RESOURCES LIMITED,MR Discretion,2026-05-27,-28.0,-3.0,-25.0
SBLK,STAR BULK CARRIERS CORP.,MR Discretion,2026-05-27,-49.0,-75.0,26.0
CMBT,CMB.TECH NV,MR Discretion,2026-05-27,-50.0,-66.0,16.0
ICL,ICL GROUP LTD,MR Discretion,2026-05-27,-51.0,-30.0,-21.0
APD,"AIR PRODUCTS AND CHEMICALS, INC.",Materials,2026-05-27,45.0,53.0,-8.0
VMC,VULCAN MATERIALS COMPANY,Materials,2026-05-27,38.0,21.0,17.0
BALL,BALL ,Materials,2026-05-27,37.0,37.0,0.0
ALB,ALBEMARLE ,Materials,2026-05-27,30.0,30.0,0.0
PKG,PACKAGING  OF AMERICA,Materials,2026-05-27,27.0,-5.0,32.0
FCX,FREEPORT-MCMORAN INC.,Materials,2026-05-27,26.0,26.0,0.0
LYB,LYONDELLBASELL INDUSTRIES NV,Materials,2026-05-27,25.0,16.0,9.0
NEM,NEWMONT ,Materials,2026-05-27,24.0,0.0,24.0
SHW,THE SHERWIN-WILLIAMS COMPANY,Materials,2026-05-27,12.0,22.0,-10.0
MOS,THE MOSAIC COMPANY,Materials,2026-05-27,11.0,20.0,-9.0
DD,"DUPONT DE NEMOURS, INC.",Materials,2026-05-27,11.0,18.0,-7.0
DOW,DOW INC.,Materials,2026-05-27,4.0,25.0,-21.0
CRH,CRH PUBLIC LIMITED COMPANY,Materials,2026-05-27,4.0,58.0,-54.0
MLM,"MARTIN MARIETTA MATERIALS, INC.",Materials,2026-05-27,-0.0,0.0,-0.0
LIN,LINDE PUBLIC LIMITED COMPANY,Materials,2026-05-27,-3.0,-10.0,7.0
AVY,AVERY DENNISON ,Materials,2026-05-27,-5.0,-5.0,0.0
NUE,NUCOR ,Materials,2026-05-27,-10.0,-10.0,0.0
STLD,"STEEL DYNAMICS, INC.",Materials,2026-05-27,-14.0,-23.0,9.0
PPG,"PPG INDUSTRIES, INC.",Materials,2026-05-27,-17.0,9.0,-26.0
CTVA,"CORTEVA, INC.",Materials,2026-05-27,-19.0,-19.0,0.0
ECL,ECOLAB INC.,Materials,2026-05-27,-22.0,4.0,-26.0
IP,INTERNATIONAL PAPER COMPANY,Materials,2026-05-27,-22.0,-5.0,-17.0
SW,SMURFIT WESTROCK PUBLIC LIMITED COMPANY,Materials,2026-05-27,-22.0,-22.0,0.0
CF,"CF INDUSTRIES HOLDINGS, INC.",Materials,2026-05-27,-24.0,-24.0,0.0
IFF,INTERNATIONAL FLAVORS & FRAGRANCES INC.,Materials,2026-05-27,-37.0,-38.0,1.0
AMCR,AMCOR PLC,Materials,2026-05-27,-37.0,8.0,-45.0
DLR,"DIGITAL REALTY TRUST, INC.",Real Estate,2026-05-27,74.0,35.0,39.0
CBRE,"CBRE GROUP, INC.",Real Estate,2026-05-27,58.0,58.0,0.0
EQIX,"EQUINIX, INC.",Real Estate,2026-05-27,44.0,77.0,-33.0
REG,REGENCY CENTERS ,Real Estate,2026-05-27,39.0,29.0,10.0
VTR,"VENTAS, INC.",Real Estate,2026-05-27,34.0,8.0,26.0
WY,WEYERHAEUSER COMPANY,Real Estate,2026-05-27,33.0,75.0,-42.0
O,REALTY INCOME ,Real Estate,2026-05-27,28.0,43.0,-15.0
WELL,WELLTOWER INC.,Real Estate,2026-05-27,22.0,22.0,0.0
PLD,"PROLOGIS, INC.",Real Estate,2026-05-27,17.0,-17.0,34.0
HST,"HOST HOTELS & RESORTS, INC.",Real Estate,2026-05-27,3.0,3.0,0.0
BXP,"BOSTON PROPERTIES, INC.",Real Estate,2026-05-27,-2.0,-36.0,34.0
CPT,CAMDEN PROPERTY TRUST,Real Estate,2026-05-27,-2.0,-9.0,7.0
VICI,VICI PROPERTIES INC.,Real Estate,2026-05-27,-10.0,-3.0,-7.0
EXR,EXTRA SPACE STORAGE INC.,Real Estate,2026-05-27,-10.0,-12.0,2.0
SPG,"SIMON PROPERTY GROUP, INC.",Real Estate,2026-05-27,-10.0,-27.0,17.0
KIM,KIMCO REALTY .,Real Estate,2026-05-27,-12.0,-28.0,16.0
PSA,PUBLIC STORAGE.,Real Estate,2026-05-27,-13.0,3.0,-16.0
CSGP,"COSTAR GROUP, INC.",Real Estate,2026-05-27,-15.0,-15.0,0.0
SBAC,SBA COMMUNICATIONS ,Real Estate,2026-05-27,-16.0,6.0,-22.0
CCI,CROWN CASTLE INC.,Real Estate,2026-05-27,-24.0,-53.0,29.0
AMT,AMERICAN TOWER ,Real Estate,2026-05-27,-24.0,-19.0,-5.0
MAA,"MID-AMERICA APARTMENT COMMUNITIES, INC.",Real Estate,2026-05-27,-27.0,-43.0,16.0
INVH,INVITATION HOMES INC.,Real Estate,2026-05-27,-40.0,-26.0,-14.0
ESS,"ESSEX PROPERTY TRUST, INC.",Real Estate,2026-05-27,-40.0,-43.0,3.0
FRT,FEDERAL REALTY INVESTMENT TRUST,Real Estate,2026-05-27,-46.0,-56.0,10.0
IRM,IRON MOUNTAIN INC.,Real Estate,2026-05-27,-48.0,-48.0,0.0
UDR,"UDR, INC.",Real Estate,2026-05-27,-53.0,-9.0,-44.0
DOC,"HEALTHDOC PROPERTIES, INC.",Real Estate,2026-05-27,-57.0,-49.0,-8.0
EQR,EQUITY RESIDENTIAL,Real Estate,2026-05-27,-63.0,-33.0,-30.0
AVB,"AVALONBAY COMMUNITIES, INC.",Real Estate,2026-05-27,-63.0,-57.0,-6.0
ARE,"ALEXANDRIA REAL ESTATE EQUITIES, INC.",Real Estate,2026-05-27,-77.0,-20.0,-57.0
XLU,SEL SECTOR:UTIL SPDR,Sector & Style ETFs,2026-05-27,40.0,26.0,14.0
XLB,SEL SECTOR:MATRLS SPDR,Sector & Style ETFs,2026-05-27,30.0,30.0,0.0
XLP,SEL SECTOR:C STP SPDR,Sector & Style ETFs,2026-05-27,14.0,-4.0,18.0
XLE,SEL SECTOR:ENERGY SPDR,Sector & Style ETFs,2026-05-27,10.0,24.0,-14.0
POWA,INVESCO BLOOMBERG PRICING POWER,Sector & Style ETFs,2026-05-27,8.0,4.0,4.0
XLI,SEL SECTOR:INDUST SPDR,Sector & Style ETFs,2026-05-27,6.0,6.0,0.0
IWM,ISHARES:RUSS 2000 ETF,Sector & Style ETFs,2026-05-27,6.0,15.0,-9.0
XLF,SEL SECTOR:FINL S SPDR,Sector & Style ETFs,2026-05-27,2.0,7.0,-5.0
SMH,VANECK:SEMICONDUCTOR,Sector & Style ETFs,2026-05-27,1.0,5.0,-4.0
MDY,SPDR S&P MIDCAP 400 ETF,Sector & Style ETFs,2026-05-27,-2.0,-2.0,0.0
DIA,SPDR DOW JONES INDUS AVG,Sector & Style ETFs,2026-05-27,-2.0,-2.0,0.0
XLC,SEL SECTOR:COMM SVC SPDR,Sector & Style ETFs,2026-05-27,-5.0,-5.0,0.0
SPHB,INVESCO S&P500 HI BE,Sector & Style ETFs,2026-05-27,-10.0,-10.0,0.0
SPLV,INVESCO S&P500 LOWVL,Sector & Style ETFs,2026-05-27,-15.0,-4.0,-11.0
XLRE,SEL SECTOR:RL EST SPDR,Sector & Style ETFs,2026-05-27,-17.0,-31.0,14.0
SDY,SPDR S&P DIVIDEND,Sector & Style ETFs,2026-05-27,-18.0,-10.0,-8.0
XLY,SEL SECTOR:C DSC SPDR,Sector & Style ETFs,2026-05-27,-19.0,6.0,-25.0
MTUM,ISHARES:MSCI USA MOM FCT,Sector & Style ETFs,2026-05-27,-20.0,-17.0,-3.0
IWD,ISHARES:RUSS 1000 VL ETF,Sector & Style ETFs,2026-05-27,-20.0,-17.0,-3.0
RSP,INVESCO S&P500 EWGHT,Sector & Style ETFs,2026-05-27,-23.0,-19.0,-4.0
XLV,SEL SECTOR:H CARE SPDR,Sector & Style ETFs,2026-05-27,-24.0,-24.0,0.0
QUAL,ISHARES:MSCI USA QF,Sector & Style ETFs,2026-05-27,-26.0,-26.0,0.0
XLK,SEL SECTOR:TECH SPDR,Sector & Style ETFs,2026-05-27,-30.0,-14.0,-16.0
QQQ,INVESCO QQQ TRUST 1,Sector & Style ETFs,2026-05-27,-35.0,-35.0,0.0
SPY,SPDR S&P 500 ETF,Sector & Style ETFs,2026-05-27,-40.0,-23.0,-17.0
IWF,ISHARES:RUSS 1000 GR ETF,Sector & Style ETFs,2026-05-27,-40.0,-19.0,-21.0
OEF,ISHARES:S&P 100,Sector & Style ETFs,2026-05-27,-40.0,-23.0,-17.0
DTE,DTE ENERGY COMPANY,Utilities,2026-05-27,74.0,48.0,26.0
CMS,CMS ENERGY ,Utilities,2026-05-27,40.0,21.0,19.0
NI,NISOURCE INC.,Utilities,2026-05-27,40.0,47.0,-7.0
FE,FIRSTENERGY CORP.,Utilities,2026-05-27,38.0,38.0,0.0
ED,"CONSOLIDATED EDISON, INC.",Utilities,2026-05-27,30.0,11.0,19.0
LNT,ALLIANT ENERGY ,Utilities,2026-05-27,30.0,63.0,-33.0
AEE,AMEREN ,Utilities,2026-05-27,29.0,29.0,0.0
EVRG,"EVERGY, INC.",Utilities,2026-05-27,27.0,26.0,1.0
EXC,EXELON ,Utilities,2026-05-27,27.0,8.0,19.0
PNW,PINNACLE WEST CAPITAL ,Utilities,2026-05-27,22.0,22.0,0.0
WEC,"WEC ENERGY GROUP, INC.",Utilities,2026-05-27,18.0,11.0,7.0
PPL,PPL ,Utilities,2026-05-27,16.0,0.0,16.0
XEL,XCEL ENERGY INC.,Utilities,2026-05-27,14.0,14.0,0.0
AEP,"AMERICAN ELECTRIC POWER COMPANY, INC.",Utilities,2026-05-27,13.0,37.0,-24.0
DUK,DUKE ENERGY ,Utilities,2026-05-27,11.0,18.0,-7.0
ES,EVERSOURCE ENERGY,Utilities,2026-05-27,7.0,7.0,0.0
SO,THE SOUTHERN COMPANY,Utilities,2026-05-27,6.0,6.0,0.0
AWK,"AMERICAN WATER WORKS COMPANY, INC.",Utilities,2026-05-27,5.0,5.0,0.0
PCG,PG&E ,Utilities,2026-05-27,3.0,35.0,-32.0
SRE,SEMPRA,Utilities,2026-05-27,2.0,44.0,-42.0
ETR,ENTERGY ,Utilities,2026-05-27,0.0,0.0,0.0
ATO,ATMOS ENERGY ,Utilities,2026-05-27,-0.0,0.0,-0.0
EIX,EDISON INTERNATIONAL,Utilities,2026-05-27,-1.0,2.0,-3.0
CNP,"CENTERPOINT ENERGY, INC.",Utilities,2026-05-27,-1.0,-1.0,0.0
PEG,PUBLIC SERVICE ENTERPRISE GROUP INC.,Utilities,2026-05-27,-5.0,-5.0,0.0
NRG,"NRG ENERGY, INC.",Utilities,2026-05-27,-12.0,-12.0,0.0
AES,THE AES ,Utilities,2026-05-27,-22.0,-22.0,0.0
D,"DOMINION ENERGY, INC.",Utilities,2026-05-27,-37.0,-37.0,0.0
VST,VISTRA CORP.,Utilities,2026-05-27,-39.0,-44.0,5.0
NEE,"NEXTERA ENERGY, INC.",Utilities,2026-05-27,-48.0,-4.0,-44.0
CEG,CONSTELLATION ENERGY,Utilities,2026-05-27,-51.0,-39.0,-12.0
VXN,CBOE NASDAQ MKT VOL NDX,Volatility,2026-05-27,17.0,-1.0,18.0
VIX,CBOE MKT VOLATILITY IDX,Volatility,2026-05-27,-49.0,-56.0,7.0
TYX,30 Y TSY YLD NDX,Yields,2026-05-27,-18.0,-27.0,9.0
TNX,10 Y TSY YLD NDX,Yields,2026-05-27,-27.0,-27.0,0.0
FVX,5 YR TSY YLD NDX,Yields,2026-05-27,-31.0,-31.0,0.0
