Date,Ticker,Ticker_name,Exposure,Category,model_score_qtd_change,current_model_score,previous_model_score
2026-09-18,A,"AGILENT TECHNOLOGIES, INC.",Health Care,Health Care,12.0,6.0,-6.0
2026-09-18,AAPL,APPLE INC.,Information Technology,Information Technology,-96.0,-13.0,83.0
2026-09-18,ABBV,ABBVIE INC.,Health Care,Health Care,61.0,11.0,-50.0
2026-09-18,ABNB,"AIRBNB, INC.",Consumer Discretionary,Consumer Discretionary,26.0,23.0,-3.0
2026-09-18,ABT,ABBOTT LABORATORIES,Health Care,Health Care,55.0,12.0,-43.0
2026-09-18,ACGL,ARCH CAPITAL GROUP LTD.,Financials,Financials,33.0,-10.0,-43.0
2026-09-18,ACN,ACCENTURE PUBLIC LIMITED COMPANY,Information Technology,Information Technology,-3.0,-3.0,-0.0
2026-09-18,ADBE,ADOBE INC.,Information Technology,Information Technology,-1.0,-1.0,0.0
2026-09-18,ADI,"ANALOG DEVICES, INC.",Information Technology,Information Technology,-35.0,3.0,38.0
2026-09-18,ADM,ARCHER-DANIELS-MIDLAND COMPANY.,Consumer Staples,Consumer Staples,-26.0,25.0,51.0
2026-09-18,ADP,"AUTOMATIC DATA PROCESSING, INC.",Industrials,Industrials,65.0,45.0,-20.0
2026-09-18,ADSK,"AUTODESK, INC.",Information Technology,Information Technology,7.0,32.0,25.0
2026-09-18,AEE,AMEREN ,Utilities,Utilities,51.0,9.0,-42.0
2026-09-18,AEP,"AMERICAN ELECTRIC POWER COMPANY, INC.",Utilities,Utilities,47.0,-6.0,-53.0
2026-09-18,AES,THE AES ,Utilities,Utilities,-10.0,6.0,16.0
2026-09-18,AFL,AFLAC INC.,Financials,Financials,-5.0,-3.0,2.0
2026-09-18,AIG,"AMERICAN INTERNATIONAL GROUP, INC.",Financials,Financials,16.0,2.0,-14.0
2026-09-18,AIZ,"ASSURANT, INC.",Financials,Financials,48.0,5.0,-43.0
2026-09-18,AJG,ARTHUR J. GALLAGHER & CO.,Financials,Financials,58.0,-2.0,-60.0
2026-09-18,AKAM,"AKAMAI TECHNOLOGIES, INC.",Information Technology,Information Technology,4.0,34.0,30.0
2026-09-18,ALB,ALBEMARLE ,Materials,Materials,25.0,37.0,12.0
2026-09-18,ALGN,"ALIGN TECHNOLOGY, INC.",Health Care,Health Care,42.0,9.0,-33.0
2026-09-18,ALL,THE ALLSTATE ,Financials,Financials,92.0,32.0,-60.0
2026-09-18,ALLE,ALLEGION PUBLIC LIMITED COMPANY,Industrials,Industrials,97.0,40.0,-57.0
2026-09-18,AMAT,"APPLIED MATERIALS, INC.",Information Technology,Information Technology,20.0,0.0,-20.0
2026-09-18,AMCR,AMCOR PLC,Materials,Materials,34.0,-2.0,-36.0
2026-09-18,AMD,"ADVANCED MICRO DEVICES, INC.",Information Technology,Information Technology,27.0,30.0,3.0
2026-09-18,AME,"AMETEK, INC.",Industrials,Industrials,43.0,22.0,-21.0
2026-09-18,AMGN,AMGEN INC.,Health Care,Health Care,95.0,14.0,-81.0
2026-09-18,AMP,"AMERIPRISE FINANCIAL, INC.",Financials,Financials,47.0,35.0,-12.0
2026-09-18,AMT,AMERICAN TOWER ,Real Estate,Real Estate,16.0,-10.0,-26.0
2026-09-18,AMZN,"AMAZON.COM, INC.",Consumer Discretionary,Consumer Discretionary,-58.0,-3.0,55.0
2026-09-18,ANET,"ARISTA NETWORKS, INC.",Information Technology,Information Technology,9.0,20.0,11.0
2026-09-18,AON,AON PLC,Financials,Financials,57.0,-0.0,-57.0
2026-09-18,AOS,A. O. SMITH ,Industrials,Industrials,83.0,40.0,-43.0
2026-09-18,APA,APA ,Energy,Energy,31.0,51.0,20.0
2026-09-18,APD,"AIR PRODUCTS AND CHEMICALS, INC.",Materials,Materials,42.0,32.0,-10.0
2026-09-18,APH,AMPHENOL ,Information Technology,Information Technology,6.0,-1.0,-7.0
2026-09-18,APO,"APOLLO GLOBAL MANAGEMENT, INC.",Financials,Financials,-50.0,5.0,55.0
2026-09-18,APP,APPLOVIN CORP,Information Technology,Information Technology,-63.0,-20.0,43.0
2026-09-18,APTV,APTIV PLC,Consumer Discretionary,Consumer Discretionary,5.0,48.0,43.0
2026-09-18,ARE,"ALEXANDRIA REAL ESTATE EQUITIES, INC.",Real Estate,Real Estate,26.0,23.0,-3.0
2026-09-18,ARES,ARES MANAGEMENT CORP,Financials,Financials,-78.0,-11.0,67.0
2026-09-18,ASC,ARDMORE SHIPPING ,,MR Discretion,-15.0,23.0,38.0
2026-09-18,ATO,ATMOS ENERGY ,Utilities,Utilities,-37.0,-53.0,-16.0
2026-09-18,AVGO,BROADCOM INC.,Information Technology,Information Technology,-46.0,-3.0,43.0
2026-09-18,AVY,AVERY DENNISON ,Materials,Materials,87.0,24.0,-63.0
2026-09-18,AWK,"AMERICAN WATER WORKS COMPANY, INC.",Utilities,Utilities,7.0,-53.0,-60.0
2026-09-18,AXON,"AXON ENTERPRISE, INC.",Industrials,Industrials,3.0,-38.0,-41.0
2026-09-18,AXP,AMERICAN EXPRESS COMPANY,Financials,Financials,40.0,2.0,-38.0
2026-09-18,AZO,"AUTOZONE, INC.",Consumer Discretionary,Consumer Discretionary,-4.0,-18.0,-14.0
2026-09-18,BA,THE BOEING COMPANY,Industrials,Industrials,29.0,28.0,-1.0
2026-09-18,BAC,BANK OF AMERICA ,Financials,Financials,101.0,37.0,-64.0
2026-09-18,BALL,BALL ,Materials,Materials,60.0,51.0,-9.0
2026-09-18,BAX,BAXTER INTERNATIONAL INC.,Health Care,Health Care,39.0,4.0,-35.0
2026-09-18,BBY,"BEST BUY CO., INC.",Consumer Discretionary,Consumer Discretionary,27.0,-10.0,-37.0
2026-09-18,BDX,"BECTON, DICKINSON AND COMPANY",Health Care,Health Care,84.0,36.0,-48.0
2026-09-18,BEN,"FRANKLIN RESOURCES, INC.",Financials,Financials,5.0,8.0,3.0
2026-09-18,BF.B,BROWN-FORMAN ,Consumer Staples,Consumer Staples,33.0,14.0,-19.0
2026-09-18,BG,BUNGE LIMITED,Consumer Staples,Consumer Staples,9.0,23.0,14.0
2026-09-18,BIIB,BIOGEN INC.,Health Care,Health Care,33.0,34.0,1.0
2026-09-18,BKNG,BOOKING HOLDINGS INC.,Consumer Discretionary,Consumer Discretionary,18.0,24.0,6.0
2026-09-18,BKR,BAKER HUGHES COMPANY,Energy,Energy,0.0,0.0,0.0
2026-09-18,BLDR,"BUILDERS FIRSTSOURCE, INC.",Industrials,Industrials,25.0,-2.0,-27.0
2026-09-18,BLK,"BLACKROCK, INC.",Financials,Financials,-57.0,23.0,80.0
2026-09-18,BMY,BRISTOL-MYERS SQUIBB COMPANY,Health Care,Health Care,-14.0,8.0,22.0
2026-09-18,BNY,THE BANK OF NEW YORK MELLON ,Financials,Financials,-53.0,-0.0,53.0
2026-09-18,BR,"BROADRIDGE FINANCIAL SOLUTIONS, INC.",Industrials,Industrials,30.0,36.0,6.0
2026-09-18,BRK.B,"BERKSHIRE HATHAWAY INC.,",Financials,Financials,0.0,-35.0,-35.0
2026-09-18,BRO,"BROWN & BROWN, INC.",Financials,Financials,0.0,-2.0,-2.0
2026-09-18,BSX,BOSTON SCIENTIFIC ,Health Care,Health Care,29.0,-4.0,-33.0
2026-09-18,BTC=F,BITCOIN FUTURES,,Futures,3.0,-48.0,-51.0
2026-09-18,BTI,BRITISH AMERICAN TOBACCO P.L.C.,,MR Discretion,-37.0,-3.0,34.0
2026-09-18,BTU,PEABODY ENERGY ,,MR Discretion,-17.0,-19.0,-2.0
2026-09-18,BX,BLACKSTONE INC,Financials,Financials,25.0,3.0,-22.0
2026-09-18,BXP,"BOSTON PROPERTIES, INC.",Real Estate,Real Estate,61.0,14.0,-47.0
2026-09-18,C,CITIGROUP INC.,Financials,Financials,89.0,37.0,-52.0
2026-09-18,CAG,"CONAGRA BRANDS, INC.",Consumer Staples,Consumer Staples,53.0,-5.0,-58.0
2026-09-18,CAH,"CARDINAL HEALTH, INC.",Health Care,Health Care,52.0,15.0,-37.0
2026-09-18,CALM,"CAL-MAINE FOODS, INC.",,MR Discretion,71.0,-16.0,-87.0
2026-09-18,CANE,TEUCRIUM:SUGAR,,Commodities,18.0,24.0,6.0
2026-09-18,CARR,CARRIER GLOBAL ,Industrials,Industrials,22.0,-11.0,-33.0
2026-09-18,CASY,"CASEY'S GENERAL STORES, INC.",Consumer Staples,Consumer Staples,0.0,0.0,0.0
2026-09-18,CAT,CATERPILLAR INC.,Industrials,Industrials,34.0,40.0,6.0
2026-09-18,CB,CHUBB LTD,Financials,Financials,55.0,-5.0,-60.0
2026-09-18,CBOE,"CBOE GLOBAL MARKETS, INC.",Financials,Financials,39.0,39.0,-0.0
2026-09-18,CBRE,"CBRE GROUP, INC.",Real Estate,Real Estate,37.0,6.0,-31.0
2026-09-18,CCI,CROWN CASTLE INC.,Real Estate,Real Estate,1.0,-5.0,-6.0
2026-09-18,CCJ,CAMECO ,,MR Discretion,-13.0,31.0,44.0
2026-09-18,CCL,CARNIVAL CORP,Consumer Discretionary,Consumer Discretionary,15.0,9.0,-6.0
2026-09-18,CDNS,"CADENCE DESIGN SYSTEMS, INC.",Information Technology,Information Technology,-33.0,0.0,33.0
2026-09-18,CDW,CDW ,Information Technology,Information Technology,5.0,-41.0,-46.0
2026-09-18,CEG,CONSTELLATION ENERGY,Utilities,Utilities,-15.0,-9.0,6.0
2026-09-18,CF,"CF INDUSTRIES HOLDINGS, INC.",Materials,Materials,39.0,76.0,37.0
2026-09-18,CFG,"CITIZENS FINANCIAL GROUP, INC.",Financials,Financials,132.0,71.0,-61.0
2026-09-18,CHD,"CHURCH & DWIGHT CO., INC.",Consumer Staples,Consumer Staples,39.0,8.0,-31.0
2026-09-18,CHRW,"C.H. ROBINSON WORLDWIDE, INC.",Industrials,Industrials,-48.0,-14.0,34.0
2026-09-18,CHTR,"CHARTER COMMUNICATIONS, INC.",Communication Services,Communication Services,-40.0,-12.0,28.0
2026-09-18,CI,THE CIGNA GROUP,Health Care,Health Care,-36.0,-10.0,26.0
2026-09-18,CIEN,CIENA CORPORATION,Information Technology,Information Technology,8.0,8.0,0.0
2026-09-18,CINF,CINCINNATI FINANCIAL ,Financials,Financials,14.0,-46.0,-60.0
2026-09-18,CL,COLGATE-PALMOLIVE COMPANY,Consumer Staples,Consumer Staples,41.0,4.0,-37.0
2026-09-18,CLX,THE CLOROX COMPANY,Consumer Staples,Consumer Staples,-5.0,2.0,7.0
2026-09-18,CMBT,CMB.TECH NV,,MR Discretion,2.0,5.0,3.0
2026-09-18,CMCSA,COMCAST ,Communication Services,Communication Services,-25.0,13.0,38.0
2026-09-18,CME,CME GROUP INC.,Financials,Financials,-43.0,-43.0,0.0
2026-09-18,CMG,"CHIPOTLE MEXICAN GRILL, INC.",Consumer Discretionary,Consumer Discretionary,-23.0,-22.0,1.0
2026-09-18,CMI,CUMMINS INC.,Industrials,Industrials,-28.0,-11.0,17.0
2026-09-18,CMRE,COSTAMARE INC.,,MR Discretion,-37.0,-10.0,27.0
2026-09-18,CMS,CMS ENERGY ,Utilities,Utilities,0.0,-33.0,-33.0
2026-09-18,CNC,CENTENE ,Health Care,Health Care,32.0,13.0,-19.0
2026-09-18,CNP,"CENTERPOINT ENERGY, INC.",Utilities,Utilities,127.0,61.0,-66.0
2026-09-18,CNR,"CORE NATURAL RESOURCES, INC.",,MR Discretion,58.0,40.0,-18.0
2026-09-18,COF,CAPITAL ONE FINANCIAL ,Financials,Financials,47.0,-16.0,-63.0
2026-09-18,COHR,COHERENT CORP.,Information Technology,Information Technology,-54.0,-15.0,39.0
2026-09-18,COIN,"COINBASE GLOBAL, INC.",Financials,Financials,-89.0,-64.0,25.0
2026-09-18,COMT,ISHARES:GSCI COMM DYN RS,,Commodities,17.0,17.0,0.0
2026-09-18,COO,"THE COOPER COMPANIES, INC.",Health Care,Health Care,70.0,0.0,-70.0
2026-09-18,COP,CONOCOPHILLIPS,Energy,Energy,59.0,45.0,-14.0
2026-09-18,COR,"CENCORA, INC.",Health Care,Health Care,13.0,-22.0,-35.0
2026-09-18,CORN,TEUCRIUM:CORN,,Commodities,-17.0,6.0,23.0
2026-09-18,COST,COSTCO WHOLESALE ,Consumer Staples,Consumer Staples,15.0,22.0,7.0
2026-09-18,CPAY,"FLEETCOR TECHNOLOGIES, INC.",Financials,Financials,-7.0,44.0,51.0
2026-09-18,CPER,UNITED STATES COPPER IDX,,Commodities,-5.0,22.0,27.0
2026-09-18,CPRT,"COPART, INC.",Industrials,Industrials,-52.0,-45.0,7.0
2026-09-18,CPT,CAMDEN PROPERTY TRUST,Real Estate,Real Estate,83.0,12.0,-71.0
2026-09-18,CRESY,CRESUD INC.,,MR Discretion,-64.0,-17.0,47.0
2026-09-18,CRH,CRH PUBLIC LIMITED COMPANY,Materials,Materials,-11.0,-16.0,-5.0
2026-09-18,CRL,CHARLES RIVER LABORATORIES,Health Care,Health Care,65.0,12.0,-53.0
2026-09-18,CRM,"SALESFORCE, INC.",Information Technology,Information Technology,4.0,14.0,10.0
2026-09-18,CRWD,"CROWDSTRIKE HOLDINGS, INC.",Information Technology,Information Technology,21.0,11.0,-10.0
2026-09-18,CSCO,"CISCO SYSTEMS, INC.",Information Technology,Information Technology,-15.0,37.0,52.0
2026-09-18,CSGP,"COSTAR GROUP, INC.",Real Estate,Real Estate,-18.0,-15.0,3.0
2026-09-18,CSX,CSX ,Industrials,Industrials,-10.0,-11.0,-1.0
2026-09-18,CTAS,CINTAS ,Industrials,Industrials,40.0,22.0,-18.0
2026-09-18,CTSH,COGNIZANT TECHNOLOGY SOLUTIONS ,Information Technology,Information Technology,10.0,-28.0,-38.0
2026-09-18,CTVA,"CORTEVA, INC.",Materials,Materials,21.0,-1.0,-22.0
2026-09-18,CVNA,CARVANA CO.,Consumer Discretionary,Consumer Discretionary,-42.0,-38.0,4.0
2026-09-18,CVS,CVS HEALTH ,Health Care,Health Care,51.0,28.0,-23.0
2026-09-18,CVX,CHEVRON ,Energy,Energy,20.0,22.0,2.0
2026-09-18,D,"DOMINION ENERGY, INC.",Utilities,Utilities,77.0,36.0,-41.0
2026-09-18,DAL,"DELTA AIR LINES, INC.",Industrials,Industrials,55.0,32.0,-23.0
2026-09-18,DASH,"DOORDASH, INC.",Consumer Discretionary,Consumer Discretionary,61.0,25.0,-36.0
2026-09-18,DBA,INVESCO DB MS AGRI,,Commodities,-7.0,6.0,13.0
2026-09-18,DBB,INVESCO DB MS BMTL,,Commodities,-38.0,35.0,73.0
2026-09-18,DBC,INVESCO DB CM IDX,,Commodities,9.0,9.0,0.0
2026-09-18,DD,"DUPONT DE NEMOURS, INC.",Materials,Materials,-68.0,-12.0,56.0
2026-09-18,DDOG,"DATADOG, INC.",Information Technology,Information Technology,-9.0,0.0,9.0
2026-09-18,DE,DEERE & COMPANY,Industrials,Industrials,6.0,-17.0,-23.0
2026-09-18,DECK,DECKERS OUTDOOR ,Consumer Discretionary,Consumer Discretionary,-8.0,6.0,14.0
2026-09-18,DELL,DELL TECHNOLOGIES INC.,Information Technology,Information Technology,-32.0,7.0,39.0
2026-09-18,DG,DOLLAR GENERAL ,Consumer Staples,Consumer Staples,41.0,-16.0,-57.0
2026-09-18,DGX,QUEST DIAGNOSTICS INC.,Health Care,Health Care,60.0,30.0,-30.0
2026-09-18,DHI,"D.R. HORTON, INC.",Consumer Discretionary,Consumer Discretionary,47.0,-6.0,-53.0
2026-09-18,DHR,DANAHER ,Health Care,Health Care,26.0,-37.0,-63.0
2026-09-18,DHT,"DHT HOLDINGS, INC.",,MR Discretion,-28.0,-15.0,13.0
2026-09-18,DIA,SPDR DOW JONES INDUS AVG,,Sector & Style ETFs,40.0,13.0,-27.0
2026-09-18,DIS,THE WALT DISNEY COMPANY,Communication Services,Communication Services,-35.0,-14.0,21.0
2026-09-18,DJI,DOW JONES INDUSTRIAL AVG INDEX,,Indices,58.0,24.0,-34.0
2026-09-18,DLR,"DIGITAL REALTY TRUST, INC.",Real Estate,Real Estate,-19.0,-4.0,15.0
2026-09-18,DLTR,"DOLLAR TREE, INC.",Consumer Staples,Consumer Staples,80.0,60.0,-20.0
2026-09-18,DOC,"HEALTHDOC PROPERTIES, INC.",Real Estate,Real Estate,81.0,36.0,-45.0
2026-09-18,DOV,DOVER ,Industrials,Industrials,79.0,32.0,-47.0
2026-09-18,DOW,DOW INC.,Materials,Materials,73.0,75.0,2.0
2026-09-18,DPZ,"DOMINO'S PIZZA, INC.",Consumer Discretionary,Consumer Discretionary,50.0,38.0,-12.0
2026-09-18,DRI,"DARDEN RESTAURANTS, INC.",Consumer Discretionary,Consumer Discretionary,22.0,52.0,30.0
2026-09-18,DTE,DTE ENERGY COMPANY,Utilities,Utilities,78.0,-13.0,-91.0
2026-09-18,DUK,DUKE ENERGY ,Utilities,Utilities,42.0,-20.0,-62.0
2026-09-18,DVA,DAVITA INC.,Health Care,Health Care,41.0,19.0,-22.0
2026-09-18,DVN,DEVON ENERGY ,Energy,Energy,47.0,46.0,-1.0
2026-09-18,DXCM,"DEXCOM, INC.",Health Care,Health Care,-18.0,33.0,51.0
2026-09-18,DXY,US DOLLAR INDEX,USD,Indices,66.0,-27.0,-93.0
2026-09-18,EBAY,EBAY INC.,Consumer Discretionary,Consumer Discretionary,-103.0,-41.0,62.0
2026-09-18,EC,ECOPETROL SA,,MR Discretion,-29.0,34.0,63.0
2026-09-18,ECH,ISHARES:MSCI CHILE,,Foreign,-8.0,48.0,56.0
2026-09-18,ECHO,ECHOSTAR CORPORATION,Communication Services,Communication Services,-59.0,-18.0,41.0
2026-09-18,ECL,ECOLAB INC.,Materials,Materials,69.0,9.0,-60.0
2026-09-18,ED,"CONSOLIDATED EDISON, INC.",Utilities,Utilities,53.0,-3.0,-56.0
2026-09-18,EDEN,ISHARES:MSCI DENMARK,,Foreign,67.0,28.0,-39.0
2026-09-18,EDV,VANGUARD EXT DUR T;ETF,Bonds,Bonds,-16.0,-23.0,-7.0
2026-09-18,EFNL,ISHARES:MSCI FINLAND,,Foreign,-8.0,15.0,23.0
2026-09-18,EFX,EQUIFAX INC.,Industrials,Industrials,17.0,4.0,-13.0
2026-09-18,EG,"EVEREST GROUP, LTD.",Financials,Financials,35.0,-1.0,-36.0
2026-09-18,EIDO,ISHARES:MSCI INDONESIA,,Foreign,-40.0,-3.0,37.0
2026-09-18,EIRL,ISHARES:MSCI IRELAND,,Foreign,46.0,28.0,-18.0
2026-09-18,EIS,ISHARES:MSCI ISRAEL,,Foreign,26.0,26.0,0.0
2026-09-18,EIX,EDISON INTERNATIONAL,Utilities,Utilities,30.0,-36.0,-66.0
2026-09-18,EL,THE ESTEE LAUDER COMPANIES INC.,Consumer Staples,Consumer Staples,-58.0,-7.0,51.0
2026-09-18,ELV,"ELEVANCE HEALTH, INC.",Health Care,Health Care,-48.0,-13.0,35.0
2026-09-18,EME,"EMCOR GROUP, INC.",Industrials,Industrials,-33.0,-22.0,11.0
2026-09-18,EMR,EMERSON ELECTRIC CO.,Industrials,Industrials,-34.0,-7.0,27.0
2026-09-18,ENZL,ISHARES:MSCI NEW ZLND,,Foreign,-22.0,35.0,57.0
2026-09-18,EOG,"EOG RESOURCES, INC.",Energy,Energy,34.0,62.0,28.0
2026-09-18,EPAM,"EPAM SYSTEMS, INC.",Information Technology,Information Technology,-28.0,-20.0,8.0
2026-09-18,EPHE,ISHARES:MSCI PHILIPPINES,,Foreign,-50.0,-40.0,10.0
2026-09-18,EPOL,ISHARES:MSCI POLAND,,Foreign,-26.0,45.0,71.0
2026-09-18,EPU,ISHARES:MSCI PERU,,Foreign,7.0,40.0,33.0
2026-09-18,EQIX,"EQUINIX, INC.",Real Estate,Real Estate,7.0,14.0,7.0
2026-09-18,EQR,EQUITY RESIDENTIAL,Real Estate,Real Estate,77.0,13.0,-64.0
2026-09-18,EQT,EQT ,Energy,Energy,-25.0,-11.0,14.0
2026-09-18,ERIE,ERIE INDEMNITY COMPANY,Financials,Financials,64.0,4.0,-60.0
2026-09-18,ES,EVERSOURCE ENERGY,Utilities,Utilities,55.0,39.0,-16.0
2026-09-18,ES=F,E-MINI S&P 500 FUTURES,,Futures,-21.0,-13.0,8.0
2026-09-18,ESS,"ESSEX PROPERTY TRUST, INC.",Real Estate,Real Estate,59.0,12.0,-47.0
2026-09-18,ETN,EATON  PUBLIC LIMITED COMPANY,Industrials,Industrials,-4.0,-22.0,-18.0
2026-09-18,ETR,ENTERGY ,Utilities,Utilities,45.0,-0.0,-45.0
2026-09-18,EVRG,"EVERGY, INC.",Utilities,Utilities,46.0,-26.0,-72.0
2026-09-18,EW,EDWARDS LIFESCIENCES ,Health Care,Health Care,71.0,51.0,-20.0
2026-09-18,EWA,ISHARES:MSCI AUSTRALIA,,Foreign,51.0,62.0,11.0
2026-09-18,EWC,ISHARES:MSCI CANADA,,Foreign,1.0,8.0,7.0
2026-09-18,EWD,ISHARES:MSCI SWEDEN,,Foreign,-28.0,18.0,46.0
2026-09-18,EWG,ISHARES:MSCI GERMANY,,Foreign,10.0,18.0,8.0
2026-09-18,EWH,ISHARES:MSCI HONG KONG,,Foreign,8.0,11.0,3.0
2026-09-18,EWI,ISHARES:MSCI ITALY,,Foreign,0.0,36.0,36.0
2026-09-18,EWJ,ISHARES:MSCI JAPAN,,Foreign,-41.0,-10.0,31.0
2026-09-18,EWK,ISHARES:MSCI BELGIUM,,Foreign,-44.0,-8.0,36.0
2026-09-18,EWL,ISHARES:MSCI SWITZERLAND,,Foreign,30.0,6.0,-24.0
2026-09-18,EWM,ISHARES:MSCI MALAYSIA,,Foreign,-46.0,-3.0,43.0
2026-09-18,EWN,ISHARES:MSCI NETHERLANDS,,Foreign,43.0,32.0,-11.0
2026-09-18,EWO,ISHARES:MSCI AUSTRIA,,Foreign,18.0,40.0,22.0
2026-09-18,EWP,ISHARES:MSCI SPAIN,,Foreign,38.0,34.0,-4.0
2026-09-18,EWQ,ISHARES:MSCI FRANCE,,Foreign,22.0,36.0,14.0
2026-09-18,EWS,ISHARES:MSCI SINGAPORE,,Foreign,-21.0,8.0,29.0
2026-09-18,EWT,ISHARES:MSCI TAIWAN,,Foreign,-39.0,-8.0,31.0
2026-09-18,EWU,ISHARES:MSCI UK,,Foreign,28.0,36.0,8.0
2026-09-18,EWW,ISHARES:MSCI MEXICO,,Foreign,7.0,54.0,47.0
2026-09-18,EWY,ISHARES:MSCI S KOREA,,Foreign,-57.0,4.0,61.0
2026-09-18,EWZ,ISHARES:MSCI BRAZIL,,Foreign,-41.0,6.0,47.0
2026-09-18,EXC,EXELON ,Utilities,Utilities,24.0,-17.0,-41.0
2026-09-18,EXE,EXPAND ENERGY ,Energy,Energy,-2.0,18.0,20.0
2026-09-18,EXPD,EXPEDITORS INTERNATIONAL OF WASHINGTON,Industrials,Industrials,0.0,17.0,17.0
2026-09-18,EXPE,"EXPEDIA GROUP, INC.",Consumer Discretionary,Consumer Discretionary,47.0,44.0,-3.0
2026-09-18,EXR,EXTRA SPACE STORAGE INC.,Real Estate,Real Estate,29.0,23.0,-6.0
2026-09-18,F,FORD MOTOR COMPANY,Consumer Discretionary,Consumer Discretionary,5.0,44.0,39.0
2026-09-18,FANG,"DIAMONDBACK ENERGY, INC.",Energy,Energy,18.0,6.0,-12.0
2026-09-18,FAST,FASTENAL COMPANY,Industrials,Industrials,70.0,40.0,-30.0
2026-09-18,FCX,FREEPORT-MCMORAN INC.,Materials,Materials,-16.0,26.0,42.0
2026-09-18,FDS,FACTSET RESEARCH SYSTEMS INC.,Financials,Financials,114.0,65.0,-49.0
2026-09-18,FDX,FEDEX ,Industrials,Industrials,8.0,-15.0,-23.0
2026-09-18,FE,FIRSTENERGY CORP.,Utilities,Utilities,76.0,48.0,-28.0
2026-09-18,FERG,FERGUSON ENTERPRISES INC.,Industrials,Industrials,25.0,12.0,-13.0
2026-09-18,FFIV,"F5, INC.",Information Technology,Information Technology,-94.0,-36.0,58.0
2026-09-18,FICO,FAIR ISAAC ,Information Technology,Information Technology,0.0,-5.0,-5.0
2026-09-18,FIS,FIDELITY NATIONAL INFORMATION SERVICES,Financials,Financials,-23.0,17.0,40.0
2026-09-18,FISV,"FISERV, INC.",Financials,Financials,-36.0,-32.0,4.0
2026-09-18,FITB,FIFTH THIRD BANCORP,Financials,Financials,127.0,48.0,-79.0
2026-09-18,FIX,"COMFORT SYSTEMS USA, INC.",Industrials,Industrials,-37.0,40.0,77.0
2026-09-18,FLEX,FLEX LTD.,Information Technology,Information Technology,2.0,24.0,22.0
2026-09-18,FOXA,FOX ,Communication Services,Communication Services,-6.0,-6.0,0.0
2026-09-18,FRO,FRONTLINE PLC,,MR Discretion,-24.0,-21.0,3.0
2026-09-18,FRT,FEDERAL REALTY INVESTMENT TRUST,Real Estate,Real Estate,-35.0,-18.0,17.0
2026-09-18,FSLR,"FIRST SOLAR, INC.",Information Technology,Information Technology,-21.0,6.0,27.0
2026-09-18,FTI,TECHNIPFMC PLC,,MR Discretion,-52.0,-15.0,37.0
2026-09-18,FTNT,"FORTINET, INC.",Information Technology,Information Technology,-7.0,18.0,25.0
2026-09-18,FTV,FORTIVE ,Industrials,Industrials,9.0,4.0,-5.0
2026-09-18,FVX,5 YR TSY YLD NDX,Yields,Yields,-30.0,-38.0,-8.0
2026-09-18,FXA,INVESCO:AU DOLLAR,,Currencies,-17.0,6.0,23.0
2026-09-18,FXB,INVESCO:GBP STERLING,,Currencies,-23.0,24.0,47.0
2026-09-18,FXC,INVESCO:CANADIAN DOLLAR,,Currencies,9.0,53.0,44.0
2026-09-18,FXE,INVESCO:EURO,,Currencies,-52.0,9.0,61.0
2026-09-18,FXY,INVESCO:JAPANESE YEN,,Currencies,-60.0,-51.0,9.0
2026-09-18,GD,GENERAL DYNAMICS ,Industrials,Industrials,8.0,-20.0,-28.0
2026-09-18,GDDY,GODADDY INC.,Information Technology,Information Technology,-37.0,-37.0,-0.0
2026-09-18,GDX,VANECK:GOLD MINERS,,Commodities,46.0,46.0,0.0
2026-09-18,GDXJ,VANECK:JR GOLD MINERS,,Commodities,46.0,46.0,0.0
2026-09-18,GE,GENERAL ELECTRIC COMPANY,Industrials,Industrials,5.0,-35.0,-40.0
2026-09-18,GEHC,GE HEALTHCARE TECHNOLOGIES INC.,Health Care,Health Care,18.0,-11.0,-29.0
2026-09-18,GEN,GEN DIGITAL INC.,Information Technology,Information Technology,12.0,23.0,11.0
2026-09-18,GEOS,GEOSPACE TECHNOLOGIES ,,MR Discretion,34.0,14.0,-20.0
2026-09-18,GEV,GE VERNOVA INC.,Industrials,Industrials,-3.0,-21.0,-18.0
2026-09-18,GGB,GERDAU SA,,MR Discretion,-66.0,-14.0,52.0
2026-09-18,GILD,"GILEAD SCIENCES, INC.",Health Care,Health Care,7.0,53.0,46.0
2026-09-18,GIS,"GENERAL MILLS, INC.",Consumer Staples,Consumer Staples,128.0,51.0,-77.0
2026-09-18,GL,GLOBE LIFE INC.,Financials,Financials,-5.0,-2.0,3.0
2026-09-18,GLATF,GLOBAL ATOMIC ,,MR Discretion,-22.0,15.0,37.0
2026-09-18,GLD,SPDR GOLD,Gold,Commodities,-16.0,-16.0,-0.0
2026-09-18,GLW,CORNING INC.,Information Technology,Information Technology,-46.0,-13.0,33.0
2026-09-18,GM,GENERAL MOTORS COMPANY,Consumer Discretionary,Consumer Discretionary,-48.0,15.0,63.0
2026-09-18,GNK,GENCO SHIPPING & TRADING LIMITED,,MR Discretion,16.0,19.0,3.0
2026-09-18,GNRC,GENERAC HOLDINGS INC.,Industrials,Industrials,-45.0,-12.0,33.0
2026-09-18,GOOGL,ALPHABET INC.,Communication Services,Communication Services,14.0,14.0,0.0
2026-09-18,GPC,GENUINE PARTS COMPANY,Consumer Discretionary,Consumer Discretionary,31.0,4.0,-27.0
2026-09-18,GPN,GLOBAL PAYMENTS INC.,Financials,Financials,19.0,25.0,6.0
2026-09-18,GREK,GLBL X MSCI GREECE,,Foreign,-57.0,5.0,62.0
2026-09-18,GRMN,GARMIN LTD,Consumer Discretionary,Consumer Discretionary,52.0,47.0,-5.0
2026-09-18,GS,"THE GOLDMAN SACHS GROUP, INC.",Financials,Financials,-27.0,15.0,42.0
2026-09-18,GWW,"W.W. GRAINGER, INC.",Industrials,Industrials,94.0,40.0,-54.0
2026-09-18,HAL,HALLIBURTON COMPANY,Energy,Energy,-15.0,20.0,35.0
2026-09-18,HAS,"HASBRO, INC.",Consumer Discretionary,Consumer Discretionary,-93.0,-33.0,60.0
2026-09-18,HBAN,HUNTINGTON BANCSHARES INC.,Financials,Financials,54.0,21.0,-33.0
2026-09-18,HCA,"HCA HEALTHCARE, INC.",Health Care,Health Care,-41.0,-30.0,11.0
2026-09-18,HD,"THE HOME DEPOT, INC.",Consumer Discretionary,Consumer Discretionary,29.0,12.0,-17.0
2026-09-18,HIG,THE HARTFORD FINANCIAL SERVICES GROUP,Financials,Financials,33.0,-36.0,-69.0
2026-09-18,HII,"HUNTINGTON INGALLS INDUSTRIES, INC.",Industrials,Industrials,-73.0,-33.0,40.0
2026-09-18,HLT,HILTON WORLDWIDE HOLDINGS INC.,Consumer Discretionary,Consumer Discretionary,10.0,4.0,-6.0
2026-09-18,HLX,"HELIX ENERGY SOLUTIONS GROUP, INC.",,MR Discretion,38.0,44.0,6.0
2026-09-18,HON,HONEYWELL INTERNATIONAL INC.,Industrials,Industrials,-56.0,-6.0,50.0
2026-09-18,HOOD,"ROBINHOOD MARKETS, INC.",Financials,Financials,-13.0,-20.0,-7.0
2026-09-18,HPE,HEWLETT PACKARD ENTERPRISE COMPANY,Information Technology,Information Technology,42.0,62.0,20.0
2026-09-18,HPQ,HP INC.,Information Technology,Information Technology,-33.0,-35.0,-2.0
2026-09-18,HRL,HORMEL FOODS ,Consumer Staples,Consumer Staples,74.0,23.0,-51.0
2026-09-18,HSIC,"HENRY SCHEIN, INC.",Health Care,Health Care,40.0,15.0,-25.0
2026-09-18,HST,"HOST HOTELS & RESORTS, INC.",Real Estate,Real Estate,4.0,23.0,19.0
2026-09-18,HSY,THE HERSHEY COMPANY,Consumer Staples,Consumer Staples,-49.0,17.0,66.0
2026-09-18,HUBB,HUBBELL INC.,Industrials,Industrials,97.0,40.0,-57.0
2026-09-18,HUM,HUMANA INC.,Health Care,Health Care,36.0,16.0,-20.0
2026-09-18,HWM,HOWMET AEROSPACE INC.,Industrials,Industrials,1.0,0.0,-1.0
2026-09-18,HYD,VANECK:HIGH YIELD MUNI,,Bonds,38.0,18.0,-20.0
2026-09-18,HYG,ISHARES:IBOXX $HY CORP,Bonds,Bonds,28.0,18.0,-10.0
2026-09-18,IBKR,"INTERACTIVE BROKERS GROUP, INC.",Financials,Financials,-13.0,34.0,47.0
2026-09-18,IBM,INTERNATIONAL BUSINESS MACHINES ,Information Technology,Information Technology,-43.0,3.0,46.0
2026-09-18,ICE,"INTERCONTINENTAL EXCHANGE, INC.",Financials,Financials,-39.0,-28.0,11.0
2026-09-18,ICL,ICL GROUP LTD,,MR Discretion,49.0,52.0,3.0
2026-09-18,IDXX,"IDEXX LABORATORIES, INC.",Health Care,Health Care,49.0,47.0,-2.0
2026-09-18,IEF,ISHARES:7-10 TRS BD ETF,Bonds,Bonds,48.0,36.0,-12.0
2026-09-18,IEX,IDEX ,Industrials,Industrials,49.0,35.0,-14.0
2026-09-18,IFF,INTERNATIONAL FLAVORS & FRAGRANCES INC.,Materials,Materials,64.0,14.0,-50.0
2026-09-18,INCY,INCYTE ,Health Care,Health Care,98.0,46.0,-52.0
2026-09-18,INDA,ISHARES:MSCI INDIA,,Foreign,4.0,-13.0,-17.0
2026-09-18,INTC,INTEL ,Information Technology,Information Technology,4.0,14.0,10.0
2026-09-18,INTU,INTUIT INC.,Information Technology,Information Technology,-91.0,-17.0,74.0
2026-09-18,INVH,INVITATION HOMES INC.,Real Estate,Real Estate,24.0,-9.0,-33.0
2026-09-18,IP,INTERNATIONAL PAPER COMPANY,Materials,Materials,45.0,21.0,-24.0
2026-09-18,IQV,IQVIA HOLDINGS INC,Health Care,Health Care,55.0,-9.0,-64.0
2026-09-18,IR,INGERSOLL RAND INC.,Industrials,Industrials,100.0,40.0,-60.0
2026-09-18,IRM,IRON MOUNTAIN INC.,Real Estate,Real Estate,-73.0,-38.0,35.0
2026-09-18,ISRG,"INTUITIVE SURGICAL, INC.",Health Care,Health Care,-4.0,-7.0,-3.0
2026-09-18,IT,"GARTNER, INC.",Information Technology,Information Technology,-30.0,-37.0,-7.0
2026-09-18,ITW,ILLINOIS TOOL WORKS INC.,Industrials,Industrials,98.0,47.0,-51.0
2026-09-18,IVZ,INVESCO LTD.,Financials,Financials,-36.0,8.0,44.0
2026-09-18,IWD,ISHARES:RUSS 1000 VL ETF,,Sector & Style ETFs,-3.0,11.0,14.0
2026-09-18,IWF,ISHARES:RUSS 1000 GR ETF,,Sector & Style ETFs,-124.0,-41.0,83.0
2026-09-18,IWM,ISHARES:RUSS 2000 ETF,,Sector & Style ETFs,2.0,-18.0,-20.0
2026-09-18,J,JACOBS SOLUTIONS INC.,Industrials,Industrials,51.0,14.0,-37.0
2026-09-18,JBHT,"J. B. HUNT TRANSPORT SERVICES, INC.",Industrials,Industrials,-23.0,-6.0,17.0
2026-09-18,JBL,JABIL INC.,Information Technology,Information Technology,-29.0,13.0,42.0
2026-09-18,JCI,JOHNSON CONTROLS INTERNATIONAL PLC,Industrials,Industrials,-1.0,46.0,47.0
2026-09-18,JKHY,"JACK HENRY & ASSOCIATES, INC.",Financials,Financials,36.0,-8.0,-44.0
2026-09-18,JNJ,JOHNSON & JOHNSON,Health Care,Health Care,56.0,42.0,-14.0
2026-09-18,JNK,SPDR BBG HIGH YIELD BD,,Bonds,72.0,62.0,-10.0
2026-09-18,JPM,JPMORGAN CHASE & CO.,Financials,Financials,59.0,29.0,-30.0
2026-09-18,KDP,KEURIG DR PEPPER INC.,Consumer Staples,Consumer Staples,33.0,-8.0,-41.0
2026-09-18,KEY,KEYCORP,Financials,Financials,72.0,-10.0,-82.0
2026-09-18,KEYS,"KEYSIGHT TECHNOLOGIES, INC.",Information Technology,Information Technology,-51.0,-1.0,50.0
2026-09-18,KHC,THE KRAFT HEINZ COMPANY,Consumer Staples,Consumer Staples,32.0,25.0,-7.0
2026-09-18,KIM,KIMCO REALTY .,Real Estate,Real Estate,18.0,12.0,-6.0
2026-09-18,KKR,KKR & CO. INC.,Financials,Financials,1.0,-17.0,-18.0
2026-09-18,KLAC,KLA ,Information Technology,Information Technology,20.0,0.0,-20.0
2026-09-18,KMB,KIMBERLY-CLARK ,Consumer Staples,Consumer Staples,72.0,12.0,-60.0
2026-09-18,KMI,"KINDER MORGAN, INC.",Energy,Energy,-17.0,2.0,19.0
2026-09-18,KO,THE COCA-COLA COMPANY,Consumer Staples,Consumer Staples,37.0,36.0,-1.0
2026-09-18,KR,THE KROGER CO.,Consumer Staples,Consumer Staples,-41.0,-41.0,-0.0
2026-09-18,KVUE,KENVUE INC.,Consumer Staples,Consumer Staples,78.0,8.0,-70.0
2026-09-18,L,LOEWS ,Financials,Financials,90.0,47.0,-43.0
2026-09-18,LDOS,"LEIDOS HOLDINGS, INC.",Industrials,Industrials,4.0,4.0,-0.0
2026-09-18,LEN,LENNAR ,Consumer Discretionary,Consumer Discretionary,44.0,6.0,-38.0
2026-09-18,LH,LABORATORY  OF AMERICA HOLDINGS,Health Care,Health Care,104.0,53.0,-51.0
2026-09-18,LHX,"L3HARRIS TECHNOLOGIES, INC.",Industrials,Industrials,-68.0,-20.0,48.0
2026-09-18,LII,LENNOX INTERNATIONAL INC.,Industrials,Industrials,23.0,-20.0,-43.0
2026-09-18,LIN,LINDE PUBLIC LIMITED COMPANY,Materials,Materials,52.0,40.0,-12.0
2026-09-18,LITE,LUMENTUM HOLDINGS INC.,Information Technology,Information Technology,-22.0,-22.0,0.0
2026-09-18,LLY,ELI LILLY AND COMPANY,Health Care,Health Care,68.0,32.0,-36.0
2026-09-18,LMT,LOCKHEED MARTIN ,Industrials,Industrials,2.0,10.0,8.0
2026-09-18,LNT,ALLIANT ENERGY ,Utilities,Utilities,83.0,9.0,-74.0
2026-09-18,LOW,"LOWE'S COMPANIES, INC.",Consumer Discretionary,Consumer Discretionary,43.0,12.0,-31.0
2026-09-18,LQD,ISHARES:IBOXX $IG CORP,Bonds,Bonds,32.0,12.0,-20.0
2026-09-18,LRCX,LAM RESEARCH ,Information Technology,Information Technology,3.0,0.0,-3.0
2026-09-18,LULU,LULULEMON ATHLETICA INC.,Consumer Discretionary,Consumer Discretionary,0.0,56.0,56.0
2026-09-18,LUV,SOUTHWEST AIRLINES CO.,Industrials,Industrials,35.0,-5.0,-40.0
2026-09-18,LVS,LAS VEGAS SANDS CORP.,Consumer Discretionary,Consumer Discretionary,-47.0,-11.0,36.0
2026-09-18,LYB,LYONDELLBASELL INDUSTRIES NV,Materials,Materials,37.0,57.0,20.0
2026-09-18,LYV,"LIVE NATION ENTERTAINMENT, INC.",Communication Services,Communication Services,23.0,24.0,1.0
2026-09-18,MA,MASTERCARD INC..,Financials,Financials,62.0,5.0,-57.0
2026-09-18,MAA,"MID-AMERICA APARTMENT COMMUNITIES, INC.",Real Estate,Real Estate,65.0,9.0,-56.0
2026-09-18,MAR,"MARRIOTT INTERNATIONAL, INC.",Consumer Discretionary,Consumer Discretionary,30.0,36.0,6.0
2026-09-18,MAS,MASCO ,Industrials,Industrials,7.0,-13.0,-20.0
2026-09-18,MCD,MCDONALD'S ,Consumer Discretionary,Consumer Discretionary,-3.0,12.0,15.0
2026-09-18,MCHI,ISHARES:MSCI CHINA,,Foreign,-37.0,-20.0,17.0
2026-09-18,MCHP,MICROCHIP TECHNOLOGY INC.,Information Technology,Information Technology,-50.0,-15.0,35.0
2026-09-18,MCK,MCKESSON ,Health Care,Health Care,-19.0,-24.0,-5.0
2026-09-18,MCO,MOODY'S ,Financials,Financials,-20.0,-4.0,16.0
2026-09-18,MDLZ,"MONDELEZ INTERNATIONAL, INC.",Consumer Staples,Consumer Staples,-2.0,9.0,11.0
2026-09-18,MDT,MEDTRONIC PUBLIC LIMITED COMPANY,Health Care,Health Care,51.0,45.0,-6.0
2026-09-18,MDY,SPDR S&P MIDCAP 400 ETF,,Sector & Style ETFs,19.0,-18.0,-37.0
2026-09-18,MET,"METLIFE, INC.",Financials,Financials,-33.0,-19.0,14.0
2026-09-18,META,"META PLATFORMS, INC.",Communication Services,Communication Services,-67.0,-53.0,14.0
2026-09-18,MGM,MGM RESORTS INTERNATIONAL,Consumer Discretionary,Consumer Discretionary,-5.0,4.0,9.0
2026-09-18,MKC,"MCCORMICK & COMPANY, INC.",Consumer Staples,Consumer Staples,-28.0,-24.0,4.0
2026-09-18,MLM,"MARTIN MARIETTA MATERIALS, INC.",Materials,Materials,65.0,40.0,-25.0
2026-09-18,MMM,3M COMPANY,Industrials,Industrials,43.0,0.0,-43.0
2026-09-18,MNST,MONSTER BEVERAGE ,Consumer Staples,Consumer Staples,27.0,30.0,3.0
2026-09-18,MO,"ALTRIA GROUP, INC.",Consumer Staples,Consumer Staples,-39.0,-34.0,5.0
2026-09-18,MOS,THE MOSAIC COMPANY,Materials,Materials,-12.0,-4.0,8.0
2026-09-18,MP,MP MATERIALS CORP,,MR Discretion,5.0,40.0,35.0
2026-09-18,MPC,MARATHON PETROLEUM ,Energy,Energy,-54.0,-8.0,46.0
2026-09-18,MPWR,"MONOLITHIC POWER SYSTEMS, INC.",Information Technology,Information Technology,-32.0,40.0,72.0
2026-09-18,MRK,"MERCK & CO., INC.",Health Care,Health Care,130.0,62.0,-68.0
2026-09-18,MRNA,"MODERNA, INC.",Health Care,Health Care,8.0,6.0,-2.0
2026-09-18,MRSH,"MARSH & MCLENNAN COMPANIES, INC.",Financials,Financials,61.0,4.0,-57.0
2026-09-18,MRVL,"MARVELL TECHNOLOGY, INC.",Information Technology,Information Technology,-1.0,14.0,15.0
2026-09-18,MS,MORGAN STANLEY,Financials,Financials,-63.0,18.0,81.0
2026-09-18,MSCI,MSCI INC.,Financials,Financials,-3.0,4.0,7.0
2026-09-18,MSFT,MICROSOFT ,Information Technology,Information Technology,-41.0,-14.0,27.0
2026-09-18,MSI,"MOTOROLA SOLUTIONS, INC.",Information Technology,Information Technology,50.0,45.0,-5.0
2026-09-18,MTB,M&T BANK ,Financials,Financials,141.0,64.0,-77.0
2026-09-18,MTD,METTLER-TOLEDO INTERNATIONAL INC.,Health Care,Health Care,6.0,-27.0,-33.0
2026-09-18,MTUM,ISHARES:MSCI USA MOM FCT,,Sector & Style ETFs,22.0,22.0,-0.0
2026-09-18,MU,"MICRON TECHNOLOGY, INC.",Information Technology,Information Technology,-6.0,34.0,40.0
2026-09-18,MUB,ISHARES:NATL MUNI BOND,,Bonds,66.0,46.0,-20.0
2026-09-18,NCLH,NORWEGIAN CRUISE LINE HOLDINGS LTD.,Consumer Discretionary,Consumer Discretionary,19.0,12.0,-7.0
2026-09-18,NDAQ,"NASDAQ, INC.",Financials,Financials,31.0,31.0,0.0
2026-09-18,NDSN,NORDSON ,Industrials,Industrials,23.0,6.0,-17.0
2026-09-18,NDX,NASDAQ 100 INDEX,,Indices,-55.0,-13.0,42.0
2026-09-18,NEE,"NEXTERA ENERGY, INC.",Utilities,Utilities,-17.0,-14.0,3.0
2026-09-18,NEM,NEWMONT ,Materials,Materials,36.0,36.0,0.0
2026-09-18,NFLX,"NETFLIX, INC.",Communication Services,Communication Services,-18.0,-18.0,-0.0
2026-09-18,NI,NISOURCE INC.,Utilities,Utilities,13.0,6.0,-7.0
2026-09-18,NKE,"NIKE, INC.",Consumer Discretionary,Consumer Discretionary,-85.0,-1.0,84.0
2026-09-18,NOC,NORTHROP GRUMMAN ,Industrials,Industrials,18.0,6.0,-12.0
2026-09-18,NORW,GLBL X MSCI NORWAY ETF,,Foreign,103.0,74.0,-29.0
2026-09-18,NOV,NOV INC.,,MR Discretion,55.0,62.0,7.0
2026-09-18,NOW,"SERVICENOW, INC.",Information Technology,Information Technology,-64.0,-37.0,27.0
2026-09-18,NQ=F,NASDAQ 100 FUTURES,,Futures,-45.0,-19.0,26.0
2026-09-18,NRG,"NRG ENERGY, INC.",Utilities,Utilities,7.0,-19.0,-26.0
2026-09-18,NSC,NORFOLK SOUTHERN ,Industrials,Industrials,29.0,28.0,-1.0
2026-09-18,NTAP,"NETAPP, INC.",Information Technology,Information Technology,18.0,38.0,20.0
2026-09-18,NTRS,NORTHERN TRUST ,Financials,Financials,-15.0,15.0,30.0
2026-09-18,NUE,NUCOR ,Materials,Materials,6.0,-6.0,-12.0
2026-09-18,NVDA,NVIDIA ,Information Technology,Information Technology,-15.0,-43.0,-28.0
2026-09-18,NVR,"NVR, INC.",Consumer Discretionary,Consumer Discretionary,32.0,-29.0,-61.0
2026-09-18,NWSA,NEWS CORP.,Communication Services,Communication Services,20.0,45.0,25.0
2026-09-18,NXPI,NXP SEMICONDUCTORS NV,Information Technology,Information Technology,-52.0,3.0,55.0
2026-09-18,O,REALTY INCOME ,Real Estate,Real Estate,59.0,47.0,-12.0
2026-09-18,ODFL,"OLD DOMINION FREIGHT LINE, INC.",Industrials,Industrials,11.0,2.0,-9.0
2026-09-18,OEF,ISHARES:S&P 100,,Sector & Style ETFs,-63.0,-25.0,38.0
2026-09-18,OKE,"ONEOK, INC.",Energy,Energy,41.0,46.0,5.0
2026-09-18,OMC,OMNICOM GROUP INC.,Communication Services,Communication Services,53.0,27.0,-26.0
2026-09-18,ON,ON SEMICONDUCTOR ,Information Technology,Information Technology,-68.0,-12.0,56.0
2026-09-18,ORCL,ORACLE ,Information Technology,Information Technology,-44.0,-41.0,3.0
2026-09-18,ORLY,"O'REILLY AUTOMOTIVE, INC.",Consumer Discretionary,Consumer Discretionary,40.0,13.0,-27.0
2026-09-18,OTIS,OTIS WORLDWIDE ,Industrials,Industrials,31.0,4.0,-27.0
2026-09-18,OXY,OCCIDENTAL PETROLEUM ,Energy,Energy,43.0,45.0,2.0
2026-09-18,PAM,PAMPA ENERGIA SA,,MR Discretion,-64.0,-28.0,36.0
2026-09-18,PANW,"PALO ALTO NETWORKS, INC.",Information Technology,Information Technology,65.0,26.0,-39.0
2026-09-18,PAYX,"PAYCHEX, INC.",Industrials,Industrials,49.0,29.0,-20.0
2026-09-18,PBR,BRAZILIAN PETROLEUM  - PETROBRAS,,MR Discretion,13.0,33.0,20.0
2026-09-18,PCAR,PACCAR INC,Industrials,Industrials,54.0,-20.0,-74.0
2026-09-18,PCG,PG&E ,Utilities,Utilities,-6.0,-36.0,-30.0
2026-09-18,PEG,PUBLIC SERVICE ENTERPRISE GROUP INC.,Utilities,Utilities,37.0,-5.0,-42.0
2026-09-18,PEP,"PEPSICO, INC.",Consumer Staples,Consumer Staples,-56.0,-18.0,38.0
2026-09-18,PFE,PFIZER INC.,Health Care,Health Care,-21.0,20.0,41.0
2026-09-18,PFF,ISHARES:PREF AND INC SEC,,Bonds,-44.0,18.0,62.0
2026-09-18,PFG,"PRINCIPAL FINANCIAL GROUP, INC.",Financials,Financials,-33.0,-5.0,28.0
2026-09-18,PG,THE PROCTER & GAMBLE COMPANY,Consumer Staples,Consumer Staples,21.0,-16.0,-37.0
2026-09-18,PGR,THE PROGRESSIVE ,Financials,Financials,74.0,4.0,-70.0
2026-09-18,PH,PARKER-HANNIFIN ,Industrials,Industrials,69.0,9.0,-60.0
2026-09-18,PHM,"PULTEGROUP, INC.",Consumer Discretionary,Consumer Discretionary,53.0,26.0,-27.0
2026-09-18,PKG,PACKAGING  OF AMERICA,Materials,Materials,92.0,56.0,-36.0
2026-09-18,PLD,"PROLOGIS, INC.",Real Estate,Real Estate,-60.0,-4.0,56.0
2026-09-18,PLTR,PALANTIR TECHNOLOGIES INC.,Information Technology,Information Technology,-25.0,-25.0,0.0
2026-09-18,PM,PHILIP MORRIS INTERNATIONAL INC.,Consumer Staples,Consumer Staples,-72.0,-47.0,25.0
2026-09-18,PNC,"THE PNC FINANCIAL SERVICES GROUP, INC.",Financials,Financials,91.0,64.0,-27.0
2026-09-18,PNR,PENTAIR PUBLIC LIMITED COMPANY,Industrials,Industrials,33.0,-20.0,-53.0
2026-09-18,PNW,PINNACLE WEST CAPITAL ,Utilities,Utilities,83.0,9.0,-74.0
2026-09-18,PODD,INSULET ,Health Care,Health Care,4.0,-32.0,-36.0
2026-09-18,POWA,INVESCO BLOOMBERG PRICING POWER,,Sector & Style ETFs,13.0,36.0,23.0
2026-09-18,PPG,"PPG INDUSTRIES, INC.",Materials,Materials,42.0,32.0,-10.0
2026-09-18,PPL,PPL ,Utilities,Utilities,54.0,6.0,-48.0
2026-09-18,PPLT,ABRDN:PHYSICAL PLATINUM,,Commodities,-3.0,-3.0,-0.0
2026-09-18,PRU,"PRUDENTIAL FINANCIAL, INC.",Financials,Financials,94.0,15.0,-79.0
2026-09-18,PSA,PUBLIC STORAGE.,Real Estate,Real Estate,63.0,20.0,-43.0
2026-09-18,PSKY,PARAMOUNT SKYDANCE ,Communication Services,Communication Services,-43.0,-7.0,36.0
2026-09-18,PSX,PHILLIPS 66,Energy,Energy,-28.0,-8.0,20.0
2026-09-18,PTC,PTC INC.,Information Technology,Information Technology,13.0,13.0,0.0
2026-09-18,PWR,"QUANTA SERVICES, INC.",Industrials,Industrials,-14.0,36.0,50.0
2026-09-18,PYPL,"PAYPAL HOLDINGS, INC.",Financials,Financials,-25.0,-4.0,21.0
2026-09-18,Q,"QNITY ELECTRONICS, INC.",Information Technology,Information Technology,-22.0,-14.0,8.0
2026-09-18,QAT,ISHARES:MSCI QATAR,,Foreign,-40.0,-13.0,27.0
2026-09-18,QCOM,QUALCOMM INC.,Information Technology,Information Technology,-42.0,-16.0,26.0
2026-09-18,QQQ,INVESCO QQQ TRUST 1,,Sector & Style ETFs,-64.0,-5.0,59.0
2026-09-18,QUAL,ISHARES:MSCI USA QF,,Sector & Style ETFs,15.0,14.0,-1.0
2026-09-18,RCL,ROYAL CARIBBEAN CRUISES LTD.,Consumer Discretionary,Consumer Discretionary,29.0,9.0,-20.0
2026-09-18,RDDT,"REDDIT, INC.",Communication Services,Communication Services,-24.0,-3.0,21.0
2026-09-18,REG,REGENCY CENTERS ,Real Estate,Real Estate,62.0,-11.0,-73.0
2026-09-18,REGN,"REGENERON PHARMACEUTICALS, INC.",Health Care,Health Care,71.0,36.0,-35.0
2026-09-18,RF,REGIONS FINANCIAL ,Financials,Financials,52.0,18.0,-34.0
2026-09-18,RIG,TRANSOCEAN LTD,,MR Discretion,33.0,61.0,28.0
2026-09-18,RJF,"RAYMOND JAMES FINANCIAL, INC.",Financials,Financials,26.0,18.0,-8.0
2026-09-18,RL,RALPH LAUREN ,Consumer Discretionary,Consumer Discretionary,76.0,9.0,-67.0
2026-09-18,RMD,RESMED INC.,Health Care,Health Care,9.0,-32.0,-41.0
2026-09-18,ROK,"ROCKWELL AUTOMATION, INC.",Industrials,Industrials,17.0,8.0,-9.0
2026-09-18,ROKU,"ROKU, INC.",,MR Discretion,-11.0,20.0,31.0
2026-09-18,ROL,"ROLLINS, INC.",Industrials,Industrials,-39.0,-9.0,30.0
2026-09-18,ROP,"ROPER TECHNOLOGIES, INC.",Information Technology,Information Technology,56.0,29.0,-27.0
2026-09-18,ROST,"ROSS STORES, INC.",Consumer Discretionary,Consumer Discretionary,23.0,28.0,5.0
2026-09-18,RSG,"REPUBLIC SERVICES, INC.",Industrials,Industrials,38.0,-26.0,-64.0
2026-09-18,RSP,INVESCO S&P500 EWGHT,,Sector & Style ETFs,-12.0,3.0,15.0
2026-09-18,RTX,RTX ,Industrials,Industrials,37.0,-0.0,-37.0
2026-09-18,RUT,RUSSELL 2000 INDEX,,Indices,-25.0,-26.0,-1.0
2026-09-18,RVTY,"REVVITY, INC.",Health Care,Health Care,8.0,-12.0,-20.0
2026-09-18,SBAC,SBA COMMUNICATIONS ,Real Estate,Real Estate,28.0,16.0,-12.0
2026-09-18,SBLK,STAR BULK CARRIERS CORP.,,MR Discretion,-30.0,-3.0,27.0
2026-09-18,SBUX,STARBUCKS ,Consumer Discretionary,Consumer Discretionary,-23.0,-14.0,9.0
2026-09-18,SCHP,SCHWAB STR:US TIPS,,Bonds,-112.0,-60.0,52.0
2026-09-18,SCHW,THE CHARLES SCHWAB ,Financials,Financials,90.0,71.0,-19.0
2026-09-18,SD,"SANDRIDGE ENERGY, INC.",,MR Discretion,-17.0,22.0,39.0
2026-09-18,SDY,SPDR S&P DIVIDEND,,Sector & Style ETFs,23.0,27.0,4.0
2026-09-18,SHW,THE SHERWIN-WILLIAMS COMPANY,Materials,Materials,77.0,17.0,-60.0
2026-09-18,SHY,ISHARES:1-3 TRS BD ETF,Bonds,Bonds,18.0,0.0,-18.0
2026-09-18,SILJ,ETFMG PRIME JR SILVR MNR,,Commodities,36.0,36.0,0.0
2026-09-18,SJM,THE J. M. SMUCKER COMPANY,Consumer Staples,Consumer Staples,39.0,16.0,-23.0
2026-09-18,SLB,SCHLUMBERGER N.V.,Energy,Energy,47.0,47.0,0.0
2026-09-18,SLV,ISHARES:SILVER TRUST,,Commodities,-23.0,-23.0,-0.0
2026-09-18,SM,SM ENERGY COMPANY,,MR Discretion,0.0,-1.0,-1.0
2026-09-18,SMCI,"SUPER MICRO COMPUTER, INC.",Information Technology,Information Technology,-57.0,-20.0,37.0
2026-09-18,SMH,VANECK:SEMICONDUCTOR,,Sector & Style ETFs,-29.0,-1.0,28.0
2026-09-18,SNA,SNAP-ON INC.,Industrials,Industrials,31.0,-20.0,-51.0
2026-09-18,SNDK,SANDISK CORPORATION,Information Technology,Information Technology,-75.0,0.0,75.0
2026-09-18,SNPS,"SYNOPSYS, INC.",Information Technology,Information Technology,-57.0,-13.0,44.0
2026-09-18,SO,THE SOUTHERN COMPANY,Utilities,Utilities,23.0,-37.0,-60.0
2026-09-18,SOLV,SOLVENTUM ,Health Care,Health Care,-28.0,5.0,33.0
2026-09-18,SOYB,TEUCRIUM:SOYBEAN,,Commodities,-24.0,20.0,44.0
2026-09-18,SPG,"SIMON PROPERTY GROUP, INC.",Real Estate,Real Estate,70.0,20.0,-50.0
2026-09-18,SPGI,S&P GLOBAL INC.,Financials,Financials,-46.0,-34.0,12.0
2026-09-18,SPHB,INVESCO S&P500 HI BE,,Sector & Style ETFs,16.0,34.0,18.0
2026-09-18,SPLV,INVESCO S&P500 LOWVL,,Sector & Style ETFs,100.0,19.0,-81.0
2026-09-18,SPX,S&P 500 INDEX,,Indices,-55.0,-13.0,42.0
2026-09-18,SPY,SPDR S&P 500 ETF,,Sector & Style ETFs,-17.0,26.0,43.0
2026-09-18,SRE,SEMPRA,Utilities,Utilities,-12.0,-26.0,-14.0
2026-09-18,STE,STERIS PUBLIC LIMITED COMPANY,Health Care,Health Care,32.0,4.0,-28.0
2026-09-18,STIP,ISHARES:0-5 TIPS BD ETF,Bonds,Bonds,-26.0,24.0,50.0
2026-09-18,STLA,STELLANTIS NV,,MR Discretion,-29.0,-16.0,13.0
2026-09-18,STLD,"STEEL DYNAMICS, INC.",Materials,Materials,1.0,-11.0,-12.0
2026-09-18,STNG,SCORPIO TANKERS INC.,,MR Discretion,-61.0,-20.0,41.0
2026-09-18,STT,STATE STREET ,Financials,Financials,-17.0,8.0,25.0
2026-09-18,STX,SEAGATE TECHNOLOGY HOLDINGS,Information Technology,Information Technology,-47.0,37.0,84.0
2026-09-18,STZ,"CONSTELLATION BRANDS, INC.",Consumer Staples,Consumer Staples,36.0,27.0,-9.0
2026-09-18,SW,SMURFIT WESTROCK PUBLIC LIMITED COMPANY,Materials,Materials,120.0,46.0,-74.0
2026-09-18,SWK,"STANLEY BLACK & DECKER, INC.",Industrials,Industrials,34.0,4.0,-30.0
2026-09-18,SWKS,"SKYWORKS SOLUTIONS, INC.",Information Technology,Information Technology,-77.0,-15.0,62.0
2026-09-18,SYF,SYNCHRONY FINANCIAL,Financials,Financials,61.0,-8.0,-69.0
2026-09-18,SYK,STRYKER ,Health Care,Health Care,41.0,-0.0,-41.0
2026-09-18,SYY,SYSCO ,Consumer Staples,Consumer Staples,22.0,-8.0,-30.0
2026-09-18,T,AT&T INC.,Communication Services,Communication Services,-18.0,-7.0,11.0
2026-09-18,TAGS,TEUCRIUM:AGRICULTURAL,,Commodities,18.0,65.0,47.0
2026-09-18,TAP,MOLSON COORS BEVERAGE COMPANY,Consumer Staples,Consumer Staples,38.0,4.0,-34.0
2026-09-18,TDG,TRANSDIGM GROUP INC.,Industrials,Industrials,-28.0,-64.0,-36.0
2026-09-18,TDW,TIDEWATER INC.,,MR Discretion,10.0,36.0,26.0
2026-09-18,TDY,TELEDYNE TECHNOLOGIES INC.,Information Technology,Information Technology,58.0,47.0,-11.0
2026-09-18,TECH,BIO-TECHNE ,Health Care,Health Care,23.0,-34.0,-57.0
2026-09-18,TECK,TECK RESOURCES LIMITED,,MR Discretion,-27.0,6.0,33.0
2026-09-18,TEL,TE CONNECTIVITY LTD,Information Technology,Information Technology,-59.0,-5.0,54.0
2026-09-18,TER,"TERADYNE, INC.",Information Technology,Information Technology,-23.0,10.0,33.0
2026-09-18,TFC,TRUIST FINANCIAL ,Financials,Financials,71.0,28.0,-43.0
2026-09-18,TGT,TARGET ,Consumer Staples,Consumer Staples,54.0,28.0,-26.0
2026-09-18,THD,ISHARES:MSCI THAI,,Foreign,1.0,47.0,46.0
2026-09-18,TIP,ISHARES:TIPS BD ETF,Bonds,Bonds,-74.0,-24.0,50.0
2026-09-18,TJX,"THE TJX COMPANIES, INC.",Consumer Discretionary,Consumer Discretionary,19.0,9.0,-10.0
2026-09-18,TKO,"TKO GROUP HOLDINGS, INC.",Communication Services,Communication Services,-8.0,12.0,20.0
2026-09-18,TLT,ISHARES:20+ TRS BD ETF,Bonds,Bonds,22.0,-5.0,-27.0
2026-09-18,TMO,THERMO FISHER SCIENTIFIC INC.,Health Care,Health Care,53.0,6.0,-47.0
2026-09-18,TMUS,"T-MOBILE US, INC.",Communication Services,Communication Services,-13.0,-18.0,-5.0
2026-09-18,TNX,10 Y TSY YLD NDX,Yields,Yields,-44.0,-47.0,-3.0
2026-09-18,TPL,TEXAS PACIFIC LAND ,Energy,Energy,-20.0,-46.0,-26.0
2026-09-18,TPR,"TAPESTRY, INC.",Consumer Discretionary,Consumer Discretionary,-30.0,-4.0,26.0
2026-09-18,TRGP,TARGA RESOURCES CORP.,Energy,Energy,-4.0,36.0,40.0
2026-09-18,TRMB,TRIMBLE INC.,Information Technology,Information Technology,0.0,-5.0,-5.0
2026-09-18,TROW,"T. ROWE PRICE GROUP, INC.",Financials,Financials,45.0,4.0,-41.0
2026-09-18,TRV,"THE TRAVELERS COMPANIES, INC.",Financials,Financials,64.0,29.0,-35.0
2026-09-18,TS,TENARIS SA,,MR Discretion,2.0,22.0,20.0
2026-09-18,TSCO,TRACTOR SUPPLY COMPANY,Consumer Discretionary,Consumer Discretionary,6.0,-17.0,-23.0
2026-09-18,TSLA,"TESLA, INC.",Consumer Discretionary,Consumer Discretionary,-64.0,-15.0,49.0
2026-09-18,TSN,"TYSON FOODS, INC.",Consumer Staples,Consumer Staples,-9.0,6.0,15.0
2026-09-18,TT,TRANE TECHNOLOGIES PLC,Industrials,Industrials,-28.0,-38.0,-10.0
2026-09-18,TTD,"THE TRADE DESK, INC.",Communication Services,Communication Services,-69.0,-29.0,40.0
2026-09-18,TTWO,"TAKE-TWO INTERACTIVE SOFTWARE, INC.",Communication Services,Communication Services,47.0,24.0,-23.0
2026-09-18,TUR,ISHARES:MSCI TURKEY,,Foreign,-25.0,15.0,40.0
2026-09-18,TXN,TEXAS INSTRUMENTS INC.,Information Technology,Information Technology,-45.0,-26.0,19.0
2026-09-18,TXT,TEXTRON INC.,Industrials,Industrials,-17.0,4.0,21.0
2026-09-18,TYL,"TYLER TECHNOLOGIES, INC.",Information Technology,Information Technology,-43.0,-22.0,21.0
2026-09-18,TYX,30 Y TSY YLD NDX,Yields,Yields,-13.0,15.0,28.0
2026-09-18,UAL,"UNITED AIRLINES HOLDINGS, INC.",Industrials,Industrials,79.0,29.0,-50.0
2026-09-18,UBER,"UBER TECHNOLOGIES, INC.",Industrials,Industrials,4.0,9.0,5.0
2026-09-18,UDR,"UDR, INC.",Real Estate,Real Estate,85.0,4.0,-81.0
2026-09-18,UHS,"UNIVERSAL HEALTH SERVICES, INC.",Health Care,Health Care,-5.0,-2.0,3.0
2026-09-18,ULTA,"ULTA BEAUTY, INC.",Consumer Discretionary,Consumer Discretionary,1.0,14.0,13.0
2026-09-18,UNG,UNITED STATES NAT GAS,Energy Complex,Commodities,-47.0,-24.0,23.0
2026-09-18,UNH,UNITEDHEALTH GROUP INC.,Health Care,Health Care,19.0,5.0,-14.0
2026-09-18,UNP,UNION PACIFIC ,Industrials,Industrials,33.0,28.0,-5.0
2026-09-18,UPS,"UNITED PARCEL SERVICE, INC.",Industrials,Industrials,-78.0,-36.0,42.0
2026-09-18,URA,GLBL X URANIUM ETF,,Commodities,-58.0,-16.0,42.0
2026-09-18,URI,"UNITED RENTALS, INC.",Industrials,Industrials,42.0,6.0,-36.0
2026-09-18,URNM,SPROTT URANIUM MINERS,,MR Discretion,-32.0,-16.0,16.0
2026-09-18,USB,U.S. BANCORP,Financials,Financials,113.0,64.0,-49.0
2026-09-18,USO,UNITED STATES OIL FUND,Energy Complex,Commodities,6.0,6.0,0.0
2026-09-18,UUP,INVESCO DB USD IDX BL,,Currencies,41.0,-20.0,-61.0
2026-09-18,V,VISA INC.,Financials,Financials,40.0,5.0,-35.0
2026-09-18,VAL,VALARIS LIMITED,,MR Discretion,33.0,61.0,28.0
2026-09-18,VEEV,VEEVA SYSTEMS INC.,Health Care,Health Care,53.0,35.0,-18.0
2026-09-18,VICI,VICI PROPERTIES INC.,Real Estate,Real Estate,-77.0,-39.0,38.0
2026-09-18,VIX,CBOE MKT VOLATILITY IDX,,Volatility,-24.0,-28.0,-4.0
2026-09-18,VLO,VALERO ENERGY ,Energy,Energy,-27.0,6.0,33.0
2026-09-18,VLTO,VERALTO ,Industrials,Industrials,79.0,-21.0,-100.0
2026-09-18,VMC,VULCAN MATERIALS COMPANY,Materials,Materials,11.0,-48.0,-59.0
2026-09-18,VNM,VANECK:VIETNAM,,Foreign,-49.0,-5.0,44.0
2026-09-18,VRSK,"VERISK ANALYTICS, INC.",Industrials,Industrials,12.0,-32.0,-44.0
2026-09-18,VRSN,"VERISIGN, INC.",Information Technology,Information Technology,-27.0,-27.0,0.0
2026-09-18,VRT,VERTIV HOLDINGS CO,Industrials,Industrials,-45.0,13.0,58.0
2026-09-18,VRTX,VERTEX PHARMACEUTICALS INC.,Health Care,Health Care,80.0,20.0,-60.0
2026-09-18,VST,VISTRA CORP.,Utilities,Utilities,-21.0,-52.0,-31.0
2026-09-18,VTR,"VENTAS, INC.",Real Estate,Real Estate,24.0,9.0,-15.0
2026-09-18,VTRS,VIATRIS INC.,Health Care,Health Care,-22.0,29.0,51.0
2026-09-18,VXN,CBOE NASDAQ MKT VOL NDX,,Volatility,27.0,29.0,2.0
2026-09-18,VZ,VERIZON COMMUNICATIONS INC.,Communication Services,Communication Services,24.0,35.0,11.0
2026-09-18,WAB,WESTINGHOUSE AIR BRAKE TECHNOLOGIES ,Industrials,Industrials,7.0,27.0,20.0
2026-09-18,WAT,WATERS ,Health Care,Health Care,-10.0,-4.0,6.0
2026-09-18,WBD,"WARNER BROS. DISCOVERY, INC.",Communication Services,Communication Services,-38.0,8.0,46.0
2026-09-18,WDAY,"WORKDAY, INC.",Information Technology,Information Technology,-42.0,-15.0,27.0
2026-09-18,WDC,WESTERN DIGITAL ,Information Technology,Information Technology,-29.0,32.0,61.0
2026-09-18,WEAT,TEUCRIUM:WHEAT,,Commodities,10.0,19.0,9.0
2026-09-18,WEC,"WEC ENERGY GROUP, INC.",Utilities,Utilities,70.0,8.0,-62.0
2026-09-18,WELL,WELLTOWER INC.,Real Estate,Real Estate,21.0,-20.0,-41.0
2026-09-18,WFC,WELLS FARGO & COMPANY,Financials,Financials,116.0,38.0,-78.0
2026-09-18,WM,"WASTE MANAGEMENT, INC.",Industrials,Industrials,69.0,1.0,-68.0
2026-09-18,WMB,"THE WILLIAMS COMPANIES, INC.",Energy,Energy,-35.0,-16.0,19.0
2026-09-18,WMT,WALMART INC.,Consumer Staples,Consumer Staples,-41.0,-22.0,19.0
2026-09-18,WRB,W. R. BERKLEY ,Financials,Financials,91.0,21.0,-70.0
2026-09-18,WSM,"WILLIAMS-SONOMA, INC.",Consumer Discretionary,Consumer Discretionary,67.0,0.0,-67.0
2026-09-18,WST,"WEST PHARMACEUTICAL SERVICES, INC.",Health Care,Health Care,69.0,47.0,-22.0
2026-09-18,WTW,WILLIS TOWERS WATSON,Financials,Financials,13.0,-14.0,-27.0
2026-09-18,WY,WEYERHAEUSER COMPANY,Real Estate,Real Estate,3.0,4.0,1.0
2026-09-18,WYNN,"WYNN RESORTS, LIMITED",Consumer Discretionary,Consumer Discretionary,35.0,33.0,-2.0
2026-09-18,XEL,XCEL ENERGY INC.,Utilities,Utilities,-31.0,-28.0,3.0
2026-09-18,XES,SPDR S&P OIL&GAS E&S,,MR Discretion,38.0,52.0,14.0
2026-09-18,XLB,SEL SECTOR:MATRLS SPDR,,Sector & Style ETFs,-16.0,27.0,43.0
2026-09-18,XLC,SEL SECTOR:COMM SVC SPDR,,Sector & Style ETFs,-78.0,-5.0,73.0
2026-09-18,XLE,SEL SECTOR:ENERGY SPDR,,Sector & Style ETFs,41.0,38.0,-3.0
2026-09-18,XLF,SEL SECTOR:FINL S SPDR,,Sector & Style ETFs,63.0,23.0,-40.0
2026-09-18,XLI,SEL SECTOR:INDUST SPDR,,Sector & Style ETFs,14.0,-18.0,-32.0
2026-09-18,XLK,SEL SECTOR:TECH SPDR,,Sector & Style ETFs,-26.0,14.0,40.0
2026-09-18,XLP,SEL SECTOR:C STP SPDR,,Sector & Style ETFs,49.0,33.0,-16.0
2026-09-18,XLRE,SEL SECTOR:RL EST SPDR,,Sector & Style ETFs,-82.0,-17.0,65.0
2026-09-18,XLU,SEL SECTOR:UTIL SPDR,,Sector & Style ETFs,11.0,-20.0,-31.0
2026-09-18,XLV,SEL SECTOR:H CARE SPDR,,Sector & Style ETFs,119.0,51.0,-68.0
2026-09-18,XLY,SEL SECTOR:C DSC SPDR,,Sector & Style ETFs,-27.0,12.0,39.0
2026-09-18,XOM,EXXON MOBIL ,Energy,Energy,69.0,71.0,2.0
2026-09-18,XOP,SPDR S&P OIL&GAS EXP,,MR Discretion,28.0,51.0,23.0
2026-09-18,XYL,XYLEM INC.,Industrials,Industrials,29.0,-17.0,-46.0
2026-09-18,XYZ,"BLOCK, INC.",Financials,Financials,43.0,32.0,-11.0
2026-09-18,YUM,"YUM! BRANDS, INC.",Consumer Discretionary,Consumer Discretionary,-1.0,-36.0,-35.0
2026-09-18,ZBH,"ZIMMER BIOMET HOLDINGS, INC.",Health Care,Health Care,61.0,13.0,-48.0
2026-09-18,ZBRA,ZEBRA TECHNOLOGIES ,Information Technology,Information Technology,51.0,5.0,-46.0
2026-09-18,ZTS,ZOETIS INC.,Health Care,Health Care,11.0,-5.0,-16.0
