Date,Ticker,Ticker_name,Exposure,Category,model_score_mtd_change,current_model_score,previous_model_score
2026-09-22,A,"AGILENT TECHNOLOGIES, INC.",Health Care,Health Care,-9.0,-35.0,-26.0
2026-09-22,AAPL,APPLE INC.,Information Technology,Information Technology,-33.0,-7.0,26.0
2026-09-22,ABBV,ABBVIE INC.,Health Care,Health Care,1.0,-4.0,-5.0
2026-09-22,ABNB,"AIRBNB, INC.",Consumer Discretionary,Consumer Discretionary,83.0,30.0,-53.0
2026-09-22,ABT,ABBOTT LABORATORIES,Health Care,Health Care,18.0,-2.0,-20.0
2026-09-22,ACGL,ARCH CAPITAL GROUP LTD.,Financials,Financials,-18.0,18.0,36.0
2026-09-22,ACN,ACCENTURE PUBLIC LIMITED COMPANY,Information Technology,Information Technology,82.0,-3.0,-85.0
2026-09-22,ADBE,ADOBE INC.,Information Technology,Information Technology,56.0,13.0,-43.0
2026-09-22,ADI,"ANALOG DEVICES, INC.",Information Technology,Information Technology,-7.0,15.0,22.0
2026-09-22,ADM,ARCHER-DANIELS-MIDLAND COMPANY.,Consumer Staples,Consumer Staples,23.0,42.0,19.0
2026-09-22,ADP,"AUTOMATIC DATA PROCESSING, INC.",Industrials,Industrials,118.0,57.0,-61.0
2026-09-22,ADSK,"AUTODESK, INC.",Information Technology,Information Technology,127.0,39.0,-88.0
2026-09-22,AEE,AMEREN ,Utilities,Utilities,-64.0,-4.0,60.0
2026-09-22,AEP,"AMERICAN ELECTRIC POWER COMPANY, INC.",Utilities,Utilities,-61.0,-16.0,45.0
2026-09-22,AES,THE AES ,Utilities,Utilities,-5.0,-10.0,-5.0
2026-09-22,AFL,AFLAC INC.,Financials,Financials,-81.0,-38.0,43.0
2026-09-22,AIG,"AMERICAN INTERNATIONAL GROUP, INC.",Financials,Financials,-95.0,-38.0,57.0
2026-09-22,AIZ,"ASSURANT, INC.",Financials,Financials,-60.0,-18.0,42.0
2026-09-22,AJG,ARTHUR J. GALLAGHER & CO.,Financials,Financials,6.0,-14.0,-20.0
2026-09-22,AKAM,"AKAMAI TECHNOLOGIES, INC.",Information Technology,Information Technology,-13.0,9.0,22.0
2026-09-22,ALB,ALBEMARLE ,Materials,Materials,56.0,49.0,-7.0
2026-09-22,ALGN,"ALIGN TECHNOLOGY, INC.",Health Care,Health Care,47.0,75.0,28.0
2026-09-22,ALL,THE ALLSTATE ,Financials,Financials,-51.0,-38.0,13.0
2026-09-22,ALLE,ALLEGION PUBLIC LIMITED COMPANY,Industrials,Industrials,-30.0,6.0,36.0
2026-09-22,AMAT,"APPLIED MATERIALS, INC.",Information Technology,Information Technology,17.0,0.0,-17.0
2026-09-22,AMCR,AMCOR PLC,Materials,Materials,-11.0,9.0,20.0
2026-09-22,AMD,"ADVANCED MICRO DEVICES, INC.",Information Technology,Information Technology,-15.0,-2.0,13.0
2026-09-22,AME,"AMETEK, INC.",Industrials,Industrials,-23.0,14.0,37.0
2026-09-22,AMGN,AMGEN INC.,Health Care,Health Care,97.0,71.0,-26.0
2026-09-22,AMP,"AMERIPRISE FINANCIAL, INC.",Financials,Financials,23.0,13.0,-10.0
2026-09-22,AMT,AMERICAN TOWER ,Real Estate,Real Estate,84.0,6.0,-78.0
2026-09-22,AMZN,"AMAZON.COM, INC.",Consumer Discretionary,Consumer Discretionary,6.0,29.0,23.0
2026-09-22,ANET,"ARISTA NETWORKS, INC.",Information Technology,Information Technology,9.0,15.0,6.0
2026-09-22,AON,AON PLC,Financials,Financials,26.0,0.0,-26.0
2026-09-22,AOS,A. O. SMITH ,Industrials,Industrials,-16.0,-17.0,-1.0
2026-09-22,APA,APA ,Energy,Energy,54.0,25.0,-29.0
2026-09-22,APD,"AIR PRODUCTS AND CHEMICALS, INC.",Materials,Materials,66.0,23.0,-43.0
2026-09-22,APH,AMPHENOL ,Information Technology,Information Technology,17.0,26.0,9.0
2026-09-22,APO,"APOLLO GLOBAL MANAGEMENT, INC.",Financials,Financials,104.0,58.0,-46.0
2026-09-22,APP,APPLOVIN CORP,Information Technology,Information Technology,-2.0,-17.0,-15.0
2026-09-22,APTV,APTIV PLC,Consumer Discretionary,Consumer Discretionary,1.0,12.0,11.0
2026-09-22,ARE,"ALEXANDRIA REAL ESTATE EQUITIES, INC.",Real Estate,Real Estate,50.0,-20.0,-70.0
2026-09-22,ARES,ARES MANAGEMENT CORP,Financials,Financials,95.0,58.0,-37.0
2026-09-22,ASC,ARDMORE SHIPPING ,,MR Discretion,-4.0,-1.0,3.0
2026-09-22,ATO,ATMOS ENERGY ,Utilities,Utilities,-82.0,-35.0,47.0
2026-09-22,AVGO,BROADCOM INC.,Information Technology,Information Technology,-26.0,14.0,40.0
2026-09-22,AVY,AVERY DENNISON ,Materials,Materials,-12.0,14.0,26.0
2026-09-22,AWK,"AMERICAN WATER WORKS COMPANY, INC.",Utilities,Utilities,84.0,14.0,-70.0
2026-09-22,AXON,"AXON ENTERPRISE, INC.",Industrials,Industrials,58.0,15.0,-43.0
2026-09-22,AXP,AMERICAN EXPRESS COMPANY,Financials,Financials,-59.0,18.0,77.0
2026-09-22,AZO,"AUTOZONE, INC.",Consumer Discretionary,Consumer Discretionary,25.0,20.0,-5.0
2026-09-22,BA,THE BOEING COMPANY,Industrials,Industrials,25.0,28.0,3.0
2026-09-22,BAC,BANK OF AMERICA ,Financials,Financials,-27.0,-13.0,14.0
2026-09-22,BALL,BALL ,Materials,Materials,-4.0,27.0,31.0
2026-09-22,BAX,BAXTER INTERNATIONAL INC.,Health Care,Health Care,-40.0,-9.0,31.0
2026-09-22,BBY,"BEST BUY CO., INC.",Consumer Discretionary,Consumer Discretionary,-53.0,-20.0,33.0
2026-09-22,BDX,"BECTON, DICKINSON AND COMPANY",Health Care,Health Care,81.0,44.0,-37.0
2026-09-22,BEN,"FRANKLIN RESOURCES, INC.",Financials,Financials,29.0,61.0,32.0
2026-09-22,BF.B,BROWN-FORMAN ,Consumer Staples,Consumer Staples,-20.0,14.0,34.0
2026-09-22,BG,BUNGE LIMITED,Consumer Staples,Consumer Staples,47.0,23.0,-24.0
2026-09-22,BIIB,BIOGEN INC.,Health Care,Health Care,46.0,17.0,-29.0
2026-09-22,BKNG,BOOKING HOLDINGS INC.,Consumer Discretionary,Consumer Discretionary,82.0,24.0,-58.0
2026-09-22,BKR,BAKER HUGHES COMPANY,Energy,Energy,10.0,0.0,-10.0
2026-09-22,BLDR,"BUILDERS FIRSTSOURCE, INC.",Industrials,Industrials,-6.0,-6.0,0.0
2026-09-22,BLK,"BLACKROCK, INC.",Financials,Financials,64.0,37.0,-27.0
2026-09-22,BMY,BRISTOL-MYERS SQUIBB COMPANY,Health Care,Health Care,-22.0,11.0,33.0
2026-09-22,BNY,THE BANK OF NEW YORK MELLON ,Financials,Financials,-34.0,-0.0,34.0
2026-09-22,BR,"BROADRIDGE FINANCIAL SOLUTIONS, INC.",Industrials,Industrials,127.0,36.0,-91.0
2026-09-22,BRK.B,"BERKSHIRE HATHAWAY INC.,",Financials,Financials,-60.0,-3.0,57.0
2026-09-22,BRO,"BROWN & BROWN, INC.",Financials,Financials,24.0,-3.0,-27.0
2026-09-22,BSX,BOSTON SCIENTIFIC ,Health Care,Health Care,56.0,3.0,-53.0
2026-09-22,BTC=F,BITCOIN FUTURES,,Futures,-14.0,-31.0,-17.0
2026-09-22,BTI,BRITISH AMERICAN TOBACCO P.L.C.,,MR Discretion,-75.0,-3.0,72.0
2026-09-22,BTU,PEABODY ENERGY ,,MR Discretion,59.0,16.0,-43.0
2026-09-22,BX,BLACKSTONE INC,Financials,Financials,94.0,31.0,-63.0
2026-09-22,BXP,"BOSTON PROPERTIES, INC.",Real Estate,Real Estate,46.0,14.0,-32.0
2026-09-22,C,CITIGROUP INC.,Financials,Financials,29.0,37.0,8.0
2026-09-22,CAG,"CONAGRA BRANDS, INC.",Consumer Staples,Consumer Staples,52.0,9.0,-43.0
2026-09-22,CAH,"CARDINAL HEALTH, INC.",Health Care,Health Care,-38.0,7.0,45.0
2026-09-22,CALM,"CAL-MAINE FOODS, INC.",,MR Discretion,-40.0,-14.0,26.0
2026-09-22,CANE,TEUCRIUM:SUGAR,,Commodities,85.0,55.0,-30.0
2026-09-22,CARR,CARRIER GLOBAL ,Industrials,Industrials,-18.0,14.0,32.0
2026-09-22,CASY,"CASEY'S GENERAL STORES, INC.",Consumer Staples,Consumer Staples,-41.0,0.0,41.0
2026-09-22,CAT,CATERPILLAR INC.,Industrials,Industrials,-5.0,40.0,45.0
2026-09-22,CB,CHUBB LTD,Financials,Financials,-10.0,17.0,27.0
2026-09-22,CBOE,"CBOE GLOBAL MARKETS, INC.",Financials,Financials,83.0,46.0,-37.0
2026-09-22,CBRE,"CBRE GROUP, INC.",Real Estate,Real Estate,27.0,22.0,-5.0
2026-09-22,CCI,CROWN CASTLE INC.,Real Estate,Real Estate,35.0,4.0,-31.0
2026-09-22,CCJ,CAMECO ,,MR Discretion,62.0,34.0,-28.0
2026-09-22,CCL,CARNIVAL CORP,Consumer Discretionary,Consumer Discretionary,32.0,12.0,-20.0
2026-09-22,CDNS,"CADENCE DESIGN SYSTEMS, INC.",Information Technology,Information Technology,49.0,44.0,-5.0
2026-09-22,CDW,CDW ,Information Technology,Information Technology,13.0,-51.0,-64.0
2026-09-22,CEG,CONSTELLATION ENERGY,Utilities,Utilities,25.0,10.0,-15.0
2026-09-22,CF,"CF INDUSTRIES HOLDINGS, INC.",Materials,Materials,13.0,8.0,-5.0
2026-09-22,CFG,"CITIZENS FINANCIAL GROUP, INC.",Financials,Financials,-1.0,34.0,35.0
2026-09-22,CHD,"CHURCH & DWIGHT CO., INC.",Consumer Staples,Consumer Staples,-8.0,27.0,35.0
2026-09-22,CHRW,"C.H. ROBINSON WORLDWIDE, INC.",Industrials,Industrials,-5.0,-5.0,0.0
2026-09-22,CHTR,"CHARTER COMMUNICATIONS, INC.",Communication Services,Communication Services,25.0,-5.0,-30.0
2026-09-22,CI,THE CIGNA GROUP,Health Care,Health Care,-27.0,-1.0,26.0
2026-09-22,CIEN,CIENA CORPORATION,Information Technology,Information Technology,-22.0,10.0,32.0
2026-09-22,CINF,CINCINNATI FINANCIAL ,Financials,Financials,-53.0,-6.0,47.0
2026-09-22,CL,COLGATE-PALMOLIVE COMPANY,Consumer Staples,Consumer Staples,-37.0,-20.0,17.0
2026-09-22,CLX,THE CLOROX COMPANY,Consumer Staples,Consumer Staples,13.0,0.0,-13.0
2026-09-22,CMBT,CMB.TECH NV,,MR Discretion,45.0,25.0,-20.0
2026-09-22,CMCSA,COMCAST ,Communication Services,Communication Services,95.0,55.0,-40.0
2026-09-22,CME,CME GROUP INC.,Financials,Financials,38.0,31.0,-7.0
2026-09-22,CMG,"CHIPOTLE MEXICAN GRILL, INC.",Consumer Discretionary,Consumer Discretionary,25.0,-12.0,-37.0
2026-09-22,CMI,CUMMINS INC.,Industrials,Industrials,7.0,9.0,2.0
2026-09-22,CMRE,COSTAMARE INC.,,MR Discretion,15.0,4.0,-11.0
2026-09-22,CMS,CMS ENERGY ,Utilities,Utilities,-103.0,-13.0,90.0
2026-09-22,CNC,CENTENE ,Health Care,Health Care,10.0,22.0,12.0
2026-09-22,CNP,"CENTERPOINT ENERGY, INC.",Utilities,Utilities,30.0,30.0,0.0
2026-09-22,CNR,"CORE NATURAL RESOURCES, INC.",,MR Discretion,98.0,34.0,-64.0
2026-09-22,COF,CAPITAL ONE FINANCIAL ,Financials,Financials,20.0,5.0,-15.0
2026-09-22,COHR,COHERENT CORP.,Information Technology,Information Technology,9.0,12.0,3.0
2026-09-22,COIN,"COINBASE GLOBAL, INC.",Financials,Financials,44.0,-36.0,-80.0
2026-09-22,COMT,ISHARES:GSCI COMM DYN RS,,Commodities,38.0,24.0,-14.0
2026-09-22,COO,"THE COOPER COMPANIES, INC.",Health Care,Health Care,-29.0,0.0,29.0
2026-09-22,COP,CONOCOPHILLIPS,Energy,Energy,53.0,10.0,-43.0
2026-09-22,COR,"CENCORA, INC.",Health Care,Health Care,63.0,36.0,-27.0
2026-09-22,CORN,TEUCRIUM:CORN,,Commodities,11.0,9.0,-2.0
2026-09-22,COST,COSTCO WHOLESALE ,Consumer Staples,Consumer Staples,12.0,15.0,3.0
2026-09-22,CPAY,"FLEETCOR TECHNOLOGIES, INC.",Financials,Financials,129.0,62.0,-67.0
2026-09-22,CPER,UNITED STATES COPPER IDX,,Commodities,-19.0,10.0,29.0
2026-09-22,CPRT,"COPART, INC.",Industrials,Industrials,99.0,29.0,-70.0
2026-09-22,CPT,CAMDEN PROPERTY TRUST,Real Estate,Real Estate,-16.0,1.0,17.0
2026-09-22,CRESY,CRESUD INC.,,MR Discretion,-17.0,-40.0,-23.0
2026-09-22,CRH,CRH PUBLIC LIMITED COMPANY,Materials,Materials,31.0,6.0,-25.0
2026-09-22,CRL,CHARLES RIVER LABORATORIES,Health Care,Health Care,82.0,7.0,-75.0
2026-09-22,CRM,"SALESFORCE, INC.",Information Technology,Information Technology,52.0,-8.0,-60.0
2026-09-22,CRWD,"CROWDSTRIKE HOLDINGS, INC.",Information Technology,Information Technology,-18.0,1.0,19.0
2026-09-22,CSCO,"CISCO SYSTEMS, INC.",Information Technology,Information Technology,61.0,51.0,-10.0
2026-09-22,CSGP,"COSTAR GROUP, INC.",Real Estate,Real Estate,96.0,-6.0,-102.0
2026-09-22,CSX,CSX ,Industrials,Industrials,-22.0,29.0,51.0
2026-09-22,CTAS,CINTAS ,Industrials,Industrials,48.0,22.0,-26.0
2026-09-22,CTSH,COGNIZANT TECHNOLOGY SOLUTIONS ,Information Technology,Information Technology,88.0,3.0,-85.0
2026-09-22,CTVA,"CORTEVA, INC.",Materials,Materials,-13.0,6.0,19.0
2026-09-22,CVNA,CARVANA CO.,Consumer Discretionary,Consumer Discretionary,92.0,29.0,-63.0
2026-09-22,CVS,CVS HEALTH ,Health Care,Health Care,-8.0,4.0,12.0
2026-09-22,CVX,CHEVRON ,Energy,Energy,76.0,51.0,-25.0
2026-09-22,D,"DOMINION ENERGY, INC.",Utilities,Utilities,-1.0,34.0,35.0
2026-09-22,DAL,"DELTA AIR LINES, INC.",Industrials,Industrials,13.0,-4.0,-17.0
2026-09-22,DASH,"DOORDASH, INC.",Consumer Discretionary,Consumer Discretionary,63.0,20.0,-43.0
2026-09-22,DBA,INVESCO DB MS AGRI,,Commodities,44.0,35.0,-9.0
2026-09-22,DBB,INVESCO DB MS BMTL,,Commodities,69.0,68.0,-1.0
2026-09-22,DBC,INVESCO DB CM IDX,,Commodities,40.0,25.0,-15.0
2026-09-22,DD,"DUPONT DE NEMOURS, INC.",Materials,Materials,42.0,75.0,33.0
2026-09-22,DDOG,"DATADOG, INC.",Information Technology,Information Technology,16.0,53.0,37.0
2026-09-22,DE,DEERE & COMPANY,Industrials,Industrials,-9.0,-12.0,-3.0
2026-09-22,DECK,DECKERS OUTDOOR ,Consumer Discretionary,Consumer Discretionary,15.0,25.0,10.0
2026-09-22,DELL,DELL TECHNOLOGIES INC.,Information Technology,Information Technology,13.0,11.0,-2.0
2026-09-22,DG,DOLLAR GENERAL ,Consumer Staples,Consumer Staples,-7.0,22.0,29.0
2026-09-22,DGX,QUEST DIAGNOSTICS INC.,Health Care,Health Care,6.0,15.0,9.0
2026-09-22,DHI,"D.R. HORTON, INC.",Consumer Discretionary,Consumer Discretionary,6.0,-37.0,-43.0
2026-09-22,DHR,DANAHER ,Health Care,Health Care,109.0,7.0,-102.0
2026-09-22,DHT,"DHT HOLDINGS, INC.",,MR Discretion,-39.0,5.0,44.0
2026-09-22,DIA,SPDR DOW JONES INDUS AVG,,Sector & Style ETFs,15.0,24.0,9.0
2026-09-22,DIS,THE WALT DISNEY COMPANY,Communication Services,Communication Services,85.0,8.0,-77.0
2026-09-22,DJI,DOW JONES INDUSTRIAL AVG INDEX,,Indices,1.0,2.0,1.0
2026-09-22,DLR,"DIGITAL REALTY TRUST, INC.",Real Estate,Real Estate,-56.0,16.0,72.0
2026-09-22,DLTR,"DOLLAR TREE, INC.",Consumer Staples,Consumer Staples,-37.0,14.0,51.0
2026-09-22,DOC,"HEALTHDOC PROPERTIES, INC.",Real Estate,Real Estate,-50.0,-42.0,8.0
2026-09-22,DOV,DOVER ,Industrials,Industrials,4.0,36.0,32.0
2026-09-22,DOW,DOW INC.,Materials,Materials,-6.0,51.0,57.0
2026-09-22,DPZ,"DOMINO'S PIZZA, INC.",Consumer Discretionary,Consumer Discretionary,-49.0,0.0,49.0
2026-09-22,DRI,"DARDEN RESTAURANTS, INC.",Consumer Discretionary,Consumer Discretionary,9.0,46.0,37.0
2026-09-22,DTE,DTE ENERGY COMPANY,Utilities,Utilities,-58.0,2.0,60.0
2026-09-22,DUK,DUKE ENERGY ,Utilities,Utilities,-30.0,-20.0,10.0
2026-09-22,DVA,DAVITA INC.,Health Care,Health Care,-3.0,-3.0,0.0
2026-09-22,DVN,DEVON ENERGY ,Energy,Energy,73.0,25.0,-48.0
2026-09-22,DXCM,"DEXCOM, INC.",Health Care,Health Care,34.0,33.0,-1.0
2026-09-22,DXY,US DOLLAR INDEX,USD,Indices,-51.0,-41.0,10.0
2026-09-22,EBAY,EBAY INC.,Consumer Discretionary,Consumer Discretionary,-37.0,-5.0,32.0
2026-09-22,EC,ECOPETROL SA,,MR Discretion,17.0,15.0,-2.0
2026-09-22,ECH,ISHARES:MSCI CHILE,,Foreign,43.0,77.0,34.0
2026-09-22,ECHO,ECHOSTAR CORPORATION,Communication Services,Communication Services,9.0,-21.0,-30.0
2026-09-22,ECL,ECOLAB INC.,Materials,Materials,34.0,46.0,12.0
2026-09-22,ED,"CONSOLIDATED EDISON, INC.",Utilities,Utilities,-55.0,-26.0,29.0
2026-09-22,EDEN,ISHARES:MSCI DENMARK,,Foreign,63.0,21.0,-42.0
2026-09-22,EDV,VANGUARD EXT DUR T;ETF,Bonds,Bonds,7.0,-30.0,-37.0
2026-09-22,EFNL,ISHARES:MSCI FINLAND,,Foreign,86.0,41.0,-45.0
2026-09-22,EFX,EQUIFAX INC.,Industrials,Industrials,116.0,31.0,-85.0
2026-09-22,EG,"EVEREST GROUP, LTD.",Financials,Financials,-11.0,11.0,22.0
2026-09-22,EIDO,ISHARES:MSCI INDONESIA,,Foreign,-15.0,-17.0,-2.0
2026-09-22,EIRL,ISHARES:MSCI IRELAND,,Foreign,120.0,48.0,-72.0
2026-09-22,EIS,ISHARES:MSCI ISRAEL,,Foreign,27.0,45.0,18.0
2026-09-22,EIX,EDISON INTERNATIONAL,Utilities,Utilities,45.0,16.0,-29.0
2026-09-22,EL,THE ESTEE LAUDER COMPANIES INC.,Consumer Staples,Consumer Staples,78.0,43.0,-35.0
2026-09-22,ELV,"ELEVANCE HEALTH, INC.",Health Care,Health Care,23.0,-3.0,-26.0
2026-09-22,EME,"EMCOR GROUP, INC.",Industrials,Industrials,-30.0,-3.0,27.0
2026-09-22,EMR,EMERSON ELECTRIC CO.,Industrials,Industrials,78.0,64.0,-14.0
2026-09-22,ENZL,ISHARES:MSCI NEW ZLND,,Foreign,30.0,28.0,-2.0
2026-09-22,EOG,"EOG RESOURCES, INC.",Energy,Energy,-14.0,8.0,22.0
2026-09-22,EPAM,"EPAM SYSTEMS, INC.",Information Technology,Information Technology,53.0,-10.0,-63.0
2026-09-22,EPHE,ISHARES:MSCI PHILIPPINES,,Foreign,-36.0,2.0,38.0
2026-09-22,EPOL,ISHARES:MSCI POLAND,,Foreign,51.0,63.0,12.0
2026-09-22,EPU,ISHARES:MSCI PERU,,Foreign,18.0,52.0,34.0
2026-09-22,EQIX,"EQUINIX, INC.",Real Estate,Real Estate,21.0,55.0,34.0
2026-09-22,EQR,EQUITY RESIDENTIAL,Real Estate,Real Estate,46.0,20.0,-26.0
2026-09-22,EQT,EQT ,Energy,Energy,45.0,41.0,-4.0
2026-09-22,ERIE,ERIE INDEMNITY COMPANY,Financials,Financials,1.0,-42.0,-43.0
2026-09-22,ES,EVERSOURCE ENERGY,Utilities,Utilities,-6.0,20.0,26.0
2026-09-22,ES=F,E-MINI S&P 500 FUTURES,,Futures,-9.0,-27.0,-18.0
2026-09-22,ESS,"ESSEX PROPERTY TRUST, INC.",Real Estate,Real Estate,-16.0,-42.0,-26.0
2026-09-22,ETN,EATON  PUBLIC LIMITED COMPANY,Industrials,Industrials,-32.0,-53.0,-21.0
2026-09-22,ETR,ENTERGY ,Utilities,Utilities,-45.0,0.0,45.0
2026-09-22,EVRG,"EVERGY, INC.",Utilities,Utilities,23.0,23.0,0.0
2026-09-22,EW,EDWARDS LIFESCIENCES ,Health Care,Health Care,53.0,51.0,-2.0
2026-09-22,EWA,ISHARES:MSCI AUSTRALIA,,Foreign,82.0,38.0,-44.0
2026-09-22,EWC,ISHARES:MSCI CANADA,,Foreign,98.0,72.0,-26.0
2026-09-22,EWD,ISHARES:MSCI SWEDEN,,Foreign,69.0,65.0,-4.0
2026-09-22,EWG,ISHARES:MSCI GERMANY,,Foreign,94.0,65.0,-29.0
2026-09-22,EWH,ISHARES:MSCI HONG KONG,,Foreign,38.0,40.0,2.0
2026-09-22,EWI,ISHARES:MSCI ITALY,,Foreign,41.0,64.0,23.0
2026-09-22,EWJ,ISHARES:MSCI JAPAN,,Foreign,-4.0,12.0,16.0
2026-09-22,EWK,ISHARES:MSCI BELGIUM,,Foreign,21.0,9.0,-12.0
2026-09-22,EWL,ISHARES:MSCI SWITZERLAND,,Foreign,3.0,19.0,16.0
2026-09-22,EWM,ISHARES:MSCI MALAYSIA,,Foreign,14.0,4.0,-10.0
2026-09-22,EWN,ISHARES:MSCI NETHERLANDS,,Foreign,38.0,36.0,-2.0
2026-09-22,EWO,ISHARES:MSCI AUSTRIA,,Foreign,55.0,35.0,-20.0
2026-09-22,EWP,ISHARES:MSCI SPAIN,,Foreign,-7.0,20.0,27.0
2026-09-22,EWQ,ISHARES:MSCI FRANCE,,Foreign,57.0,39.0,-18.0
2026-09-22,EWS,ISHARES:MSCI SINGAPORE,,Foreign,88.0,51.0,-37.0
2026-09-22,EWT,ISHARES:MSCI TAIWAN,,Foreign,4.0,13.0,9.0
2026-09-22,EWU,ISHARES:MSCI UK,,Foreign,30.0,56.0,26.0
2026-09-22,EWW,ISHARES:MSCI MEXICO,,Foreign,33.0,55.0,22.0
2026-09-22,EWY,ISHARES:MSCI S KOREA,,Foreign,23.0,22.0,-1.0
2026-09-22,EWZ,ISHARES:MSCI BRAZIL,,Foreign,-26.0,-20.0,6.0
2026-09-22,EXC,EXELON ,Utilities,Utilities,-39.0,17.0,56.0
2026-09-22,EXE,EXPAND ENERGY ,Energy,Energy,80.0,44.0,-36.0
2026-09-22,EXPD,EXPEDITORS INTERNATIONAL OF WASHINGTON,Industrials,Industrials,73.0,44.0,-29.0
2026-09-22,EXPE,"EXPEDIA GROUP, INC.",Consumer Discretionary,Consumer Discretionary,13.0,-10.0,-23.0
2026-09-22,EXR,EXTRA SPACE STORAGE INC.,Real Estate,Real Estate,16.0,25.0,9.0
2026-09-22,F,FORD MOTOR COMPANY,Consumer Discretionary,Consumer Discretionary,38.0,56.0,18.0
2026-09-22,FANG,"DIAMONDBACK ENERGY, INC.",Energy,Energy,80.0,31.0,-49.0
2026-09-22,FAST,FASTENAL COMPANY,Industrials,Industrials,27.0,11.0,-16.0
2026-09-22,FCX,FREEPORT-MCMORAN INC.,Materials,Materials,99.0,64.0,-35.0
2026-09-22,FDS,FACTSET RESEARCH SYSTEMS INC.,Financials,Financials,111.0,47.0,-64.0
2026-09-22,FDX,FEDEX ,Industrials,Industrials,16.0,29.0,13.0
2026-09-22,FE,FIRSTENERGY CORP.,Utilities,Utilities,20.0,47.0,27.0
2026-09-22,FERG,FERGUSON ENTERPRISES INC.,Industrials,Industrials,57.0,47.0,-10.0
2026-09-22,FFIV,"F5, INC.",Information Technology,Information Technology,-36.0,-20.0,16.0
2026-09-22,FICO,FAIR ISAAC ,Information Technology,Information Technology,-8.0,-22.0,-14.0
2026-09-22,FIS,FIDELITY NATIONAL INFORMATION SERVICES,Financials,Financials,-10.0,12.0,22.0
2026-09-22,FISV,"FISERV, INC.",Financials,Financials,7.0,4.0,-3.0
2026-09-22,FITB,FIFTH THIRD BANCORP,Financials,Financials,52.0,56.0,4.0
2026-09-22,FIX,"COMFORT SYSTEMS USA, INC.",Industrials,Industrials,5.0,29.0,24.0
2026-09-22,FLEX,FLEX LTD.,Information Technology,Information Technology,10.0,24.0,14.0
2026-09-22,FOXA,FOX ,Communication Services,Communication Services,96.0,22.0,-74.0
2026-09-22,FRO,FRONTLINE PLC,,MR Discretion,-2.0,11.0,13.0
2026-09-22,FRT,FEDERAL REALTY INVESTMENT TRUST,Real Estate,Real Estate,11.0,27.0,16.0
2026-09-22,FSLR,"FIRST SOLAR, INC.",Information Technology,Information Technology,24.0,14.0,-10.0
2026-09-22,FTI,TECHNIPFMC PLC,,MR Discretion,-34.0,-15.0,19.0
2026-09-22,FTNT,"FORTINET, INC.",Information Technology,Information Technology,-12.0,-5.0,7.0
2026-09-22,FTV,FORTIVE ,Industrials,Industrials,28.0,36.0,8.0
2026-09-22,FVX,5 YR TSY YLD NDX,Yields,Yields,-32.0,-29.0,3.0
2026-09-22,FXA,INVESCO:AU DOLLAR,,Currencies,79.0,72.0,-7.0
2026-09-22,FXB,INVESCO:GBP STERLING,,Currencies,48.0,24.0,-24.0
2026-09-22,FXC,INVESCO:CANADIAN DOLLAR,,Currencies,47.0,14.0,-33.0
2026-09-22,FXE,INVESCO:EURO,,Currencies,45.0,9.0,-36.0
2026-09-22,FXY,INVESCO:JAPANESE YEN,,Currencies,0.0,-6.0,-6.0
2026-09-22,GD,GENERAL DYNAMICS ,Industrials,Industrials,-22.0,-13.0,9.0
2026-09-22,GDDY,GODADDY INC.,Information Technology,Information Technology,59.0,-27.0,-86.0
2026-09-22,GDX,VANECK:GOLD MINERS,,Commodities,132.0,75.0,-57.0
2026-09-22,GDXJ,VANECK:JR GOLD MINERS,,Commodities,132.0,75.0,-57.0
2026-09-22,GE,GENERAL ELECTRIC COMPANY,Industrials,Industrials,75.0,37.0,-38.0
2026-09-22,GEHC,GE HEALTHCARE TECHNOLOGIES INC.,Health Care,Health Care,6.0,-4.0,-10.0
2026-09-22,GEN,GEN DIGITAL INC.,Information Technology,Information Technology,92.0,31.0,-61.0
2026-09-22,GEOS,GEOSPACE TECHNOLOGIES ,,MR Discretion,34.0,-5.0,-39.0
2026-09-22,GEV,GE VERNOVA INC.,Industrials,Industrials,-29.0,4.0,33.0
2026-09-22,GGB,GERDAU SA,,MR Discretion,-85.0,-26.0,59.0
2026-09-22,GILD,"GILEAD SCIENCES, INC.",Health Care,Health Care,67.0,14.0,-53.0
2026-09-22,GIS,"GENERAL MILLS, INC.",Consumer Staples,Consumer Staples,47.0,4.0,-43.0
2026-09-22,GL,GLOBE LIFE INC.,Financials,Financials,-22.0,8.0,30.0
2026-09-22,GLATF,GLOBAL ATOMIC ,,MR Discretion,49.0,29.0,-20.0
2026-09-22,GLD,SPDR GOLD,Gold,Commodities,17.0,-14.0,-31.0
2026-09-22,GLW,CORNING INC.,Information Technology,Information Technology,30.0,8.0,-22.0
2026-09-22,GM,GENERAL MOTORS COMPANY,Consumer Discretionary,Consumer Discretionary,10.0,56.0,46.0
2026-09-22,GNK,GENCO SHIPPING & TRADING LIMITED,,MR Discretion,32.0,55.0,23.0
2026-09-22,GNRC,GENERAC HOLDINGS INC.,Industrials,Industrials,-45.0,-22.0,23.0
2026-09-22,GOOGL,ALPHABET INC.,Communication Services,Communication Services,16.0,14.0,-2.0
2026-09-22,GPC,GENUINE PARTS COMPANY,Consumer Discretionary,Consumer Discretionary,42.0,22.0,-20.0
2026-09-22,GPN,GLOBAL PAYMENTS INC.,Financials,Financials,53.0,36.0,-17.0
2026-09-22,GREK,GLBL X MSCI GREECE,,Foreign,40.0,20.0,-20.0
2026-09-22,GRMN,GARMIN LTD,Consumer Discretionary,Consumer Discretionary,-3.0,4.0,7.0
2026-09-22,GS,"THE GOLDMAN SACHS GROUP, INC.",Financials,Financials,4.0,41.0,37.0
2026-09-22,GWW,"W.W. GRAINGER, INC.",Industrials,Industrials,14.0,40.0,26.0
2026-09-22,HAL,HALLIBURTON COMPANY,Energy,Energy,80.0,54.0,-26.0
2026-09-22,HAS,"HASBRO, INC.",Consumer Discretionary,Consumer Discretionary,19.0,19.0,0.0
2026-09-22,HBAN,HUNTINGTON BANCSHARES INC.,Financials,Financials,39.0,56.0,17.0
2026-09-22,HCA,"HCA HEALTHCARE, INC.",Health Care,Health Care,11.0,7.0,-4.0
2026-09-22,HD,"THE HOME DEPOT, INC.",Consumer Discretionary,Consumer Discretionary,-42.0,-16.0,26.0
2026-09-22,HIG,THE HARTFORD FINANCIAL SERVICES GROUP,Financials,Financials,-64.0,-28.0,36.0
2026-09-22,HII,"HUNTINGTON INGALLS INDUSTRIES, INC.",Industrials,Industrials,2.0,19.0,17.0
2026-09-22,HLT,HILTON WORLDWIDE HOLDINGS INC.,Consumer Discretionary,Consumer Discretionary,43.0,31.0,-12.0
2026-09-22,HLX,"HELIX ENERGY SOLUTIONS GROUP, INC.",,MR Discretion,47.0,30.0,-17.0
2026-09-22,HON,HONEYWELL INTERNATIONAL INC.,Industrials,Industrials,80.0,34.0,-46.0
2026-09-22,HOOD,"ROBINHOOD MARKETS, INC.",Financials,Financials,16.0,-37.0,-53.0
2026-09-22,HPE,HEWLETT PACKARD ENTERPRISE COMPANY,Information Technology,Information Technology,64.0,62.0,-2.0
2026-09-22,HPQ,HP INC.,Information Technology,Information Technology,71.0,4.0,-67.0
2026-09-22,HRL,HORMEL FOODS ,Consumer Staples,Consumer Staples,-57.0,-2.0,55.0
2026-09-22,HSIC,"HENRY SCHEIN, INC.",Health Care,Health Care,67.0,59.0,-8.0
2026-09-22,HST,"HOST HOTELS & RESORTS, INC.",Real Estate,Real Estate,3.0,31.0,28.0
2026-09-22,HSY,THE HERSHEY COMPANY,Consumer Staples,Consumer Staples,-14.0,31.0,45.0
2026-09-22,HUBB,HUBBELL INC.,Industrials,Industrials,15.0,-5.0,-20.0
2026-09-22,HUM,HUMANA INC.,Health Care,Health Care,40.0,44.0,4.0
2026-09-22,HWM,HOWMET AEROSPACE INC.,Industrials,Industrials,38.0,0.0,-38.0
2026-09-22,HYD,VANECK:HIGH YIELD MUNI,,Bonds,49.0,33.0,-16.0
2026-09-22,HYG,ISHARES:IBOXX $HY CORP,Bonds,Bonds,61.0,18.0,-43.0
2026-09-22,IBKR,"INTERACTIVE BROKERS GROUP, INC.",Financials,Financials,55.0,21.0,-34.0
2026-09-22,IBM,INTERNATIONAL BUSINESS MACHINES ,Information Technology,Information Technology,29.0,3.0,-26.0
2026-09-22,ICE,"INTERCONTINENTAL EXCHANGE, INC.",Financials,Financials,84.0,31.0,-53.0
2026-09-22,ICL,ICL GROUP LTD,,MR Discretion,77.0,54.0,-23.0
2026-09-22,IDXX,"IDEXX LABORATORIES, INC.",Health Care,Health Care,21.0,47.0,26.0
2026-09-22,IEF,ISHARES:7-10 TRS BD ETF,Bonds,Bonds,-2.0,18.0,20.0
2026-09-22,IEX,IDEX ,Industrials,Industrials,8.0,52.0,44.0
2026-09-22,IFF,INTERNATIONAL FLAVORS & FRAGRANCES INC.,Materials,Materials,69.0,6.0,-63.0
2026-09-22,INCY,INCYTE ,Health Care,Health Care,72.0,46.0,-26.0
2026-09-22,INDA,ISHARES:MSCI INDIA,,Foreign,4.0,-23.0,-27.0
2026-09-22,INTC,INTEL ,Information Technology,Information Technology,-38.0,-2.0,36.0
2026-09-22,INTU,INTUIT INC.,Information Technology,Information Technology,12.0,-11.0,-23.0
2026-09-22,INVH,INVITATION HOMES INC.,Real Estate,Real Estate,-58.0,-11.0,47.0
2026-09-22,IP,INTERNATIONAL PAPER COMPANY,Materials,Materials,5.0,22.0,17.0
2026-09-22,IQV,IQVIA HOLDINGS INC,Health Care,Health Care,47.0,6.0,-41.0
2026-09-22,IR,INGERSOLL RAND INC.,Industrials,Industrials,71.0,47.0,-24.0
2026-09-22,IRM,IRON MOUNTAIN INC.,Real Estate,Real Estate,-14.0,-5.0,9.0
2026-09-22,ISRG,"INTUITIVE SURGICAL, INC.",Health Care,Health Care,61.0,-7.0,-68.0
2026-09-22,IT,"GARTNER, INC.",Information Technology,Information Technology,63.0,-28.0,-91.0
2026-09-22,ITW,ILLINOIS TOOL WORKS INC.,Industrials,Industrials,14.0,61.0,47.0
2026-09-22,IVZ,INVESCO LTD.,Financials,Financials,65.0,77.0,12.0
2026-09-22,IWD,ISHARES:RUSS 1000 VL ETF,,Sector & Style ETFs,54.0,53.0,-1.0
2026-09-22,IWF,ISHARES:RUSS 1000 GR ETF,,Sector & Style ETFs,-2.0,-11.0,-9.0
2026-09-22,IWM,ISHARES:RUSS 2000 ETF,,Sector & Style ETFs,25.0,17.0,-8.0
2026-09-22,J,JACOBS SOLUTIONS INC.,Industrials,Industrials,89.0,28.0,-61.0
2026-09-22,JBHT,"J. B. HUNT TRANSPORT SERVICES, INC.",Industrials,Industrials,-45.0,0.0,45.0
2026-09-22,JBL,JABIL INC.,Information Technology,Information Technology,43.0,24.0,-19.0
2026-09-22,JCI,JOHNSON CONTROLS INTERNATIONAL PLC,Industrials,Industrials,51.0,38.0,-13.0
2026-09-22,JKHY,"JACK HENRY & ASSOCIATES, INC.",Financials,Financials,39.0,3.0,-36.0
2026-09-22,JNJ,JOHNSON & JOHNSON,Health Care,Health Care,15.0,44.0,29.0
2026-09-22,JNK,SPDR BBG HIGH YIELD BD,,Bonds,87.0,47.0,-40.0
2026-09-22,JPM,JPMORGAN CHASE & CO.,Financials,Financials,8.0,-10.0,-18.0
2026-09-22,KDP,KEURIG DR PEPPER INC.,Consumer Staples,Consumer Staples,27.0,-11.0,-38.0
2026-09-22,KEY,KEYCORP,Financials,Financials,21.0,48.0,27.0
2026-09-22,KEYS,"KEYSIGHT TECHNOLOGIES, INC.",Information Technology,Information Technology,-17.0,14.0,31.0
2026-09-22,KHC,THE KRAFT HEINZ COMPANY,Consumer Staples,Consumer Staples,12.0,20.0,8.0
2026-09-22,KIM,KIMCO REALTY .,Real Estate,Real Estate,-23.0,12.0,35.0
2026-09-22,KKR,KKR & CO. INC.,Financials,Financials,49.0,22.0,-27.0
2026-09-22,KLAC,KLA ,Information Technology,Information Technology,27.0,33.0,6.0
2026-09-22,KMB,KIMBERLY-CLARK ,Consumer Staples,Consumer Staples,30.0,-11.0,-41.0
2026-09-22,KMI,"KINDER MORGAN, INC.",Energy,Energy,-30.0,-25.0,5.0
2026-09-22,KO,THE COCA-COLA COMPANY,Consumer Staples,Consumer Staples,1.0,46.0,45.0
2026-09-22,KR,THE KROGER CO.,Consumer Staples,Consumer Staples,-11.0,-32.0,-21.0
2026-09-22,KVUE,KENVUE INC.,Consumer Staples,Consumer Staples,-37.0,-38.0,-1.0
2026-09-22,L,LOEWS ,Financials,Financials,-24.0,9.0,33.0
2026-09-22,LDOS,"LEIDOS HOLDINGS, INC.",Industrials,Industrials,93.0,25.0,-68.0
2026-09-22,LEN,LENNAR ,Consumer Discretionary,Consumer Discretionary,-26.0,-54.0,-28.0
2026-09-22,LH,LABORATORY  OF AMERICA HOLDINGS,Health Care,Health Care,54.0,37.0,-17.0
2026-09-22,LHX,"L3HARRIS TECHNOLOGIES, INC.",Industrials,Industrials,-31.0,9.0,40.0
2026-09-22,LII,LENNOX INTERNATIONAL INC.,Industrials,Industrials,-7.0,-11.0,-4.0
2026-09-22,LIN,LINDE PUBLIC LIMITED COMPANY,Materials,Materials,1.0,36.0,35.0
2026-09-22,LITE,LUMENTUM HOLDINGS INC.,Information Technology,Information Technology,47.0,19.0,-28.0
2026-09-22,LLY,ELI LILLY AND COMPANY,Health Care,Health Care,-52.0,-21.0,31.0
2026-09-22,LMT,LOCKHEED MARTIN ,Industrials,Industrials,1.0,47.0,46.0
2026-09-22,LNT,ALLIANT ENERGY ,Utilities,Utilities,-85.0,-13.0,72.0
2026-09-22,LOW,"LOWE'S COMPANIES, INC.",Consumer Discretionary,Consumer Discretionary,-13.0,4.0,17.0
2026-09-22,LQD,ISHARES:IBOXX $IG CORP,Bonds,Bonds,22.0,3.0,-19.0
2026-09-22,LRCX,LAM RESEARCH ,Information Technology,Information Technology,6.0,34.0,28.0
2026-09-22,LULU,LULULEMON ATHLETICA INC.,Consumer Discretionary,Consumer Discretionary,-4.0,11.0,15.0
2026-09-22,LUV,SOUTHWEST AIRLINES CO.,Industrials,Industrials,-8.0,-5.0,3.0
2026-09-22,LVS,LAS VEGAS SANDS CORP.,Consumer Discretionary,Consumer Discretionary,13.0,31.0,18.0
2026-09-22,LYB,LYONDELLBASELL INDUSTRIES NV,Materials,Materials,45.0,51.0,6.0
2026-09-22,LYV,"LIVE NATION ENTERTAINMENT, INC.",Communication Services,Communication Services,6.0,19.0,13.0
2026-09-22,MA,MASTERCARD INC..,Financials,Financials,47.0,27.0,-20.0
2026-09-22,MAA,"MID-AMERICA APARTMENT COMMUNITIES, INC.",Real Estate,Real Estate,-8.0,9.0,17.0
2026-09-22,MAR,"MARRIOTT INTERNATIONAL, INC.",Consumer Discretionary,Consumer Discretionary,65.0,57.0,-8.0
2026-09-22,MAS,MASCO ,Industrials,Industrials,7.0,-15.0,-22.0
2026-09-22,MCD,MCDONALD'S ,Consumer Discretionary,Consumer Discretionary,-66.0,-20.0,46.0
2026-09-22,MCHI,ISHARES:MSCI CHINA,,Foreign,26.0,21.0,-5.0
2026-09-22,MCHP,MICROCHIP TECHNOLOGY INC.,Information Technology,Information Technology,14.0,-15.0,-29.0
2026-09-22,MCK,MCKESSON ,Health Care,Health Care,91.0,66.0,-25.0
2026-09-22,MCO,MOODY'S ,Financials,Financials,94.0,37.0,-57.0
2026-09-22,MDLZ,"MONDELEZ INTERNATIONAL, INC.",Consumer Staples,Consumer Staples,-2.0,9.0,11.0
2026-09-22,MDT,MEDTRONIC PUBLIC LIMITED COMPANY,Health Care,Health Care,25.0,5.0,-20.0
2026-09-22,MDY,SPDR S&P MIDCAP 400 ETF,,Sector & Style ETFs,3.0,32.0,29.0
2026-09-22,MET,"METLIFE, INC.",Financials,Financials,3.0,22.0,19.0
2026-09-22,META,"META PLATFORMS, INC.",Communication Services,Communication Services,30.0,-2.0,-32.0
2026-09-22,MGM,MGM RESORTS INTERNATIONAL,Consumer Discretionary,Consumer Discretionary,27.0,31.0,4.0
2026-09-22,MKC,"MCCORMICK & COMPANY, INC.",Consumer Staples,Consumer Staples,13.0,-11.0,-24.0
2026-09-22,MLM,"MARTIN MARIETTA MATERIALS, INC.",Materials,Materials,19.0,6.0,-13.0
2026-09-22,MMM,3M COMPANY,Industrials,Industrials,-72.0,-26.0,46.0
2026-09-22,MNST,MONSTER BEVERAGE ,Consumer Staples,Consumer Staples,-1.0,30.0,31.0
2026-09-22,MO,"ALTRIA GROUP, INC.",Consumer Staples,Consumer Staples,-109.0,-47.0,62.0
2026-09-22,MOS,THE MOSAIC COMPANY,Materials,Materials,44.0,-8.0,-52.0
2026-09-22,MP,MP MATERIALS CORP,,MR Discretion,72.0,6.0,-66.0
2026-09-22,MPC,MARATHON PETROLEUM ,Energy,Energy,65.0,51.0,-14.0
2026-09-22,MPWR,"MONOLITHIC POWER SYSTEMS, INC.",Information Technology,Information Technology,-29.0,3.0,32.0
2026-09-22,MRK,"MERCK & CO., INC.",Health Care,Health Care,49.0,26.0,-23.0
2026-09-22,MRNA,"MODERNA, INC.",Health Care,Health Care,30.0,-2.0,-32.0
2026-09-22,MRSH,"MARSH & MCLENNAN COMPANIES, INC.",Financials,Financials,14.0,4.0,-10.0
2026-09-22,MRVL,"MARVELL TECHNOLOGY, INC.",Information Technology,Information Technology,20.0,14.0,-6.0
2026-09-22,MS,MORGAN STANLEY,Financials,Financials,-11.0,33.0,44.0
2026-09-22,MSCI,MSCI INC.,Financials,Financials,39.0,65.0,26.0
2026-09-22,MSFT,MICROSOFT ,Information Technology,Information Technology,87.0,3.0,-84.0
2026-09-22,MSI,"MOTOROLA SOLUTIONS, INC.",Information Technology,Information Technology,93.0,57.0,-36.0
2026-09-22,MTB,M&T BANK ,Financials,Financials,59.0,41.0,-18.0
2026-09-22,MTD,METTLER-TOLEDO INTERNATIONAL INC.,Health Care,Health Care,-18.0,-53.0,-35.0
2026-09-22,MTUM,ISHARES:MSCI USA MOM FCT,,Sector & Style ETFs,-35.0,-17.0,18.0
2026-09-22,MU,"MICRON TECHNOLOGY, INC.",Information Technology,Information Technology,-23.0,14.0,37.0
2026-09-22,MUB,ISHARES:NATL MUNI BOND,,Bonds,17.0,36.0,19.0
2026-09-22,NCLH,NORWEGIAN CRUISE LINE HOLDINGS LTD.,Consumer Discretionary,Consumer Discretionary,16.0,12.0,-4.0
2026-09-22,NDAQ,"NASDAQ, INC.",Financials,Financials,71.0,31.0,-40.0
2026-09-22,NDSN,NORDSON ,Industrials,Industrials,-15.0,-3.0,12.0
2026-09-22,NDX,NASDAQ 100 INDEX,,Indices,-49.0,-31.0,18.0
2026-09-22,NEE,"NEXTERA ENERGY, INC.",Utilities,Utilities,-39.0,-13.0,26.0
2026-09-22,NEM,NEWMONT ,Materials,Materials,132.0,75.0,-57.0
2026-09-22,NFLX,"NETFLIX, INC.",Communication Services,Communication Services,82.0,12.0,-70.0
2026-09-22,NI,NISOURCE INC.,Utilities,Utilities,6.0,6.0,0.0
2026-09-22,NKE,"NIKE, INC.",Consumer Discretionary,Consumer Discretionary,-23.0,12.0,35.0
2026-09-22,NOC,NORTHROP GRUMMAN ,Industrials,Industrials,-9.0,26.0,35.0
2026-09-22,NORW,GLBL X MSCI NORWAY ETF,,Foreign,100.0,57.0,-43.0
2026-09-22,NOV,NOV INC.,,MR Discretion,33.0,16.0,-17.0
2026-09-22,NOW,"SERVICENOW, INC.",Information Technology,Information Technology,43.0,-37.0,-80.0
2026-09-22,NQ=F,NASDAQ 100 FUTURES,,Futures,-44.0,-26.0,18.0
2026-09-22,NRG,"NRG ENERGY, INC.",Utilities,Utilities,44.0,3.0,-41.0
2026-09-22,NSC,NORFOLK SOUTHERN ,Industrials,Industrials,10.0,24.0,14.0
2026-09-22,NTAP,"NETAPP, INC.",Information Technology,Information Technology,42.0,76.0,34.0
2026-09-22,NTRS,NORTHERN TRUST ,Financials,Financials,31.0,29.0,-2.0
2026-09-22,NUE,NUCOR ,Materials,Materials,-26.0,18.0,44.0
2026-09-22,NVDA,NVIDIA ,Information Technology,Information Technology,8.0,-35.0,-43.0
2026-09-22,NVR,"NVR, INC.",Consumer Discretionary,Consumer Discretionary,20.0,-45.0,-65.0
2026-09-22,NWSA,NEWS CORP.,Communication Services,Communication Services,100.0,57.0,-43.0
2026-09-22,NXPI,NXP SEMICONDUCTORS NV,Information Technology,Information Technology,-57.0,-28.0,29.0
2026-09-22,O,REALTY INCOME ,Real Estate,Real Estate,-63.0,0.0,63.0
2026-09-22,ODFL,"OLD DOMINION FREIGHT LINE, INC.",Industrials,Industrials,-9.0,0.0,9.0
2026-09-22,OEF,ISHARES:S&P 100,,Sector & Style ETFs,-2.0,-12.0,-10.0
2026-09-22,OKE,"ONEOK, INC.",Energy,Energy,128.0,61.0,-67.0
2026-09-22,OMC,OMNICOM GROUP INC.,Communication Services,Communication Services,51.0,8.0,-43.0
2026-09-22,ON,ON SEMICONDUCTOR ,Information Technology,Information Technology,-12.0,35.0,47.0
2026-09-22,ORCL,ORACLE ,Information Technology,Information Technology,60.0,3.0,-57.0
2026-09-22,ORLY,"O'REILLY AUTOMOTIVE, INC.",Consumer Discretionary,Consumer Discretionary,50.0,52.0,2.0
2026-09-22,OTIS,OTIS WORLDWIDE ,Industrials,Industrials,17.0,12.0,-5.0
2026-09-22,OXY,OCCIDENTAL PETROLEUM ,Energy,Energy,86.0,69.0,-17.0
2026-09-22,PAM,PAMPA ENERGIA SA,,MR Discretion,-1.0,10.0,11.0
2026-09-22,PANW,"PALO ALTO NETWORKS, INC.",Information Technology,Information Technology,-19.0,-16.0,3.0
2026-09-22,PAYX,"PAYCHEX, INC.",Industrials,Industrials,117.0,74.0,-43.0
2026-09-22,PBR,BRAZILIAN PETROLEUM  - PETROBRAS,,MR Discretion,20.0,25.0,5.0
2026-09-22,PCAR,PACCAR INC,Industrials,Industrials,15.0,24.0,9.0
2026-09-22,PCG,PG&E ,Utilities,Utilities,-20.0,16.0,36.0
2026-09-22,PEG,PUBLIC SERVICE ENTERPRISE GROUP INC.,Utilities,Utilities,-46.0,-43.0,3.0
2026-09-22,PEP,"PEPSICO, INC.",Consumer Staples,Consumer Staples,17.0,12.0,-5.0
2026-09-22,PFE,PFIZER INC.,Health Care,Health Care,90.0,20.0,-70.0
2026-09-22,PFF,ISHARES:PREF AND INC SEC,,Bonds,59.0,49.0,-10.0
2026-09-22,PFG,"PRINCIPAL FINANCIAL GROUP, INC.",Financials,Financials,-1.0,19.0,20.0
2026-09-22,PG,THE PROCTER & GAMBLE COMPANY,Consumer Staples,Consumer Staples,-38.0,-12.0,26.0
2026-09-22,PGR,THE PROGRESSIVE ,Financials,Financials,-2.0,-42.0,-40.0
2026-09-22,PH,PARKER-HANNIFIN ,Industrials,Industrials,10.0,46.0,36.0
2026-09-22,PHM,"PULTEGROUP, INC.",Consumer Discretionary,Consumer Discretionary,30.0,4.0,-26.0
2026-09-22,PKG,PACKAGING  OF AMERICA,Materials,Materials,72.0,54.0,-18.0
2026-09-22,PLD,"PROLOGIS, INC.",Real Estate,Real Estate,28.0,37.0,9.0
2026-09-22,PLTR,PALANTIR TECHNOLOGIES INC.,Information Technology,Information Technology,74.0,-7.0,-81.0
2026-09-22,PM,PHILIP MORRIS INTERNATIONAL INC.,Consumer Staples,Consumer Staples,-5.0,29.0,34.0
2026-09-22,PNC,"THE PNC FINANCIAL SERVICES GROUP, INC.",Financials,Financials,0.0,64.0,64.0
2026-09-22,PNR,PENTAIR PUBLIC LIMITED COMPANY,Industrials,Industrials,-37.0,-20.0,17.0
2026-09-22,PNW,PINNACLE WEST CAPITAL ,Utilities,Utilities,-44.0,9.0,53.0
2026-09-22,PODD,INSULET ,Health Care,Health Care,-75.0,-64.0,11.0
2026-09-22,POWA,INVESCO BLOOMBERG PRICING POWER,,Sector & Style ETFs,-43.0,-7.0,36.0
2026-09-22,PPG,"PPG INDUSTRIES, INC.",Materials,Materials,25.0,36.0,11.0
2026-09-22,PPL,PPL ,Utilities,Utilities,-48.0,19.0,67.0
2026-09-22,PPLT,ABRDN:PHYSICAL PLATINUM,,Commodities,36.0,29.0,-7.0
2026-09-22,PRU,"PRUDENTIAL FINANCIAL, INC.",Financials,Financials,-9.0,53.0,62.0
2026-09-22,PSA,PUBLIC STORAGE.,Real Estate,Real Estate,23.0,36.0,13.0
2026-09-22,PSKY,PARAMOUNT SKYDANCE ,Communication Services,Communication Services,88.0,35.0,-53.0
2026-09-22,PSX,PHILLIPS 66,Energy,Energy,85.0,55.0,-30.0
2026-09-22,PTC,PTC INC.,Information Technology,Information Technology,100.0,20.0,-80.0
2026-09-22,PWR,"QUANTA SERVICES, INC.",Industrials,Industrials,-1.0,26.0,27.0
2026-09-22,PYPL,"PAYPAL HOLDINGS, INC.",Financials,Financials,-27.0,-4.0,23.0
2026-09-22,Q,"QNITY ELECTRONICS, INC.",Information Technology,Information Technology,-5.0,-20.0,-15.0
2026-09-22,QAT,ISHARES:MSCI QATAR,,Foreign,44.0,31.0,-13.0
2026-09-22,QCOM,QUALCOMM INC.,Information Technology,Information Technology,-33.0,-35.0,-2.0
2026-09-22,QQQ,INVESCO QQQ TRUST 1,,Sector & Style ETFs,-16.0,-17.0,-1.0
2026-09-22,QUAL,ISHARES:MSCI USA QF,,Sector & Style ETFs,8.0,7.0,-1.0
2026-09-22,RCL,ROYAL CARIBBEAN CRUISES LTD.,Consumer Discretionary,Consumer Discretionary,44.0,24.0,-20.0
2026-09-22,RDDT,"REDDIT, INC.",Communication Services,Communication Services,61.0,-3.0,-64.0
2026-09-22,REG,REGENCY CENTERS ,Real Estate,Real Estate,-44.0,-20.0,24.0
2026-09-22,REGN,"REGENERON PHARMACEUTICALS, INC.",Health Care,Health Care,93.0,57.0,-36.0
2026-09-22,RF,REGIONS FINANCIAL ,Financials,Financials,-38.0,36.0,74.0
2026-09-22,RIG,TRANSOCEAN LTD,,MR Discretion,65.0,45.0,-20.0
2026-09-22,RJF,"RAYMOND JAMES FINANCIAL, INC.",Financials,Financials,-70.0,-13.0,57.0
2026-09-22,RL,RALPH LAUREN ,Consumer Discretionary,Consumer Discretionary,34.0,14.0,-20.0
2026-09-22,RMD,RESMED INC.,Health Care,Health Care,27.0,-26.0,-53.0
2026-09-22,ROK,"ROCKWELL AUTOMATION, INC.",Industrials,Industrials,70.0,29.0,-41.0
2026-09-22,ROKU,"ROKU, INC.",,MR Discretion,24.0,44.0,20.0
2026-09-22,ROL,"ROLLINS, INC.",Industrials,Industrials,-19.0,-13.0,6.0
2026-09-22,ROP,"ROPER TECHNOLOGIES, INC.",Information Technology,Information Technology,68.0,4.0,-64.0
2026-09-22,ROST,"ROSS STORES, INC.",Consumer Discretionary,Consumer Discretionary,94.0,64.0,-30.0
2026-09-22,RSG,"REPUBLIC SERVICES, INC.",Industrials,Industrials,43.0,-10.0,-53.0
2026-09-22,RSP,INVESCO S&P500 EWGHT,,Sector & Style ETFs,18.0,24.0,6.0
2026-09-22,RTX,RTX ,Industrials,Industrials,-87.0,-33.0,54.0
2026-09-22,RUT,RUSSELL 2000 INDEX,,Indices,12.0,11.0,-1.0
2026-09-22,RVTY,"REVVITY, INC.",Health Care,Health Care,8.0,-53.0,-61.0
2026-09-22,SBAC,SBA COMMUNICATIONS ,Real Estate,Real Estate,69.0,36.0,-33.0
2026-09-22,SBLK,STAR BULK CARRIERS CORP.,,MR Discretion,67.0,35.0,-32.0
2026-09-22,SBUX,STARBUCKS ,Consumer Discretionary,Consumer Discretionary,-61.0,-31.0,30.0
2026-09-22,SCHP,SCHWAB STR:US TIPS,,Bonds,-44.0,-60.0,-16.0
2026-09-22,SCHW,THE CHARLES SCHWAB ,Financials,Financials,-5.0,-10.0,-5.0
2026-09-22,SD,"SANDRIDGE ENERGY, INC.",,MR Discretion,28.0,22.0,-6.0
2026-09-22,SDY,SPDR S&P DIVIDEND,,Sector & Style ETFs,-63.0,-18.0,45.0
2026-09-22,SHW,THE SHERWIN-WILLIAMS COMPANY,Materials,Materials,-34.0,-17.0,17.0
2026-09-22,SHY,ISHARES:1-3 TRS BD ETF,Bonds,Bonds,27.0,0.0,-27.0
2026-09-22,SILJ,ETFMG PRIME JR SILVR MNR,,Commodities,113.0,62.0,-51.0
2026-09-22,SJM,THE J. M. SMUCKER COMPANY,Consumer Staples,Consumer Staples,59.0,28.0,-31.0
2026-09-22,SLB,SCHLUMBERGER N.V.,Energy,Energy,73.0,47.0,-26.0
2026-09-22,SLV,ISHARES:SILVER TRUST,,Commodities,47.0,40.0,-7.0
2026-09-22,SM,SM ENERGY COMPANY,,MR Discretion,53.0,28.0,-25.0
2026-09-22,SMCI,"SUPER MICRO COMPUTER, INC.",Information Technology,Information Technology,63.0,-30.0,-93.0
2026-09-22,SMH,VANECK:SEMICONDUCTOR,,Sector & Style ETFs,15.0,9.0,-6.0
2026-09-22,SNA,SNAP-ON INC.,Industrials,Industrials,50.0,33.0,-17.0
2026-09-22,SNDK,SANDISK CORPORATION,Information Technology,Information Technology,38.0,29.0,-9.0
2026-09-22,SNPS,"SYNOPSYS, INC.",Information Technology,Information Technology,70.0,-15.0,-85.0
2026-09-22,SO,THE SOUTHERN COMPANY,Utilities,Utilities,-80.0,-20.0,60.0
2026-09-22,SOLV,SOLVENTUM ,Health Care,Health Care,115.0,57.0,-58.0
2026-09-22,SOYB,TEUCRIUM:SOYBEAN,,Commodities,39.0,33.0,-6.0
2026-09-22,SPG,"SIMON PROPERTY GROUP, INC.",Real Estate,Real Estate,46.0,28.0,-18.0
2026-09-22,SPGI,S&P GLOBAL INC.,Financials,Financials,52.0,12.0,-40.0
2026-09-22,SPHB,INVESCO S&P500 HI BE,,Sector & Style ETFs,-14.0,-10.0,4.0
2026-09-22,SPLV,INVESCO S&P500 LOWVL,,Sector & Style ETFs,-13.0,33.0,46.0
2026-09-22,SPX,S&P 500 INDEX,,Indices,0.0,-18.0,-18.0
2026-09-22,SPY,SPDR S&P 500 ETF,,Sector & Style ETFs,7.0,-3.0,-10.0
2026-09-22,SRE,SEMPRA,Utilities,Utilities,-30.0,36.0,66.0
2026-09-22,STE,STERIS PUBLIC LIMITED COMPANY,Health Care,Health Care,7.0,27.0,20.0
2026-09-22,STIP,ISHARES:0-5 TIPS BD ETF,Bonds,Bonds,-32.0,32.0,64.0
2026-09-22,STLA,STELLANTIS NV,,MR Discretion,-17.0,16.0,33.0
2026-09-22,STLD,"STEEL DYNAMICS, INC.",Materials,Materials,-23.0,18.0,41.0
2026-09-22,STNG,SCORPIO TANKERS INC.,,MR Discretion,24.0,63.0,39.0
2026-09-22,STT,STATE STREET ,Financials,Financials,-38.0,-15.0,23.0
2026-09-22,STX,SEAGATE TECHNOLOGY HOLDINGS,Information Technology,Information Technology,0.0,22.0,22.0
2026-09-22,STZ,"CONSTELLATION BRANDS, INC.",Consumer Staples,Consumer Staples,34.0,27.0,-7.0
2026-09-22,SW,SMURFIT WESTROCK PUBLIC LIMITED COMPANY,Materials,Materials,9.0,2.0,-7.0
2026-09-22,SWK,"STANLEY BLACK & DECKER, INC.",Industrials,Industrials,40.0,23.0,-17.0
2026-09-22,SWKS,"SKYWORKS SOLUTIONS, INC.",Information Technology,Information Technology,5.0,-15.0,-20.0
2026-09-22,SYF,SYNCHRONY FINANCIAL,Financials,Financials,-47.0,-18.0,29.0
2026-09-22,SYK,STRYKER ,Health Care,Health Care,-43.0,-0.0,43.0
2026-09-22,SYY,SYSCO ,Consumer Staples,Consumer Staples,32.0,86.0,54.0
2026-09-22,T,AT&T INC.,Communication Services,Communication Services,63.0,20.0,-43.0
2026-09-22,TAGS,TEUCRIUM:AGRICULTURAL,,Commodities,76.0,39.0,-37.0
2026-09-22,TAP,MOLSON COORS BEVERAGE COMPANY,Consumer Staples,Consumer Staples,-19.0,24.0,43.0
2026-09-22,TDG,TRANSDIGM GROUP INC.,Industrials,Industrials,39.0,6.0,-33.0
2026-09-22,TDW,TIDEWATER INC.,,MR Discretion,82.0,25.0,-57.0
2026-09-22,TDY,TELEDYNE TECHNOLOGIES INC.,Information Technology,Information Technology,49.0,77.0,28.0
2026-09-22,TECH,BIO-TECHNE ,Health Care,Health Care,7.0,-48.0,-55.0
2026-09-22,TECK,TECK RESOURCES LIMITED,,MR Discretion,105.0,64.0,-41.0
2026-09-22,TEL,TE CONNECTIVITY LTD,Information Technology,Information Technology,11.0,-14.0,-25.0
2026-09-22,TER,"TERADYNE, INC.",Information Technology,Information Technology,-2.0,26.0,28.0
2026-09-22,TFC,TRUIST FINANCIAL ,Financials,Financials,8.0,48.0,40.0
2026-09-22,TGT,TARGET ,Consumer Staples,Consumer Staples,-5.0,-20.0,-15.0
2026-09-22,THD,ISHARES:MSCI THAI,,Foreign,-31.0,-11.0,20.0
2026-09-22,TIP,ISHARES:TIPS BD ETF,Bonds,Bonds,-41.0,-36.0,5.0
2026-09-22,TJX,"THE TJX COMPANIES, INC.",Consumer Discretionary,Consumer Discretionary,33.0,33.0,-0.0
2026-09-22,TKO,"TKO GROUP HOLDINGS, INC.",Communication Services,Communication Services,45.0,-20.0,-65.0
2026-09-22,TLT,ISHARES:20+ TRS BD ETF,Bonds,Bonds,-13.0,-20.0,-7.0
2026-09-22,TMO,THERMO FISHER SCIENTIFIC INC.,Health Care,Health Care,10.0,-10.0,-20.0
2026-09-22,TMUS,"T-MOBILE US, INC.",Communication Services,Communication Services,74.0,56.0,-18.0
2026-09-22,TNX,10 Y TSY YLD NDX,Yields,Yields,-1.0,12.0,13.0
2026-09-22,TPL,TEXAS PACIFIC LAND ,Energy,Energy,-9.0,-3.0,6.0
2026-09-22,TPR,"TAPESTRY, INC.",Consumer Discretionary,Consumer Discretionary,2.0,2.0,-0.0
2026-09-22,TRGP,TARGA RESOURCES CORP.,Energy,Energy,-35.0,-18.0,17.0
2026-09-22,TRMB,TRIMBLE INC.,Information Technology,Information Technology,53.0,-10.0,-63.0
2026-09-22,TROW,"T. ROWE PRICE GROUP, INC.",Financials,Financials,13.0,27.0,14.0
2026-09-22,TRV,"THE TRAVELERS COMPANIES, INC.",Financials,Financials,-32.0,15.0,47.0
2026-09-22,TS,TENARIS SA,,MR Discretion,15.0,22.0,7.0
2026-09-22,TSCO,TRACTOR SUPPLY COMPANY,Consumer Discretionary,Consumer Discretionary,47.0,4.0,-43.0
2026-09-22,TSLA,"TESLA, INC.",Consumer Discretionary,Consumer Discretionary,-8.0,-53.0,-45.0
2026-09-22,TSN,"TYSON FOODS, INC.",Consumer Staples,Consumer Staples,-42.0,21.0,63.0
2026-09-22,TT,TRANE TECHNOLOGIES PLC,Industrials,Industrials,-42.0,-5.0,37.0
2026-09-22,TTD,"THE TRADE DESK, INC.",Communication Services,Communication Services,-38.0,-24.0,14.0
2026-09-22,TTWO,"TAKE-TWO INTERACTIVE SOFTWARE, INC.",Communication Services,Communication Services,46.0,61.0,15.0
2026-09-22,TUR,ISHARES:MSCI TURKEY,,Foreign,131.0,86.0,-45.0
2026-09-22,TXN,TEXAS INSTRUMENTS INC.,Information Technology,Information Technology,-29.0,-5.0,24.0
2026-09-22,TXT,TEXTRON INC.,Industrials,Industrials,53.0,29.0,-24.0
2026-09-22,TYL,"TYLER TECHNOLOGIES, INC.",Information Technology,Information Technology,12.0,3.0,-9.0
2026-09-22,TYX,30 Y TSY YLD NDX,Yields,Yields,-6.0,35.0,41.0
2026-09-22,UAL,"UNITED AIRLINES HOLDINGS, INC.",Industrials,Industrials,-8.0,-5.0,3.0
2026-09-22,UBER,"UBER TECHNOLOGIES, INC.",Industrials,Industrials,60.0,19.0,-41.0
2026-09-22,UDR,"UDR, INC.",Real Estate,Real Estate,-28.0,-11.0,17.0
2026-09-22,UHS,"UNIVERSAL HEALTH SERVICES, INC.",Health Care,Health Care,25.0,-2.0,-27.0
2026-09-22,ULTA,"ULTA BEAUTY, INC.",Consumer Discretionary,Consumer Discretionary,-13.0,-13.0,-0.0
2026-09-22,UNG,UNITED STATES NAT GAS,Energy Complex,Commodities,50.0,-16.0,-66.0
2026-09-22,UNH,UNITEDHEALTH GROUP INC.,Health Care,Health Care,0.0,-12.0,-12.0
2026-09-22,UNP,UNION PACIFIC ,Industrials,Industrials,-16.0,35.0,51.0
2026-09-22,UPS,"UNITED PARCEL SERVICE, INC.",Industrials,Industrials,57.0,64.0,7.0
2026-09-22,URA,GLBL X URANIUM ETF,,Commodities,86.0,29.0,-57.0
2026-09-22,URI,"UNITED RENTALS, INC.",Industrials,Industrials,-5.0,4.0,9.0
2026-09-22,URNM,SPROTT URANIUM MINERS,,MR Discretion,80.0,39.0,-41.0
2026-09-22,USB,U.S. BANCORP,Financials,Financials,-10.0,64.0,74.0
2026-09-22,USO,UNITED STATES OIL FUND,Energy Complex,Commodities,60.0,51.0,-9.0
2026-09-22,UUP,INVESCO DB USD IDX BL,,Currencies,-42.0,-20.0,22.0
2026-09-22,V,VISA INC.,Financials,Financials,-15.0,-10.0,5.0
2026-09-22,VAL,VALARIS LIMITED,,MR Discretion,75.0,51.0,-24.0
2026-09-22,VEEV,VEEVA SYSTEMS INC.,Health Care,Health Care,78.0,35.0,-43.0
2026-09-22,VICI,VICI PROPERTIES INC.,Real Estate,Real Estate,-12.0,-17.0,-5.0
2026-09-22,VIX,CBOE MKT VOLATILITY IDX,,Volatility,-20.0,-44.0,-24.0
2026-09-22,VLO,VALERO ENERGY ,Energy,Energy,80.0,65.0,-15.0
2026-09-22,VLTO,VERALTO ,Industrials,Industrials,23.0,-17.0,-40.0
2026-09-22,VMC,VULCAN MATERIALS COMPANY,Materials,Materials,36.0,0.0,-36.0
2026-09-22,VNM,VANECK:VIETNAM,,Foreign,56.0,36.0,-20.0
2026-09-22,VRSK,"VERISK ANALYTICS, INC.",Industrials,Industrials,114.0,47.0,-67.0
2026-09-22,VRSN,"VERISIGN, INC.",Information Technology,Information Technology,3.0,29.0,26.0
2026-09-22,VRT,VERTIV HOLDINGS CO,Industrials,Industrials,-4.0,11.0,15.0
2026-09-22,VRTX,VERTEX PHARMACEUTICALS INC.,Health Care,Health Care,80.0,20.0,-60.0
2026-09-22,VST,VISTRA CORP.,Utilities,Utilities,33.0,-35.0,-68.0
2026-09-22,VTR,"VENTAS, INC.",Real Estate,Real Estate,-7.0,17.0,24.0
2026-09-22,VTRS,VIATRIS INC.,Health Care,Health Care,-1.0,53.0,54.0
2026-09-22,VXN,CBOE NASDAQ MKT VOL NDX,,Volatility,31.0,31.0,0.0
2026-09-22,VZ,VERIZON COMMUNICATIONS INC.,Communication Services,Communication Services,53.0,13.0,-40.0
2026-09-22,WAB,WESTINGHOUSE AIR BRAKE TECHNOLOGIES ,Industrials,Industrials,64.0,46.0,-18.0
2026-09-22,WAT,WATERS ,Health Care,Health Care,72.0,6.0,-66.0
2026-09-22,WBD,"WARNER BROS. DISCOVERY, INC.",Communication Services,Communication Services,37.0,54.0,17.0
2026-09-22,WDAY,"WORKDAY, INC.",Information Technology,Information Technology,87.0,-1.0,-88.0
2026-09-22,WDC,WESTERN DIGITAL ,Information Technology,Information Technology,27.0,24.0,-3.0
2026-09-22,WEAT,TEUCRIUM:WHEAT,,Commodities,57.0,35.0,-22.0
2026-09-22,WEC,"WEC ENERGY GROUP, INC.",Utilities,Utilities,22.0,37.0,15.0
2026-09-22,WELL,WELLTOWER INC.,Real Estate,Real Estate,-18.0,19.0,37.0
2026-09-22,WFC,WELLS FARGO & COMPANY,Financials,Financials,6.0,8.0,2.0
2026-09-22,WM,"WASTE MANAGEMENT, INC.",Industrials,Industrials,-52.0,-26.0,26.0
2026-09-22,WMB,"THE WILLIAMS COMPANIES, INC.",Energy,Energy,-6.0,22.0,28.0
2026-09-22,WMT,WALMART INC.,Consumer Staples,Consumer Staples,-14.0,-14.0,0.0
2026-09-22,WRB,W. R. BERKLEY ,Financials,Financials,-41.0,-32.0,9.0
2026-09-22,WSM,"WILLIAMS-SONOMA, INC.",Consumer Discretionary,Consumer Discretionary,-4.0,10.0,14.0
2026-09-22,WST,"WEST PHARMACEUTICAL SERVICES, INC.",Health Care,Health Care,-35.0,-10.0,25.0
2026-09-22,WTW,WILLIS TOWERS WATSON,Financials,Financials,7.0,13.0,6.0
2026-09-22,WY,WEYERHAEUSER COMPANY,Real Estate,Real Estate,-9.0,16.0,25.0
2026-09-22,WYNN,"WYNN RESORTS, LIMITED",Consumer Discretionary,Consumer Discretionary,18.0,36.0,18.0
2026-09-22,XEL,XCEL ENERGY INC.,Utilities,Utilities,-52.0,17.0,69.0
2026-09-22,XES,SPDR S&P OIL&GAS E&S,,MR Discretion,26.0,6.0,-20.0
2026-09-22,XLB,SEL SECTOR:MATRLS SPDR,,Sector & Style ETFs,34.0,24.0,-10.0
2026-09-22,XLC,SEL SECTOR:COMM SVC SPDR,,Sector & Style ETFs,20.0,-12.0,-32.0
2026-09-22,XLE,SEL SECTOR:ENERGY SPDR,,Sector & Style ETFs,24.0,14.0,-10.0
2026-09-22,XLF,SEL SECTOR:FINL S SPDR,,Sector & Style ETFs,23.0,13.0,-10.0
2026-09-22,XLI,SEL SECTOR:INDUST SPDR,,Sector & Style ETFs,8.0,35.0,27.0
2026-09-22,XLK,SEL SECTOR:TECH SPDR,,Sector & Style ETFs,8.0,-6.0,-14.0
2026-09-22,XLP,SEL SECTOR:C STP SPDR,,Sector & Style ETFs,-15.0,19.0,34.0
2026-09-22,XLRE,SEL SECTOR:RL EST SPDR,,Sector & Style ETFs,-35.0,1.0,36.0
2026-09-22,XLU,SEL SECTOR:UTIL SPDR,,Sector & Style ETFs,-32.0,9.0,41.0
2026-09-22,XLV,SEL SECTOR:H CARE SPDR,,Sector & Style ETFs,46.0,9.0,-37.0
2026-09-22,XLY,SEL SECTOR:C DSC SPDR,,Sector & Style ETFs,-30.0,-4.0,26.0
2026-09-22,XOM,EXXON MOBIL ,Energy,Energy,21.0,59.0,38.0
2026-09-22,XOP,SPDR S&P OIL&GAS EXP,,MR Discretion,58.0,33.0,-25.0
2026-09-22,XYL,XYLEM INC.,Industrials,Industrials,-35.0,-6.0,29.0
2026-09-22,XYZ,"BLOCK, INC.",Financials,Financials,58.0,36.0,-22.0
2026-09-22,YUM,"YUM! BRANDS, INC.",Consumer Discretionary,Consumer Discretionary,-19.0,-2.0,17.0
2026-09-22,ZBH,"ZIMMER BIOMET HOLDINGS, INC.",Health Care,Health Care,59.0,39.0,-20.0
2026-09-22,ZBRA,ZEBRA TECHNOLOGIES ,Information Technology,Information Technology,22.0,-31.0,-53.0
2026-09-22,ZTS,ZOETIS INC.,Health Care,Health Care,71.0,34.0,-37.0
