Date,Ticker,Ticker_name,Exposure,Category,model_score_wtd_change,current_model_score,previous_model_score
2026-09-24,A,"AGILENT TECHNOLOGIES, INC.",Health Care,Health Care,-41.0,-35.0,6.0
2026-09-24,AAPL,APPLE INC.,Information Technology,Information Technology,10.0,-3.0,-13.0
2026-09-24,ABBV,ABBVIE INC.,Health Care,Health Care,-63.0,-52.0,11.0
2026-09-24,ABNB,"AIRBNB, INC.",Consumer Discretionary,Consumer Discretionary,-40.0,-17.0,23.0
2026-09-24,ABT,ABBOTT LABORATORIES,Health Care,Health Care,15.0,27.0,12.0
2026-09-24,ACGL,ARCH CAPITAL GROUP LTD.,Financials,Financials,19.0,9.0,-10.0
2026-09-24,ACN,ACCENTURE PUBLIC LIMITED COMPANY,Information Technology,Information Technology,0.0,-3.0,-3.0
2026-09-24,ADBE,ADOBE INC.,Information Technology,Information Technology,38.0,37.0,-1.0
2026-09-24,ADI,"ANALOG DEVICES, INC.",Information Technology,Information Technology,17.0,20.0,3.0
2026-09-24,ADM,ARCHER-DANIELS-MIDLAND COMPANY.,Consumer Staples,Consumer Staples,17.0,42.0,25.0
2026-09-24,ADP,"AUTOMATIC DATA PROCESSING, INC.",Industrials,Industrials,6.0,51.0,45.0
2026-09-24,ADSK,"AUTODESK, INC.",Information Technology,Information Technology,23.0,55.0,32.0
2026-09-24,AEE,AMEREN ,Utilities,Utilities,-9.0,0.0,9.0
2026-09-24,AEP,"AMERICAN ELECTRIC POWER COMPANY, INC.",Utilities,Utilities,-18.0,-24.0,-6.0
2026-09-24,AES,THE AES ,Utilities,Utilities,-57.0,-51.0,6.0
2026-09-24,AFL,AFLAC INC.,Financials,Financials,-3.0,-6.0,-3.0
2026-09-24,AIG,"AMERICAN INTERNATIONAL GROUP, INC.",Financials,Financials,-11.0,-9.0,2.0
2026-09-24,AIZ,"ASSURANT, INC.",Financials,Financials,-25.0,-20.0,5.0
2026-09-24,AJG,ARTHUR J. GALLAGHER & CO.,Financials,Financials,15.0,13.0,-2.0
2026-09-24,AKAM,"AKAMAI TECHNOLOGIES, INC.",Information Technology,Information Technology,19.0,53.0,34.0
2026-09-24,ALB,ALBEMARLE ,Materials,Materials,-4.0,33.0,37.0
2026-09-24,ALGN,"ALIGN TECHNOLOGY, INC.",Health Care,Health Care,35.0,44.0,9.0
2026-09-24,ALL,THE ALLSTATE ,Financials,Financials,-32.0,-0.0,32.0
2026-09-24,ALLE,ALLEGION PUBLIC LIMITED COMPANY,Industrials,Industrials,0.0,40.0,40.0
2026-09-24,AMAT,"APPLIED MATERIALS, INC.",Information Technology,Information Technology,34.0,34.0,0.0
2026-09-24,AMCR,AMCOR PLC,Materials,Materials,-9.0,-11.0,-2.0
2026-09-24,AMD,"ADVANCED MICRO DEVICES, INC.",Information Technology,Information Technology,-51.0,-21.0,30.0
2026-09-24,AME,"AMETEK, INC.",Industrials,Industrials,-20.0,2.0,22.0
2026-09-24,AMGN,AMGEN INC.,Health Care,Health Care,14.0,28.0,14.0
2026-09-24,AMP,"AMERIPRISE FINANCIAL, INC.",Financials,Financials,-48.0,-13.0,35.0
2026-09-24,AMT,AMERICAN TOWER ,Real Estate,Real Estate,46.0,36.0,-10.0
2026-09-24,AMZN,"AMAZON.COM, INC.",Consumer Discretionary,Consumer Discretionary,40.0,37.0,-3.0
2026-09-24,ANET,"ARISTA NETWORKS, INC.",Information Technology,Information Technology,9.0,29.0,20.0
2026-09-24,AON,AON PLC,Financials,Financials,-38.0,-38.0,-0.0
2026-09-24,AOS,A. O. SMITH ,Industrials,Industrials,-46.0,-6.0,40.0
2026-09-24,APA,APA ,Energy,Energy,-35.0,16.0,51.0
2026-09-24,APD,"AIR PRODUCTS AND CHEMICALS, INC.",Materials,Materials,-19.0,13.0,32.0
2026-09-24,APH,AMPHENOL ,Information Technology,Information Technology,-4.0,-5.0,-1.0
2026-09-24,APO,"APOLLO GLOBAL MANAGEMENT, INC.",Financials,Financials,41.0,46.0,5.0
2026-09-24,APP,APPLOVIN CORP,Information Technology,Information Technology,17.0,-3.0,-20.0
2026-09-24,APTV,APTIV PLC,Consumer Discretionary,Consumer Discretionary,0.0,48.0,48.0
2026-09-24,ARE,"ALEXANDRIA REAL ESTATE EQUITIES, INC.",Real Estate,Real Estate,-45.0,-22.0,23.0
2026-09-24,ARES,ARES MANAGEMENT CORP,Financials,Financials,23.0,12.0,-11.0
2026-09-24,ASC,ARDMORE SHIPPING ,,MR Discretion,-24.0,-1.0,23.0
2026-09-24,ATO,ATMOS ENERGY ,Utilities,Utilities,18.0,-35.0,-53.0
2026-09-24,AVGO,BROADCOM INC.,Information Technology,Information Technology,0.0,-3.0,-3.0
2026-09-24,AVY,AVERY DENNISON ,Materials,Materials,5.0,29.0,24.0
2026-09-24,AWK,"AMERICAN WATER WORKS COMPANY, INC.",Utilities,Utilities,54.0,1.0,-53.0
2026-09-24,AXON,"AXON ENTERPRISE, INC.",Industrials,Industrials,83.0,45.0,-38.0
2026-09-24,AXP,AMERICAN EXPRESS COMPANY,Financials,Financials,-5.0,-3.0,2.0
2026-09-24,AZO,"AUTOZONE, INC.",Consumer Discretionary,Consumer Discretionary,21.0,3.0,-18.0
2026-09-24,BA,THE BOEING COMPANY,Industrials,Industrials,-20.0,8.0,28.0
2026-09-24,BAC,BANK OF AMERICA ,Financials,Financials,-50.0,-13.0,37.0
2026-09-24,BALL,BALL ,Materials,Materials,-61.0,-10.0,51.0
2026-09-24,BAX,BAXTER INTERNATIONAL INC.,Health Care,Health Care,-13.0,-9.0,4.0
2026-09-24,BBY,"BEST BUY CO., INC.",Consumer Discretionary,Consumer Discretionary,-37.0,-47.0,-10.0
2026-09-24,BDX,"BECTON, DICKINSON AND COMPANY",Health Care,Health Care,-11.0,25.0,36.0
2026-09-24,BEN,"FRANKLIN RESOURCES, INC.",Financials,Financials,53.0,61.0,8.0
2026-09-24,BF.B,BROWN-FORMAN ,Consumer Staples,Consumer Staples,0.0,14.0,14.0
2026-09-24,BG,BUNGE LIMITED,Consumer Staples,Consumer Staples,27.0,50.0,23.0
2026-09-24,BIIB,BIOGEN INC.,Health Care,Health Care,-17.0,17.0,34.0
2026-09-24,BKNG,BOOKING HOLDINGS INC.,Consumer Discretionary,Consumer Discretionary,-24.0,-0.0,24.0
2026-09-24,BKR,BAKER HUGHES COMPANY,Energy,Energy,71.0,71.0,0.0
2026-09-24,BLDR,"BUILDERS FIRSTSOURCE, INC.",Industrials,Industrials,-3.0,-5.0,-2.0
2026-09-24,BLK,"BLACKROCK, INC.",Financials,Financials,14.0,37.0,23.0
2026-09-24,BMY,BRISTOL-MYERS SQUIBB COMPANY,Health Care,Health Care,-39.0,-31.0,8.0
2026-09-24,BNY,THE BANK OF NEW YORK MELLON ,Financials,Financials,0.0,-0.0,-0.0
2026-09-24,BR,"BROADRIDGE FINANCIAL SOLUTIONS, INC.",Industrials,Industrials,21.0,57.0,36.0
2026-09-24,BRK.B,"BERKSHIRE HATHAWAY INC.,",Financials,Financials,30.0,-5.0,-35.0
2026-09-24,BRO,"BROWN & BROWN, INC.",Financials,Financials,-11.0,-13.0,-2.0
2026-09-24,BSX,BOSTON SCIENTIFIC ,Health Care,Health Care,-28.0,-32.0,-4.0
2026-09-24,BTC=F,BITCOIN FUTURES,,Futures,38.0,-10.0,-48.0
2026-09-24,BTI,BRITISH AMERICAN TOBACCO P.L.C.,,MR Discretion,0.0,-3.0,-3.0
2026-09-24,BTU,PEABODY ENERGY ,,MR Discretion,35.0,16.0,-19.0
2026-09-24,BX,BLACKSTONE INC,Financials,Financials,1.0,4.0,3.0
2026-09-24,BXP,"BOSTON PROPERTIES, INC.",Real Estate,Real Estate,-38.0,-24.0,14.0
2026-09-24,C,CITIGROUP INC.,Financials,Financials,-19.0,18.0,37.0
2026-09-24,CAG,"CONAGRA BRANDS, INC.",Consumer Staples,Consumer Staples,-7.0,-12.0,-5.0
2026-09-24,CAH,"CARDINAL HEALTH, INC.",Health Care,Health Care,-35.0,-20.0,15.0
2026-09-24,CALM,"CAL-MAINE FOODS, INC.",,MR Discretion,-19.0,-35.0,-16.0
2026-09-24,CANE,TEUCRIUM:SUGAR,,Commodities,31.0,55.0,24.0
2026-09-24,CARR,CARRIER GLOBAL ,Industrials,Industrials,59.0,48.0,-11.0
2026-09-24,CASY,"CASEY'S GENERAL STORES, INC.",Consumer Staples,Consumer Staples,0.0,0.0,0.0
2026-09-24,CAT,CATERPILLAR INC.,Industrials,Industrials,0.0,40.0,40.0
2026-09-24,CB,CHUBB LTD,Financials,Financials,45.0,40.0,-5.0
2026-09-24,CBOE,"CBOE GLOBAL MARKETS, INC.",Financials,Financials,-8.0,31.0,39.0
2026-09-24,CBRE,"CBRE GROUP, INC.",Real Estate,Real Estate,0.0,6.0,6.0
2026-09-24,CCI,CROWN CASTLE INC.,Real Estate,Real Estate,30.0,25.0,-5.0
2026-09-24,CCJ,CAMECO ,,MR Discretion,-11.0,20.0,31.0
2026-09-24,CCL,CARNIVAL CORP,Consumer Discretionary,Consumer Discretionary,0.0,9.0,9.0
2026-09-24,CDNS,"CADENCE DESIGN SYSTEMS, INC.",Information Technology,Information Technology,15.0,15.0,0.0
2026-09-24,CDW,CDW ,Information Technology,Information Technology,40.0,-1.0,-41.0
2026-09-24,CEG,CONSTELLATION ENERGY,Utilities,Utilities,-23.0,-32.0,-9.0
2026-09-24,CF,"CF INDUSTRIES HOLDINGS, INC.",Materials,Materials,-68.0,8.0,76.0
2026-09-24,CFG,"CITIZENS FINANCIAL GROUP, INC.",Financials,Financials,-84.0,-13.0,71.0
2026-09-24,CHD,"CHURCH & DWIGHT CO., INC.",Consumer Staples,Consumer Staples,3.0,11.0,8.0
2026-09-24,CHRW,"C.H. ROBINSON WORLDWIDE, INC.",Industrials,Industrials,20.0,6.0,-14.0
2026-09-24,CHTR,"CHARTER COMMUNICATIONS, INC.",Communication Services,Communication Services,37.0,25.0,-12.0
2026-09-24,CI,THE CIGNA GROUP,Health Care,Health Care,33.0,23.0,-10.0
2026-09-24,CIEN,CIENA CORPORATION,Information Technology,Information Technology,21.0,29.0,8.0
2026-09-24,CINF,CINCINNATI FINANCIAL ,Financials,Financials,26.0,-20.0,-46.0
2026-09-24,CL,COLGATE-PALMOLIVE COMPANY,Consumer Staples,Consumer Staples,-15.0,-11.0,4.0
2026-09-24,CLX,THE CLOROX COMPANY,Consumer Staples,Consumer Staples,9.0,11.0,2.0
2026-09-24,CMBT,CMB.TECH NV,,MR Discretion,38.0,43.0,5.0
2026-09-24,CMCSA,COMCAST ,Communication Services,Communication Services,42.0,55.0,13.0
2026-09-24,CME,CME GROUP INC.,Financials,Financials,74.0,31.0,-43.0
2026-09-24,CMG,"CHIPOTLE MEXICAN GRILL, INC.",Consumer Discretionary,Consumer Discretionary,11.0,-11.0,-22.0
2026-09-24,CMI,CUMMINS INC.,Industrials,Industrials,20.0,9.0,-11.0
2026-09-24,CMRE,COSTAMARE INC.,,MR Discretion,36.0,26.0,-10.0
2026-09-24,CMS,CMS ENERGY ,Utilities,Utilities,35.0,2.0,-33.0
2026-09-24,CNC,CENTENE ,Health Care,Health Care,-1.0,12.0,13.0
2026-09-24,CNP,"CENTERPOINT ENERGY, INC.",Utilities,Utilities,-59.0,2.0,61.0
2026-09-24,CNR,"CORE NATURAL RESOURCES, INC.",,MR Discretion,-10.0,30.0,40.0
2026-09-24,COF,CAPITAL ONE FINANCIAL ,Financials,Financials,-4.0,-20.0,-16.0
2026-09-24,COHR,COHERENT CORP.,Information Technology,Information Technology,25.0,10.0,-15.0
2026-09-24,COIN,"COINBASE GLOBAL, INC.",Financials,Financials,44.0,-20.0,-64.0
2026-09-24,COMT,ISHARES:GSCI COMM DYN RS,,Commodities,3.0,20.0,17.0
2026-09-24,COO,"THE COOPER COMPANIES, INC.",Health Care,Health Care,0.0,0.0,0.0
2026-09-24,COP,CONOCOPHILLIPS,Energy,Energy,-44.0,1.0,45.0
2026-09-24,COR,"CENCORA, INC.",Health Care,Health Care,39.0,17.0,-22.0
2026-09-24,CORN,TEUCRIUM:CORN,,Commodities,20.0,26.0,6.0
2026-09-24,COST,COSTCO WHOLESALE ,Consumer Staples,Consumer Staples,-21.0,1.0,22.0
2026-09-24,CPAY,"FLEETCOR TECHNOLOGIES, INC.",Financials,Financials,4.0,48.0,44.0
2026-09-24,CPER,UNITED STATES COPPER IDX,,Commodities,16.0,38.0,22.0
2026-09-24,CPRT,"COPART, INC.",Industrials,Industrials,55.0,10.0,-45.0
2026-09-24,CPT,CAMDEN PROPERTY TRUST,Real Estate,Real Estate,-47.0,-35.0,12.0
2026-09-24,CRESY,CRESUD INC.,,MR Discretion,-13.0,-30.0,-17.0
2026-09-24,CRH,CRH PUBLIC LIMITED COMPANY,Materials,Materials,25.0,9.0,-16.0
2026-09-24,CRL,CHARLES RIVER LABORATORIES,Health Care,Health Care,-32.0,-20.0,12.0
2026-09-24,CRM,"SALESFORCE, INC.",Information Technology,Information Technology,-22.0,-8.0,14.0
2026-09-24,CRWD,"CROWDSTRIKE HOLDINGS, INC.",Information Technology,Information Technology,-17.0,-6.0,11.0
2026-09-24,CSCO,"CISCO SYSTEMS, INC.",Information Technology,Information Technology,8.0,45.0,37.0
2026-09-24,CSGP,"COSTAR GROUP, INC.",Real Estate,Real Estate,-36.0,-51.0,-15.0
2026-09-24,CSX,CSX ,Industrials,Industrials,48.0,37.0,-11.0
2026-09-24,CTAS,CINTAS ,Industrials,Industrials,9.0,31.0,22.0
2026-09-24,CTSH,COGNIZANT TECHNOLOGY SOLUTIONS ,Information Technology,Information Technology,63.0,35.0,-28.0
2026-09-24,CTVA,"CORTEVA, INC.",Materials,Materials,9.0,8.0,-1.0
2026-09-24,CVNA,CARVANA CO.,Consumer Discretionary,Consumer Discretionary,-37.0,-75.0,-38.0
2026-09-24,CVS,CVS HEALTH ,Health Care,Health Care,-26.0,2.0,28.0
2026-09-24,CVX,CHEVRON ,Energy,Energy,29.0,51.0,22.0
2026-09-24,D,"DOMINION ENERGY, INC.",Utilities,Utilities,-25.0,11.0,36.0
2026-09-24,DAL,"DELTA AIR LINES, INC.",Industrials,Industrials,-2.0,30.0,32.0
2026-09-24,DASH,"DOORDASH, INC.",Consumer Discretionary,Consumer Discretionary,-13.0,12.0,25.0
2026-09-24,DBA,INVESCO DB MS AGRI,,Commodities,29.0,35.0,6.0
2026-09-24,DBB,INVESCO DB MS BMTL,,Commodities,0.0,35.0,35.0
2026-09-24,DBC,INVESCO DB CM IDX,,Commodities,-15.0,-6.0,9.0
2026-09-24,DD,"DUPONT DE NEMOURS, INC.",Materials,Materials,69.0,57.0,-12.0
2026-09-24,DDOG,"DATADOG, INC.",Information Technology,Information Technology,2.0,2.0,0.0
2026-09-24,DE,DEERE & COMPANY,Industrials,Industrials,-13.0,-30.0,-17.0
2026-09-24,DECK,DECKERS OUTDOOR ,Consumer Discretionary,Consumer Discretionary,5.0,11.0,6.0
2026-09-24,DELL,DELL TECHNOLOGIES INC.,Information Technology,Information Technology,-6.0,1.0,7.0
2026-09-24,DG,DOLLAR GENERAL ,Consumer Staples,Consumer Staples,0.0,-16.0,-16.0
2026-09-24,DGX,QUEST DIAGNOSTICS INC.,Health Care,Health Care,24.0,54.0,30.0
2026-09-24,DHI,"D.R. HORTON, INC.",Consumer Discretionary,Consumer Discretionary,-9.0,-15.0,-6.0
2026-09-24,DHR,DANAHER ,Health Care,Health Care,35.0,-2.0,-37.0
2026-09-24,DHT,"DHT HOLDINGS, INC.",,MR Discretion,-5.0,-20.0,-15.0
2026-09-24,DIA,SPDR DOW JONES INDUS AVG,,Sector & Style ETFs,0.0,13.0,13.0
2026-09-24,DIS,THE WALT DISNEY COMPANY,Communication Services,Communication Services,-17.0,-31.0,-14.0
2026-09-24,DJI,DOW JONES INDUSTRIAL AVG INDEX,,Indices,-6.0,18.0,24.0
2026-09-24,DLR,"DIGITAL REALTY TRUST, INC.",Real Estate,Real Estate,66.0,62.0,-4.0
2026-09-24,DLTR,"DOLLAR TREE, INC.",Consumer Staples,Consumer Staples,-90.0,-30.0,60.0
2026-09-24,DOC,"HEALTHDOC PROPERTIES, INC.",Real Estate,Real Estate,-48.0,-12.0,36.0
2026-09-24,DOV,DOVER ,Industrials,Industrials,-12.0,20.0,32.0
2026-09-24,DOW,DOW INC.,Materials,Materials,-52.0,23.0,75.0
2026-09-24,DPZ,"DOMINO'S PIZZA, INC.",Consumer Discretionary,Consumer Discretionary,-38.0,0.0,38.0
2026-09-24,DRI,"DARDEN RESTAURANTS, INC.",Consumer Discretionary,Consumer Discretionary,-60.0,-8.0,52.0
2026-09-24,DTE,DTE ENERGY COMPANY,Utilities,Utilities,15.0,2.0,-13.0
2026-09-24,DUK,DUKE ENERGY ,Utilities,Utilities,-15.0,-35.0,-20.0
2026-09-24,DVA,DAVITA INC.,Health Care,Health Care,-12.0,7.0,19.0
2026-09-24,DVN,DEVON ENERGY ,Energy,Energy,-47.0,-1.0,46.0
2026-09-24,DXCM,"DEXCOM, INC.",Health Care,Health Care,18.0,51.0,33.0
2026-09-24,DXY,US DOLLAR INDEX,USD,Indices,-16.0,-43.0,-27.0
2026-09-24,EBAY,EBAY INC.,Consumer Discretionary,Consumer Discretionary,36.0,-5.0,-41.0
2026-09-24,EC,ECOPETROL SA,,MR Discretion,-27.0,7.0,34.0
2026-09-24,ECH,ISHARES:MSCI CHILE,,Foreign,-13.0,35.0,48.0
2026-09-24,ECHO,ECHOSTAR CORPORATION,Communication Services,Communication Services,4.0,-14.0,-18.0
2026-09-24,ECL,ECOLAB INC.,Materials,Materials,-5.0,4.0,9.0
2026-09-24,ED,"CONSOLIDATED EDISON, INC.",Utilities,Utilities,-30.0,-33.0,-3.0
2026-09-24,EDEN,ISHARES:MSCI DENMARK,,Foreign,-33.0,-5.0,28.0
2026-09-24,EDV,VANGUARD EXT DUR T;ETF,Bonds,Bonds,26.0,3.0,-23.0
2026-09-24,EFNL,ISHARES:MSCI FINLAND,,Foreign,30.0,45.0,15.0
2026-09-24,EFX,EQUIFAX INC.,Industrials,Industrials,-2.0,2.0,4.0
2026-09-24,EG,"EVEREST GROUP, LTD.",Financials,Financials,13.0,12.0,-1.0
2026-09-24,EIDO,ISHARES:MSCI INDONESIA,,Foreign,8.0,5.0,-3.0
2026-09-24,EIRL,ISHARES:MSCI IRELAND,,Foreign,7.0,35.0,28.0
2026-09-24,EIS,ISHARES:MSCI ISRAEL,,Foreign,13.0,39.0,26.0
2026-09-24,EIX,EDISON INTERNATIONAL,Utilities,Utilities,44.0,8.0,-36.0
2026-09-24,EL,THE ESTEE LAUDER COMPANIES INC.,Consumer Staples,Consumer Staples,69.0,62.0,-7.0
2026-09-24,ELV,"ELEVANCE HEALTH, INC.",Health Care,Health Care,42.0,29.0,-13.0
2026-09-24,EME,"EMCOR GROUP, INC.",Industrials,Industrials,-3.0,-25.0,-22.0
2026-09-24,EMR,EMERSON ELECTRIC CO.,Industrials,Industrials,31.0,24.0,-7.0
2026-09-24,ENZL,ISHARES:MSCI NEW ZLND,,Foreign,1.0,36.0,35.0
2026-09-24,EOG,"EOG RESOURCES, INC.",Energy,Energy,-64.0,-2.0,62.0
2026-09-24,EPAM,"EPAM SYSTEMS, INC.",Information Technology,Information Technology,46.0,26.0,-20.0
2026-09-24,EPHE,ISHARES:MSCI PHILIPPINES,,Foreign,48.0,8.0,-40.0
2026-09-24,EPOL,ISHARES:MSCI POLAND,,Foreign,14.0,59.0,45.0
2026-09-24,EPU,ISHARES:MSCI PERU,,Foreign,-23.0,17.0,40.0
2026-09-24,EQIX,"EQUINIX, INC.",Real Estate,Real Estate,51.0,65.0,14.0
2026-09-24,EQR,EQUITY RESIDENTIAL,Real Estate,Real Estate,5.0,18.0,13.0
2026-09-24,EQT,EQT ,Energy,Energy,58.0,47.0,-11.0
2026-09-24,ERIE,ERIE INDEMNITY COMPANY,Financials,Financials,-15.0,-11.0,4.0
2026-09-24,ES,EVERSOURCE ENERGY,Utilities,Utilities,-77.0,-38.0,39.0
2026-09-24,ES=F,E-MINI S&P 500 FUTURES,,Futures,-5.0,-18.0,-13.0
2026-09-24,ESS,"ESSEX PROPERTY TRUST, INC.",Real Estate,Real Estate,-43.0,-31.0,12.0
2026-09-24,ETN,EATON  PUBLIC LIMITED COMPANY,Industrials,Industrials,-9.0,-31.0,-22.0
2026-09-24,ETR,ENTERGY ,Utilities,Utilities,2.0,2.0,-0.0
2026-09-24,EVRG,"EVERGY, INC.",Utilities,Utilities,28.0,2.0,-26.0
2026-09-24,EW,EDWARDS LIFESCIENCES ,Health Care,Health Care,-36.0,15.0,51.0
2026-09-24,EWA,ISHARES:MSCI AUSTRALIA,,Foreign,-76.0,-14.0,62.0
2026-09-24,EWC,ISHARES:MSCI CANADA,,Foreign,-44.0,-36.0,8.0
2026-09-24,EWD,ISHARES:MSCI SWEDEN,,Foreign,18.0,36.0,18.0
2026-09-24,EWG,ISHARES:MSCI GERMANY,,Foreign,31.0,49.0,18.0
2026-09-24,EWH,ISHARES:MSCI HONG KONG,,Foreign,1.0,12.0,11.0
2026-09-24,EWI,ISHARES:MSCI ITALY,,Foreign,0.0,36.0,36.0
2026-09-24,EWJ,ISHARES:MSCI JAPAN,,Foreign,8.0,-2.0,-10.0
2026-09-24,EWK,ISHARES:MSCI BELGIUM,,Foreign,-10.0,-18.0,-8.0
2026-09-24,EWL,ISHARES:MSCI SWITZERLAND,,Foreign,-8.0,-2.0,6.0
2026-09-24,EWM,ISHARES:MSCI MALAYSIA,,Foreign,6.0,3.0,-3.0
2026-09-24,EWN,ISHARES:MSCI NETHERLANDS,,Foreign,15.0,47.0,32.0
2026-09-24,EWO,ISHARES:MSCI AUSTRIA,,Foreign,0.0,40.0,40.0
2026-09-24,EWP,ISHARES:MSCI SPAIN,,Foreign,2.0,36.0,34.0
2026-09-24,EWQ,ISHARES:MSCI FRANCE,,Foreign,0.0,36.0,36.0
2026-09-24,EWS,ISHARES:MSCI SINGAPORE,,Foreign,45.0,53.0,8.0
2026-09-24,EWT,ISHARES:MSCI TAIWAN,,Foreign,14.0,6.0,-8.0
2026-09-24,EWU,ISHARES:MSCI UK,,Foreign,0.0,36.0,36.0
2026-09-24,EWW,ISHARES:MSCI MEXICO,,Foreign,-25.0,29.0,54.0
2026-09-24,EWY,ISHARES:MSCI S KOREA,,Foreign,-5.0,-1.0,4.0
2026-09-24,EWZ,ISHARES:MSCI BRAZIL,,Foreign,0.0,6.0,6.0
2026-09-24,EXC,EXELON ,Utilities,Utilities,-3.0,-20.0,-17.0
2026-09-24,EXE,EXPAND ENERGY ,Energy,Energy,67.0,85.0,18.0
2026-09-24,EXPD,EXPEDITORS INTERNATIONAL OF WASHINGTON,Industrials,Industrials,-33.0,-16.0,17.0
2026-09-24,EXPE,"EXPEDIA GROUP, INC.",Consumer Discretionary,Consumer Discretionary,-44.0,-0.0,44.0
2026-09-24,EXR,EXTRA SPACE STORAGE INC.,Real Estate,Real Estate,-3.0,20.0,23.0
2026-09-24,F,FORD MOTOR COMPANY,Consumer Discretionary,Consumer Discretionary,-37.0,7.0,44.0
2026-09-24,FANG,"DIAMONDBACK ENERGY, INC.",Energy,Energy,63.0,69.0,6.0
2026-09-24,FAST,FASTENAL COMPANY,Industrials,Industrials,-28.0,12.0,40.0
2026-09-24,FCX,FREEPORT-MCMORAN INC.,Materials,Materials,51.0,77.0,26.0
2026-09-24,FDS,FACTSET RESEARCH SYSTEMS INC.,Financials,Financials,-18.0,47.0,65.0
2026-09-24,FDX,FEDEX ,Industrials,Industrials,4.0,-11.0,-15.0
2026-09-24,FE,FIRSTENERGY CORP.,Utilities,Utilities,-46.0,2.0,48.0
2026-09-24,FERG,FERGUSON ENTERPRISES INC.,Industrials,Industrials,28.0,40.0,12.0
2026-09-24,FFIV,"F5, INC.",Information Technology,Information Technology,41.0,5.0,-36.0
2026-09-24,FICO,FAIR ISAAC ,Information Technology,Information Technology,-26.0,-31.0,-5.0
2026-09-24,FIS,FIDELITY NATIONAL INFORMATION SERVICES,Financials,Financials,-28.0,-11.0,17.0
2026-09-24,FISV,"FISERV, INC.",Financials,Financials,36.0,4.0,-32.0
2026-09-24,FITB,FIFTH THIRD BANCORP,Financials,Financials,-30.0,18.0,48.0
2026-09-24,FIX,"COMFORT SYSTEMS USA, INC.",Industrials,Industrials,-33.0,7.0,40.0
2026-09-24,FLEX,FLEX LTD.,Information Technology,Information Technology,0.0,24.0,24.0
2026-09-24,FOXA,FOX ,Communication Services,Communication Services,42.0,36.0,-6.0
2026-09-24,FRO,FRONTLINE PLC,,MR Discretion,5.0,-16.0,-21.0
2026-09-24,FRT,FEDERAL REALTY INVESTMENT TRUST,Real Estate,Real Estate,0.0,-18.0,-18.0
2026-09-24,FSLR,"FIRST SOLAR, INC.",Information Technology,Information Technology,9.0,15.0,6.0
2026-09-24,FTI,TECHNIPFMC PLC,,MR Discretion,0.0,-15.0,-15.0
2026-09-24,FTNT,"FORTINET, INC.",Information Technology,Information Technology,7.0,25.0,18.0
2026-09-24,FTV,FORTIVE ,Industrials,Industrials,4.0,8.0,4.0
2026-09-24,FVX,5 YR TSY YLD NDX,Yields,Yields,9.0,-29.0,-38.0
2026-09-24,FXA,INVESCO:AU DOLLAR,,Currencies,1.0,7.0,6.0
2026-09-24,FXB,INVESCO:GBP STERLING,,Currencies,18.0,42.0,24.0
2026-09-24,FXC,INVESCO:CANADIAN DOLLAR,,Currencies,-47.0,6.0,53.0
2026-09-24,FXE,INVESCO:EURO,,Currencies,-21.0,-12.0,9.0
2026-09-24,FXY,INVESCO:JAPANESE YEN,,Currencies,22.0,-29.0,-51.0
2026-09-24,GD,GENERAL DYNAMICS ,Industrials,Industrials,54.0,34.0,-20.0
2026-09-24,GDDY,GODADDY INC.,Information Technology,Information Technology,1.0,-36.0,-37.0
2026-09-24,GDX,VANECK:GOLD MINERS,,Commodities,1.0,47.0,46.0
2026-09-24,GDXJ,VANECK:JR GOLD MINERS,,Commodities,-28.0,18.0,46.0
2026-09-24,GE,GENERAL ELECTRIC COMPANY,Industrials,Industrials,31.0,-4.0,-35.0
2026-09-24,GEHC,GE HEALTHCARE TECHNOLOGIES INC.,Health Care,Health Care,7.0,-4.0,-11.0
2026-09-24,GEN,GEN DIGITAL INC.,Information Technology,Information Technology,-24.0,-1.0,23.0
2026-09-24,GEOS,GEOSPACE TECHNOLOGIES ,,MR Discretion,-17.0,-3.0,14.0
2026-09-24,GEV,GE VERNOVA INC.,Industrials,Industrials,25.0,4.0,-21.0
2026-09-24,GGB,GERDAU SA,,MR Discretion,15.0,1.0,-14.0
2026-09-24,GILD,"GILEAD SCIENCES, INC.",Health Care,Health Care,-19.0,34.0,53.0
2026-09-24,GIS,"GENERAL MILLS, INC.",Consumer Staples,Consumer Staples,-47.0,4.0,51.0
2026-09-24,GL,GLOBE LIFE INC.,Financials,Financials,-13.0,-15.0,-2.0
2026-09-24,GLATF,GLOBAL ATOMIC ,,MR Discretion,-16.0,-1.0,15.0
2026-09-24,GLD,SPDR GOLD,Gold,Commodities,6.0,-10.0,-16.0
2026-09-24,GLW,CORNING INC.,Information Technology,Information Technology,24.0,11.0,-13.0
2026-09-24,GM,GENERAL MOTORS COMPANY,Consumer Discretionary,Consumer Discretionary,0.0,15.0,15.0
2026-09-24,GNK,GENCO SHIPPING & TRADING LIMITED,,MR Discretion,28.0,47.0,19.0
2026-09-24,GNRC,GENERAC HOLDINGS INC.,Industrials,Industrials,-31.0,-43.0,-12.0
2026-09-24,GOOGL,ALPHABET INC.,Communication Services,Communication Services,24.0,38.0,14.0
2026-09-24,GPC,GENUINE PARTS COMPANY,Consumer Discretionary,Consumer Discretionary,8.0,12.0,4.0
2026-09-24,GPN,GLOBAL PAYMENTS INC.,Financials,Financials,0.0,25.0,25.0
2026-09-24,GREK,GLBL X MSCI GREECE,,Foreign,10.0,15.0,5.0
2026-09-24,GRMN,GARMIN LTD,Consumer Discretionary,Consumer Discretionary,-9.0,38.0,47.0
2026-09-24,GS,"THE GOLDMAN SACHS GROUP, INC.",Financials,Financials,9.0,24.0,15.0
2026-09-24,GWW,"W.W. GRAINGER, INC.",Industrials,Industrials,0.0,40.0,40.0
2026-09-24,HAL,HALLIBURTON COMPANY,Energy,Energy,34.0,54.0,20.0
2026-09-24,HAS,"HASBRO, INC.",Consumer Discretionary,Consumer Discretionary,31.0,-2.0,-33.0
2026-09-24,HBAN,HUNTINGTON BANCSHARES INC.,Financials,Financials,-59.0,-38.0,21.0
2026-09-24,HCA,"HCA HEALTHCARE, INC.",Health Care,Health Care,59.0,29.0,-30.0
2026-09-24,HD,"THE HOME DEPOT, INC.",Consumer Discretionary,Consumer Discretionary,-3.0,9.0,12.0
2026-09-24,HIG,THE HARTFORD FINANCIAL SERVICES GROUP,Financials,Financials,-12.0,-48.0,-36.0
2026-09-24,HII,"HUNTINGTON INGALLS INDUSTRIES, INC.",Industrials,Industrials,45.0,12.0,-33.0
2026-09-24,HLT,HILTON WORLDWIDE HOLDINGS INC.,Consumer Discretionary,Consumer Discretionary,-8.0,-4.0,4.0
2026-09-24,HLX,"HELIX ENERGY SOLUTIONS GROUP, INC.",,MR Discretion,-14.0,30.0,44.0
2026-09-24,HON,HONEYWELL INTERNATIONAL INC.,Industrials,Industrials,42.0,36.0,-6.0
2026-09-24,HOOD,"ROBINHOOD MARKETS, INC.",Financials,Financials,-21.0,-41.0,-20.0
2026-09-24,HPE,HEWLETT PACKARD ENTERPRISE COMPANY,Information Technology,Information Technology,-29.0,33.0,62.0
2026-09-24,HPQ,HP INC.,Information Technology,Information Technology,64.0,29.0,-35.0
2026-09-24,HRL,HORMEL FOODS ,Consumer Staples,Consumer Staples,-59.0,-36.0,23.0
2026-09-24,HSIC,"HENRY SCHEIN, INC.",Health Care,Health Care,0.0,15.0,15.0
2026-09-24,HST,"HOST HOTELS & RESORTS, INC.",Real Estate,Real Estate,-1.0,22.0,23.0
2026-09-24,HSY,THE HERSHEY COMPANY,Consumer Staples,Consumer Staples,0.0,17.0,17.0
2026-09-24,HUBB,HUBBELL INC.,Industrials,Industrials,-45.0,-5.0,40.0
2026-09-24,HUM,HUMANA INC.,Health Care,Health Care,0.0,16.0,16.0
2026-09-24,HWM,HOWMET AEROSPACE INC.,Industrials,Industrials,0.0,0.0,0.0
2026-09-24,HYD,VANECK:HIGH YIELD MUNI,,Bonds,18.0,36.0,18.0
2026-09-24,HYG,ISHARES:IBOXX $HY CORP,Bonds,Bonds,-7.0,11.0,18.0
2026-09-24,IBKR,"INTERACTIVE BROKERS GROUP, INC.",Financials,Financials,-7.0,27.0,34.0
2026-09-24,IBM,INTERNATIONAL BUSINESS MACHINES ,Information Technology,Information Technology,1.0,4.0,3.0
2026-09-24,ICE,"INTERCONTINENTAL EXCHANGE, INC.",Financials,Financials,26.0,-2.0,-28.0
2026-09-24,ICL,ICL GROUP LTD,,MR Discretion,-67.0,-15.0,52.0
2026-09-24,IDXX,"IDEXX LABORATORIES, INC.",Health Care,Health Care,30.0,77.0,47.0
2026-09-24,IEF,ISHARES:7-10 TRS BD ETF,Bonds,Bonds,-23.0,13.0,36.0
2026-09-24,IEX,IDEX ,Industrials,Industrials,-4.0,31.0,35.0
2026-09-24,IFF,INTERNATIONAL FLAVORS & FRAGRANCES INC.,Materials,Materials,2.0,16.0,14.0
2026-09-24,INCY,INCYTE ,Health Care,Health Care,-39.0,7.0,46.0
2026-09-24,INDA,ISHARES:MSCI INDIA,,Foreign,-22.0,-35.0,-13.0
2026-09-24,INTC,INTEL ,Information Technology,Information Technology,-16.0,-2.0,14.0
2026-09-24,INTU,INTUIT INC.,Information Technology,Information Technology,34.0,17.0,-17.0
2026-09-24,INVH,INVITATION HOMES INC.,Real Estate,Real Estate,13.0,4.0,-9.0
2026-09-24,IP,INTERNATIONAL PAPER COMPANY,Materials,Materials,-1.0,20.0,21.0
2026-09-24,IQV,IQVIA HOLDINGS INC,Health Care,Health Care,15.0,6.0,-9.0
2026-09-24,IR,INGERSOLL RAND INC.,Industrials,Industrials,-38.0,2.0,40.0
2026-09-24,IRM,IRON MOUNTAIN INC.,Real Estate,Real Estate,46.0,8.0,-38.0
2026-09-24,ISRG,"INTUITIVE SURGICAL, INC.",Health Care,Health Care,-36.0,-43.0,-7.0
2026-09-24,IT,"GARTNER, INC.",Information Technology,Information Technology,17.0,-20.0,-37.0
2026-09-24,ITW,ILLINOIS TOOL WORKS INC.,Industrials,Industrials,0.0,47.0,47.0
2026-09-24,IVZ,INVESCO LTD.,Financials,Financials,53.0,61.0,8.0
2026-09-24,IWD,ISHARES:RUSS 1000 VL ETF,,Sector & Style ETFs,0.0,11.0,11.0
2026-09-24,IWF,ISHARES:RUSS 1000 GR ETF,,Sector & Style ETFs,34.0,-7.0,-41.0
2026-09-24,IWM,ISHARES:RUSS 2000 ETF,,Sector & Style ETFs,0.0,-18.0,-18.0
2026-09-24,J,JACOBS SOLUTIONS INC.,Industrials,Industrials,-1.0,13.0,14.0
2026-09-24,JBHT,"J. B. HUNT TRANSPORT SERVICES, INC.",Industrials,Industrials,6.0,0.0,-6.0
2026-09-24,JBL,JABIL INC.,Information Technology,Information Technology,11.0,24.0,13.0
2026-09-24,JCI,JOHNSON CONTROLS INTERNATIONAL PLC,Industrials,Industrials,9.0,55.0,46.0
2026-09-24,JKHY,"JACK HENRY & ASSOCIATES, INC.",Financials,Financials,-16.0,-24.0,-8.0
2026-09-24,JNJ,JOHNSON & JOHNSON,Health Care,Health Care,-36.0,6.0,42.0
2026-09-24,JNK,SPDR BBG HIGH YIELD BD,,Bonds,-51.0,11.0,62.0
2026-09-24,JPM,JPMORGAN CHASE & CO.,Financials,Financials,-39.0,-10.0,29.0
2026-09-24,KDP,KEURIG DR PEPPER INC.,Consumer Staples,Consumer Staples,0.0,-8.0,-8.0
2026-09-24,KEY,KEYCORP,Financials,Financials,0.0,-10.0,-10.0
2026-09-24,KEYS,"KEYSIGHT TECHNOLOGIES, INC.",Information Technology,Information Technology,3.0,2.0,-1.0
2026-09-24,KHC,THE KRAFT HEINZ COMPANY,Consumer Staples,Consumer Staples,22.0,47.0,25.0
2026-09-24,KIM,KIMCO REALTY .,Real Estate,Real Estate,-17.0,-5.0,12.0
2026-09-24,KKR,KKR & CO. INC.,Financials,Financials,48.0,31.0,-17.0
2026-09-24,KLAC,KLA ,Information Technology,Information Technology,33.0,33.0,0.0
2026-09-24,KMB,KIMBERLY-CLARK ,Consumer Staples,Consumer Staples,-23.0,-11.0,12.0
2026-09-24,KMI,"KINDER MORGAN, INC.",Energy,Energy,-8.0,-6.0,2.0
2026-09-24,KO,THE COCA-COLA COMPANY,Consumer Staples,Consumer Staples,10.0,46.0,36.0
2026-09-24,KR,THE KROGER CO.,Consumer Staples,Consumer Staples,11.0,-30.0,-41.0
2026-09-24,KVUE,KENVUE INC.,Consumer Staples,Consumer Staples,-25.0,-17.0,8.0
2026-09-24,L,LOEWS ,Financials,Financials,-58.0,-11.0,47.0
2026-09-24,LDOS,"LEIDOS HOLDINGS, INC.",Industrials,Industrials,21.0,25.0,4.0
2026-09-24,LEN,LENNAR ,Consumer Discretionary,Consumer Discretionary,-33.0,-27.0,6.0
2026-09-24,LH,LABORATORY  OF AMERICA HOLDINGS,Health Care,Health Care,-16.0,37.0,53.0
2026-09-24,LHX,"L3HARRIS TECHNOLOGIES, INC.",Industrials,Industrials,29.0,9.0,-20.0
2026-09-24,LII,LENNOX INTERNATIONAL INC.,Industrials,Industrials,26.0,6.0,-20.0
2026-09-24,LIN,LINDE PUBLIC LIMITED COMPANY,Materials,Materials,-4.0,36.0,40.0
2026-09-24,LITE,LUMENTUM HOLDINGS INC.,Information Technology,Information Technology,51.0,29.0,-22.0
2026-09-24,LLY,ELI LILLY AND COMPANY,Health Care,Health Care,-3.0,29.0,32.0
2026-09-24,LMT,LOCKHEED MARTIN ,Industrials,Industrials,67.0,77.0,10.0
2026-09-24,LNT,ALLIANT ENERGY ,Utilities,Utilities,-7.0,2.0,9.0
2026-09-24,LOW,"LOWE'S COMPANIES, INC.",Consumer Discretionary,Consumer Discretionary,28.0,40.0,12.0
2026-09-24,LQD,ISHARES:IBOXX $IG CORP,Bonds,Bonds,-16.0,-4.0,12.0
2026-09-24,LRCX,LAM RESEARCH ,Information Technology,Information Technology,41.0,41.0,0.0
2026-09-24,LULU,LULULEMON ATHLETICA INC.,Consumer Discretionary,Consumer Discretionary,-30.0,26.0,56.0
2026-09-24,LUV,SOUTHWEST AIRLINES CO.,Industrials,Industrials,0.0,-5.0,-5.0
2026-09-24,LVS,LAS VEGAS SANDS CORP.,Consumer Discretionary,Consumer Discretionary,0.0,-11.0,-11.0
2026-09-24,LYB,LYONDELLBASELL INDUSTRIES NV,Materials,Materials,-17.0,40.0,57.0
2026-09-24,LYV,"LIVE NATION ENTERTAINMENT, INC.",Communication Services,Communication Services,-5.0,19.0,24.0
2026-09-24,MA,MASTERCARD INC..,Financials,Financials,-8.0,-3.0,5.0
2026-09-24,MAA,"MID-AMERICA APARTMENT COMMUNITIES, INC.",Real Estate,Real Estate,-22.0,-13.0,9.0
2026-09-24,MAR,"MARRIOTT INTERNATIONAL, INC.",Consumer Discretionary,Consumer Discretionary,-14.0,22.0,36.0
2026-09-24,MAS,MASCO ,Industrials,Industrials,42.0,29.0,-13.0
2026-09-24,MCD,MCDONALD'S ,Consumer Discretionary,Consumer Discretionary,6.0,18.0,12.0
2026-09-24,MCHI,ISHARES:MSCI CHINA,,Foreign,42.0,22.0,-20.0
2026-09-24,MCHP,MICROCHIP TECHNOLOGY INC.,Information Technology,Information Technology,0.0,-15.0,-15.0
2026-09-24,MCK,MCKESSON ,Health Care,Health Care,78.0,54.0,-24.0
2026-09-24,MCO,MOODY'S ,Financials,Financials,32.0,28.0,-4.0
2026-09-24,MDLZ,"MONDELEZ INTERNATIONAL, INC.",Consumer Staples,Consumer Staples,48.0,57.0,9.0
2026-09-24,MDT,MEDTRONIC PUBLIC LIMITED COMPANY,Health Care,Health Care,-26.0,19.0,45.0
2026-09-24,MDY,SPDR S&P MIDCAP 400 ETF,,Sector & Style ETFs,45.0,27.0,-18.0
2026-09-24,MET,"METLIFE, INC.",Financials,Financials,41.0,22.0,-19.0
2026-09-24,META,"META PLATFORMS, INC.",Communication Services,Communication Services,26.0,-27.0,-53.0
2026-09-24,MGM,MGM RESORTS INTERNATIONAL,Consumer Discretionary,Consumer Discretionary,-20.0,-16.0,4.0
2026-09-24,MKC,"MCCORMICK & COMPANY, INC.",Consumer Staples,Consumer Staples,37.0,13.0,-24.0
2026-09-24,MLM,"MARTIN MARIETTA MATERIALS, INC.",Materials,Materials,-31.0,9.0,40.0
2026-09-24,MMM,3M COMPANY,Industrials,Industrials,22.0,22.0,0.0
2026-09-24,MNST,MONSTER BEVERAGE ,Consumer Staples,Consumer Staples,-2.0,28.0,30.0
2026-09-24,MO,"ALTRIA GROUP, INC.",Consumer Staples,Consumer Staples,-13.0,-47.0,-34.0
2026-09-24,MOS,THE MOSAIC COMPANY,Materials,Materials,8.0,4.0,-4.0
2026-09-24,MP,MP MATERIALS CORP,,MR Discretion,-28.0,12.0,40.0
2026-09-24,MPC,MARATHON PETROLEUM ,Energy,Energy,24.0,16.0,-8.0
2026-09-24,MPWR,"MONOLITHIC POWER SYSTEMS, INC.",Information Technology,Information Technology,-20.0,20.0,40.0
2026-09-24,MRK,"MERCK & CO., INC.",Health Care,Health Care,-42.0,20.0,62.0
2026-09-24,MRNA,"MODERNA, INC.",Health Care,Health Care,-12.0,-6.0,6.0
2026-09-24,MRSH,"MARSH & MCLENNAN COMPANIES, INC.",Financials,Financials,23.0,27.0,4.0
2026-09-24,MRVL,"MARVELL TECHNOLOGY, INC.",Information Technology,Information Technology,24.0,38.0,14.0
2026-09-24,MS,MORGAN STANLEY,Financials,Financials,-38.0,-20.0,18.0
2026-09-24,MSCI,MSCI INC.,Financials,Financials,8.0,12.0,4.0
2026-09-24,MSFT,MICROSOFT ,Information Technology,Information Technology,26.0,12.0,-14.0
2026-09-24,MSI,"MOTOROLA SOLUTIONS, INC.",Information Technology,Information Technology,12.0,57.0,45.0
2026-09-24,MTB,M&T BANK ,Financials,Financials,-77.0,-13.0,64.0
2026-09-24,MTD,METTLER-TOLEDO INTERNATIONAL INC.,Health Care,Health Care,15.0,-12.0,-27.0
2026-09-24,MTUM,ISHARES:MSCI USA MOM FCT,,Sector & Style ETFs,-39.0,-17.0,22.0
2026-09-24,MU,"MICRON TECHNOLOGY, INC.",Information Technology,Information Technology,-12.0,22.0,34.0
2026-09-24,MUB,ISHARES:NATL MUNI BOND,,Bonds,-33.0,13.0,46.0
2026-09-24,NCLH,NORWEGIAN CRUISE LINE HOLDINGS LTD.,Consumer Discretionary,Consumer Discretionary,0.0,12.0,12.0
2026-09-24,NDAQ,"NASDAQ, INC.",Financials,Financials,0.0,31.0,31.0
2026-09-24,NDSN,NORDSON ,Industrials,Industrials,-4.0,2.0,6.0
2026-09-24,NDX,NASDAQ 100 INDEX,,Indices,3.0,-10.0,-13.0
2026-09-24,NEE,"NEXTERA ENERGY, INC.",Utilities,Utilities,25.0,11.0,-14.0
2026-09-24,NEM,NEWMONT ,Materials,Materials,39.0,75.0,36.0
2026-09-24,NFLX,"NETFLIX, INC.",Communication Services,Communication Services,40.0,22.0,-18.0
2026-09-24,NI,NISOURCE INC.,Utilities,Utilities,-49.0,-43.0,6.0
2026-09-24,NKE,"NIKE, INC.",Consumer Discretionary,Consumer Discretionary,-8.0,-9.0,-1.0
2026-09-24,NOC,NORTHROP GRUMMAN ,Industrials,Industrials,52.0,58.0,6.0
2026-09-24,NORW,GLBL X MSCI NORWAY ETF,,Foreign,-17.0,57.0,74.0
2026-09-24,NOV,NOV INC.,,MR Discretion,-37.0,25.0,62.0
2026-09-24,NOW,"SERVICENOW, INC.",Information Technology,Information Technology,17.0,-20.0,-37.0
2026-09-24,NQ=F,NASDAQ 100 FUTURES,,Futures,10.0,-9.0,-19.0
2026-09-24,NRG,"NRG ENERGY, INC.",Utilities,Utilities,-24.0,-43.0,-19.0
2026-09-24,NSC,NORFOLK SOUTHERN ,Industrials,Industrials,5.0,33.0,28.0
2026-09-24,NTAP,"NETAPP, INC.",Information Technology,Information Technology,38.0,76.0,38.0
2026-09-24,NTRS,NORTHERN TRUST ,Financials,Financials,-26.0,-11.0,15.0
2026-09-24,NUE,NUCOR ,Materials,Materials,14.0,8.0,-6.0
2026-09-24,NVDA,NVIDIA ,Information Technology,Information Technology,2.0,-41.0,-43.0
2026-09-24,NVR,"NVR, INC.",Consumer Discretionary,Consumer Discretionary,-16.0,-45.0,-29.0
2026-09-24,NWSA,NEWS CORP.,Communication Services,Communication Services,-32.0,13.0,45.0
2026-09-24,NXPI,NXP SEMICONDUCTORS NV,Information Technology,Information Technology,-31.0,-28.0,3.0
2026-09-24,O,REALTY INCOME ,Real Estate,Real Estate,-47.0,-0.0,47.0
2026-09-24,ODFL,"OLD DOMINION FREIGHT LINE, INC.",Industrials,Industrials,32.0,34.0,2.0
2026-09-24,OEF,ISHARES:S&P 100,,Sector & Style ETFs,28.0,3.0,-25.0
2026-09-24,OKE,"ONEOK, INC.",Energy,Energy,-10.0,36.0,46.0
2026-09-24,OMC,OMNICOM GROUP INC.,Communication Services,Communication Services,-19.0,8.0,27.0
2026-09-24,ON,ON SEMICONDUCTOR ,Information Technology,Information Technology,67.0,55.0,-12.0
2026-09-24,ORCL,ORACLE ,Information Technology,Information Technology,45.0,4.0,-41.0
2026-09-24,ORLY,"O'REILLY AUTOMOTIVE, INC.",Consumer Discretionary,Consumer Discretionary,10.0,23.0,13.0
2026-09-24,OTIS,OTIS WORLDWIDE ,Industrials,Industrials,44.0,48.0,4.0
2026-09-24,OXY,OCCIDENTAL PETROLEUM ,Energy,Energy,-2.0,43.0,45.0
2026-09-24,PAM,PAMPA ENERGIA SA,,MR Discretion,74.0,46.0,-28.0
2026-09-24,PANW,"PALO ALTO NETWORKS, INC.",Information Technology,Information Technology,7.0,33.0,26.0
2026-09-24,PAYX,"PAYCHEX, INC.",Industrials,Industrials,-35.0,-6.0,29.0
2026-09-24,PBR,BRAZILIAN PETROLEUM  - PETROBRAS,,MR Discretion,-12.0,21.0,33.0
2026-09-24,PCAR,PACCAR INC,Industrials,Industrials,20.0,0.0,-20.0
2026-09-24,PCG,PG&E ,Utilities,Utilities,44.0,8.0,-36.0
2026-09-24,PEG,PUBLIC SERVICE ENTERPRISE GROUP INC.,Utilities,Utilities,0.0,-5.0,-5.0
2026-09-24,PEP,"PEPSICO, INC.",Consumer Staples,Consumer Staples,0.0,-18.0,-18.0
2026-09-24,PFE,PFIZER INC.,Health Care,Health Care,-14.0,6.0,20.0
2026-09-24,PFF,ISHARES:PREF AND INC SEC,,Bonds,44.0,62.0,18.0
2026-09-24,PFG,"PRINCIPAL FINANCIAL GROUP, INC.",Financials,Financials,24.0,19.0,-5.0
2026-09-24,PG,THE PROCTER & GAMBLE COMPANY,Consumer Staples,Consumer Staples,-12.0,-28.0,-16.0
2026-09-24,PGR,THE PROGRESSIVE ,Financials,Financials,-15.0,-11.0,4.0
2026-09-24,PH,PARKER-HANNIFIN ,Industrials,Industrials,37.0,46.0,9.0
2026-09-24,PHM,"PULTEGROUP, INC.",Consumer Discretionary,Consumer Discretionary,-20.0,6.0,26.0
2026-09-24,PKG,PACKAGING  OF AMERICA,Materials,Materials,-9.0,47.0,56.0
2026-09-24,PLD,"PROLOGIS, INC.",Real Estate,Real Estate,41.0,37.0,-4.0
2026-09-24,PLTR,PALANTIR TECHNOLOGIES INC.,Information Technology,Information Technology,28.0,3.0,-25.0
2026-09-24,PM,PHILIP MORRIS INTERNATIONAL INC.,Consumer Staples,Consumer Staples,63.0,16.0,-47.0
2026-09-24,PNC,"THE PNC FINANCIAL SERVICES GROUP, INC.",Financials,Financials,-77.0,-13.0,64.0
2026-09-24,PNR,PENTAIR PUBLIC LIMITED COMPANY,Industrials,Industrials,-21.0,-41.0,-20.0
2026-09-24,PNW,PINNACLE WEST CAPITAL ,Utilities,Utilities,-7.0,2.0,9.0
2026-09-24,PODD,INSULET ,Health Care,Health Care,-15.0,-47.0,-32.0
2026-09-24,POWA,INVESCO BLOOMBERG PRICING POWER,,Sector & Style ETFs,-16.0,20.0,36.0
2026-09-24,PPG,"PPG INDUSTRIES, INC.",Materials,Materials,8.0,40.0,32.0
2026-09-24,PPL,PPL ,Utilities,Utilities,-19.0,-13.0,6.0
2026-09-24,PPLT,ABRDN:PHYSICAL PLATINUM,,Commodities,59.0,56.0,-3.0
2026-09-24,PRU,"PRUDENTIAL FINANCIAL, INC.",Financials,Financials,-11.0,4.0,15.0
2026-09-24,PSA,PUBLIC STORAGE.,Real Estate,Real Estate,14.0,34.0,20.0
2026-09-24,PSKY,PARAMOUNT SKYDANCE ,Communication Services,Communication Services,42.0,35.0,-7.0
2026-09-24,PSX,PHILLIPS 66,Energy,Energy,46.0,38.0,-8.0
2026-09-24,PTC,PTC INC.,Information Technology,Information Technology,42.0,55.0,13.0
2026-09-24,PWR,"QUANTA SERVICES, INC.",Industrials,Industrials,-10.0,26.0,36.0
2026-09-24,PYPL,"PAYPAL HOLDINGS, INC.",Financials,Financials,0.0,-4.0,-4.0
2026-09-24,Q,"QNITY ELECTRONICS, INC.",Information Technology,Information Technology,-8.0,-22.0,-14.0
2026-09-24,QAT,ISHARES:MSCI QATAR,,Foreign,41.0,28.0,-13.0
2026-09-24,QCOM,QUALCOMM INC.,Information Technology,Information Technology,-25.0,-41.0,-16.0
2026-09-24,QQQ,INVESCO QQQ TRUST 1,,Sector & Style ETFs,10.0,5.0,-5.0
2026-09-24,QUAL,ISHARES:MSCI USA QF,,Sector & Style ETFs,11.0,25.0,14.0
2026-09-24,RCL,ROYAL CARIBBEAN CRUISES LTD.,Consumer Discretionary,Consumer Discretionary,9.0,18.0,9.0
2026-09-24,RDDT,"REDDIT, INC.",Communication Services,Communication Services,17.0,14.0,-3.0
2026-09-24,REG,REGENCY CENTERS ,Real Estate,Real Estate,-30.0,-41.0,-11.0
2026-09-24,REGN,"REGENERON PHARMACEUTICALS, INC.",Health Care,Health Care,0.0,36.0,36.0
2026-09-24,RF,REGIONS FINANCIAL ,Financials,Financials,-31.0,-13.0,18.0
2026-09-24,RIG,TRANSOCEAN LTD,,MR Discretion,-16.0,45.0,61.0
2026-09-24,RJF,"RAYMOND JAMES FINANCIAL, INC.",Financials,Financials,-31.0,-13.0,18.0
2026-09-24,RL,RALPH LAUREN ,Consumer Discretionary,Consumer Discretionary,-5.0,4.0,9.0
2026-09-24,RMD,RESMED INC.,Health Care,Health Care,36.0,4.0,-32.0
2026-09-24,ROK,"ROCKWELL AUTOMATION, INC.",Industrials,Industrials,14.0,22.0,8.0
2026-09-24,ROKU,"ROKU, INC.",,MR Discretion,7.0,27.0,20.0
2026-09-24,ROL,"ROLLINS, INC.",Industrials,Industrials,4.0,-5.0,-9.0
2026-09-24,ROP,"ROPER TECHNOLOGIES, INC.",Information Technology,Information Technology,-25.0,4.0,29.0
2026-09-24,ROST,"ROSS STORES, INC.",Consumer Discretionary,Consumer Discretionary,36.0,64.0,28.0
2026-09-24,RSG,"REPUBLIC SERVICES, INC.",Industrials,Industrials,9.0,-17.0,-26.0
2026-09-24,RSP,INVESCO S&P500 EWGHT,,Sector & Style ETFs,24.0,27.0,3.0
2026-09-24,RTX,RTX ,Industrials,Industrials,0.0,0.0,-0.0
2026-09-24,RUT,RUSSELL 2000 INDEX,,Indices,44.0,18.0,-26.0
2026-09-24,RVTY,"REVVITY, INC.",Health Care,Health Care,-57.0,-69.0,-12.0
2026-09-24,SBAC,SBA COMMUNICATIONS ,Real Estate,Real Estate,-12.0,4.0,16.0
2026-09-24,SBLK,STAR BULK CARRIERS CORP.,,MR Discretion,38.0,35.0,-3.0
2026-09-24,SBUX,STARBUCKS ,Consumer Discretionary,Consumer Discretionary,-19.0,-33.0,-14.0
2026-09-24,SCHP,SCHWAB STR:US TIPS,,Bonds,6.0,-54.0,-60.0
2026-09-24,SCHW,THE CHARLES SCHWAB ,Financials,Financials,-84.0,-13.0,71.0
2026-09-24,SD,"SANDRIDGE ENERGY, INC.",,MR Discretion,23.0,45.0,22.0
2026-09-24,SDY,SPDR S&P DIVIDEND,,Sector & Style ETFs,-45.0,-18.0,27.0
2026-09-24,SHW,THE SHERWIN-WILLIAMS COMPANY,Materials,Materials,23.0,40.0,17.0
2026-09-24,SHY,ISHARES:1-3 TRS BD ETF,Bonds,Bonds,23.0,23.0,0.0
2026-09-24,SILJ,ETFMG PRIME JR SILVR MNR,,Commodities,11.0,47.0,36.0
2026-09-24,SJM,THE J. M. SMUCKER COMPANY,Consumer Staples,Consumer Staples,4.0,20.0,16.0
2026-09-24,SLB,SCHLUMBERGER N.V.,Energy,Energy,-16.0,31.0,47.0
2026-09-24,SLV,ISHARES:SILVER TRUST,,Commodities,18.0,-5.0,-23.0
2026-09-24,SM,SM ENERGY COMPANY,,MR Discretion,44.0,43.0,-1.0
2026-09-24,SMCI,"SUPER MICRO COMPUTER, INC.",Information Technology,Information Technology,17.0,-3.0,-20.0
2026-09-24,SMH,VANECK:SEMICONDUCTOR,,Sector & Style ETFs,39.0,38.0,-1.0
2026-09-24,SNA,SNAP-ON INC.,Industrials,Industrials,44.0,24.0,-20.0
2026-09-24,SNDK,SANDISK CORPORATION,Information Technology,Information Technology,-22.0,-22.0,0.0
2026-09-24,SNPS,"SYNOPSYS, INC.",Information Technology,Information Technology,10.0,-3.0,-13.0
2026-09-24,SO,THE SOUTHERN COMPANY,Utilities,Utilities,24.0,-13.0,-37.0
2026-09-24,SOLV,SOLVENTUM ,Health Care,Health Care,52.0,57.0,5.0
2026-09-24,SOYB,TEUCRIUM:SOYBEAN,,Commodities,-10.0,10.0,20.0
2026-09-24,SPG,"SIMON PROPERTY GROUP, INC.",Real Estate,Real Estate,28.0,48.0,20.0
2026-09-24,SPGI,S&P GLOBAL INC.,Financials,Financials,65.0,31.0,-34.0
2026-09-24,SPHB,INVESCO S&P500 HI BE,,Sector & Style ETFs,-17.0,17.0,34.0
2026-09-24,SPLV,INVESCO S&P500 LOWVL,,Sector & Style ETFs,-39.0,-20.0,19.0
2026-09-24,SPX,S&P 500 INDEX,,Indices,-5.0,-18.0,-13.0
2026-09-24,SPY,SPDR S&P 500 ETF,,Sector & Style ETFs,-23.0,3.0,26.0
2026-09-24,SRE,SEMPRA,Utilities,Utilities,-4.0,-30.0,-26.0
2026-09-24,STE,STERIS PUBLIC LIMITED COMPANY,Health Care,Health Care,23.0,27.0,4.0
2026-09-24,STIP,ISHARES:0-5 TIPS BD ETF,Bonds,Bonds,9.0,33.0,24.0
2026-09-24,STLA,STELLANTIS NV,,MR Discretion,60.0,44.0,-16.0
2026-09-24,STLD,"STEEL DYNAMICS, INC.",Materials,Materials,39.0,28.0,-11.0
2026-09-24,STNG,SCORPIO TANKERS INC.,,MR Discretion,49.0,29.0,-20.0
2026-09-24,STT,STATE STREET ,Financials,Financials,22.0,30.0,8.0
2026-09-24,STX,SEAGATE TECHNOLOGY HOLDINGS,Information Technology,Information Technology,-13.0,24.0,37.0
2026-09-24,STZ,"CONSTELLATION BRANDS, INC.",Consumer Staples,Consumer Staples,-45.0,-18.0,27.0
2026-09-24,SW,SMURFIT WESTROCK PUBLIC LIMITED COMPANY,Materials,Materials,-42.0,4.0,46.0
2026-09-24,SWK,"STANLEY BLACK & DECKER, INC.",Industrials,Industrials,35.0,39.0,4.0
2026-09-24,SWKS,"SKYWORKS SOLUTIONS, INC.",Information Technology,Information Technology,-36.0,-51.0,-15.0
2026-09-24,SYF,SYNCHRONY FINANCIAL,Financials,Financials,-10.0,-18.0,-8.0
2026-09-24,SYK,STRYKER ,Health Care,Health Care,0.0,0.0,-0.0
2026-09-24,SYY,SYSCO ,Consumer Staples,Consumer Staples,69.0,61.0,-8.0
2026-09-24,T,AT&T INC.,Communication Services,Communication Services,27.0,20.0,-7.0
2026-09-24,TAGS,TEUCRIUM:AGRICULTURAL,,Commodities,-43.0,22.0,65.0
2026-09-24,TAP,MOLSON COORS BEVERAGE COMPANY,Consumer Staples,Consumer Staples,-2.0,2.0,4.0
2026-09-24,TDG,TRANSDIGM GROUP INC.,Industrials,Industrials,44.0,-20.0,-64.0
2026-09-24,TDW,TIDEWATER INC.,,MR Discretion,-43.0,-7.0,36.0
2026-09-24,TDY,TELEDYNE TECHNOLOGIES INC.,Information Technology,Information Technology,11.0,58.0,47.0
2026-09-24,TECH,BIO-TECHNE ,Health Care,Health Care,7.0,-27.0,-34.0
2026-09-24,TECK,TECK RESOURCES LIMITED,,MR Discretion,71.0,77.0,6.0
2026-09-24,TEL,TE CONNECTIVITY LTD,Information Technology,Information Technology,-9.0,-14.0,-5.0
2026-09-24,TER,"TERADYNE, INC.",Information Technology,Information Technology,16.0,26.0,10.0
2026-09-24,TFC,TRUIST FINANCIAL ,Financials,Financials,-10.0,18.0,28.0
2026-09-24,TGT,TARGET ,Consumer Staples,Consumer Staples,-8.0,20.0,28.0
2026-09-24,THD,ISHARES:MSCI THAI,,Foreign,-20.0,27.0,47.0
2026-09-24,TIP,ISHARES:TIPS BD ETF,Bonds,Bonds,21.0,-3.0,-24.0
2026-09-24,TJX,"THE TJX COMPANIES, INC.",Consumer Discretionary,Consumer Discretionary,24.0,33.0,9.0
2026-09-24,TKO,"TKO GROUP HOLDINGS, INC.",Communication Services,Communication Services,-58.0,-46.0,12.0
2026-09-24,TLT,ISHARES:20+ TRS BD ETF,Bonds,Bonds,8.0,3.0,-5.0
2026-09-24,TMO,THERMO FISHER SCIENTIFIC INC.,Health Care,Health Care,-18.0,-12.0,6.0
2026-09-24,TMUS,"T-MOBILE US, INC.",Communication Services,Communication Services,3.0,-15.0,-18.0
2026-09-24,TNX,10 Y TSY YLD NDX,Yields,Yields,18.0,-29.0,-47.0
2026-09-24,TPL,TEXAS PACIFIC LAND ,Energy,Energy,37.0,-9.0,-46.0
2026-09-24,TPR,"TAPESTRY, INC.",Consumer Discretionary,Consumer Discretionary,4.0,0.0,-4.0
2026-09-24,TRGP,TARGA RESOURCES CORP.,Energy,Energy,-9.0,27.0,36.0
2026-09-24,TRMB,TRIMBLE INC.,Information Technology,Information Technology,0.0,-5.0,-5.0
2026-09-24,TROW,"T. ROWE PRICE GROUP, INC.",Financials,Financials,23.0,27.0,4.0
2026-09-24,TRV,"THE TRAVELERS COMPANIES, INC.",Financials,Financials,-21.0,8.0,29.0
2026-09-24,TS,TENARIS SA,,MR Discretion,16.0,38.0,22.0
2026-09-24,TSCO,TRACTOR SUPPLY COMPANY,Consumer Discretionary,Consumer Discretionary,0.0,-17.0,-17.0
2026-09-24,TSLA,"TESLA, INC.",Consumer Discretionary,Consumer Discretionary,-35.0,-50.0,-15.0
2026-09-24,TSN,"TYSON FOODS, INC.",Consumer Staples,Consumer Staples,-11.0,-5.0,6.0
2026-09-24,TT,TRANE TECHNOLOGIES PLC,Industrials,Industrials,42.0,4.0,-38.0
2026-09-24,TTD,"THE TRADE DESK, INC.",Communication Services,Communication Services,-18.0,-47.0,-29.0
2026-09-24,TTWO,"TAKE-TWO INTERACTIVE SOFTWARE, INC.",Communication Services,Communication Services,10.0,34.0,24.0
2026-09-24,TUR,ISHARES:MSCI TURKEY,,Foreign,22.0,37.0,15.0
2026-09-24,TXN,TEXAS INSTRUMENTS INC.,Information Technology,Information Technology,21.0,-5.0,-26.0
2026-09-24,TXT,TEXTRON INC.,Industrials,Industrials,8.0,12.0,4.0
2026-09-24,TYL,"TYLER TECHNOLOGIES, INC.",Information Technology,Information Technology,25.0,3.0,-22.0
2026-09-24,TYX,30 Y TSY YLD NDX,Yields,Yields,-16.0,-1.0,15.0
2026-09-24,UAL,"UNITED AIRLINES HOLDINGS, INC.",Industrials,Industrials,-25.0,4.0,29.0
2026-09-24,UBER,"UBER TECHNOLOGIES, INC.",Industrials,Industrials,-42.0,-33.0,9.0
2026-09-24,UDR,"UDR, INC.",Real Estate,Real Estate,20.0,24.0,4.0
2026-09-24,UHS,"UNIVERSAL HEALTH SERVICES, INC.",Health Care,Health Care,0.0,-2.0,-2.0
2026-09-24,ULTA,"ULTA BEAUTY, INC.",Consumer Discretionary,Consumer Discretionary,-15.0,-1.0,14.0
2026-09-24,UNG,UNITED STATES NAT GAS,Energy Complex,Commodities,22.0,-2.0,-24.0
2026-09-24,UNH,UNITEDHEALTH GROUP INC.,Health Care,Health Care,-17.0,-12.0,5.0
2026-09-24,UNP,UNION PACIFIC ,Industrials,Industrials,7.0,35.0,28.0
2026-09-24,UPS,"UNITED PARCEL SERVICE, INC.",Industrials,Industrials,26.0,-10.0,-36.0
2026-09-24,URA,GLBL X URANIUM ETF,,Commodities,15.0,-1.0,-16.0
2026-09-24,URI,"UNITED RENTALS, INC.",Industrials,Industrials,-11.0,-5.0,6.0
2026-09-24,URNM,SPROTT URANIUM MINERS,,MR Discretion,21.0,5.0,-16.0
2026-09-24,USB,U.S. BANCORP,Financials,Financials,-74.0,-10.0,64.0
2026-09-24,USO,UNITED STATES OIL FUND,Energy Complex,Commodities,6.0,12.0,6.0
2026-09-24,UUP,INVESCO DB USD IDX BL,,Currencies,-11.0,-31.0,-20.0
2026-09-24,V,VISA INC.,Financials,Financials,31.0,36.0,5.0
2026-09-24,VAL,VALARIS LIMITED,,MR Discretion,-35.0,26.0,61.0
2026-09-24,VEEV,VEEVA SYSTEMS INC.,Health Care,Health Care,-21.0,14.0,35.0
2026-09-24,VICI,VICI PROPERTIES INC.,Real Estate,Real Estate,-2.0,-41.0,-39.0
2026-09-24,VIX,CBOE MKT VOLATILITY IDX,,Volatility,0.0,-28.0,-28.0
2026-09-24,VLO,VALERO ENERGY ,Energy,Energy,-1.0,5.0,6.0
2026-09-24,VLTO,VERALTO ,Industrials,Industrials,-21.0,-42.0,-21.0
2026-09-24,VMC,VULCAN MATERIALS COMPANY,Materials,Materials,72.0,24.0,-48.0
2026-09-24,VNM,VANECK:VIETNAM,,Foreign,19.0,14.0,-5.0
2026-09-24,VRSK,"VERISK ANALYTICS, INC.",Industrials,Industrials,53.0,21.0,-32.0
2026-09-24,VRSN,"VERISIGN, INC.",Information Technology,Information Technology,61.0,34.0,-27.0
2026-09-24,VRT,VERTIV HOLDINGS CO,Industrials,Industrials,0.0,13.0,13.0
2026-09-24,VRTX,VERTEX PHARMACEUTICALS INC.,Health Care,Health Care,-12.0,8.0,20.0
2026-09-24,VST,VISTRA CORP.,Utilities,Utilities,11.0,-41.0,-52.0
2026-09-24,VTR,"VENTAS, INC.",Real Estate,Real Estate,8.0,17.0,9.0
2026-09-24,VTRS,VIATRIS INC.,Health Care,Health Care,-28.0,1.0,29.0
2026-09-24,VXN,CBOE NASDAQ MKT VOL NDX,,Volatility,-8.0,21.0,29.0
2026-09-24,VZ,VERIZON COMMUNICATIONS INC.,Communication Services,Communication Services,4.0,39.0,35.0
2026-09-24,WAB,WESTINGHOUSE AIR BRAKE TECHNOLOGIES ,Industrials,Industrials,27.0,54.0,27.0
2026-09-24,WAT,WATERS ,Health Care,Health Care,10.0,6.0,-4.0
2026-09-24,WBD,"WARNER BROS. DISCOVERY, INC.",Communication Services,Communication Services,46.0,54.0,8.0
2026-09-24,WDAY,"WORKDAY, INC.",Information Technology,Information Technology,-17.0,-32.0,-15.0
2026-09-24,WDC,WESTERN DIGITAL ,Information Technology,Information Technology,2.0,34.0,32.0
2026-09-24,WEAT,TEUCRIUM:WHEAT,,Commodities,-9.0,10.0,19.0
2026-09-24,WEC,"WEC ENERGY GROUP, INC.",Utilities,Utilities,-21.0,-13.0,8.0
2026-09-24,WELL,WELLTOWER INC.,Real Estate,Real Estate,60.0,40.0,-20.0
2026-09-24,WFC,WELLS FARGO & COMPANY,Financials,Financials,-20.0,18.0,38.0
2026-09-24,WM,"WASTE MANAGEMENT, INC.",Industrials,Industrials,19.0,20.0,1.0
2026-09-24,WMB,"THE WILLIAMS COMPANIES, INC.",Energy,Energy,25.0,9.0,-16.0
2026-09-24,WMT,WALMART INC.,Consumer Staples,Consumer Staples,-19.0,-41.0,-22.0
2026-09-24,WRB,W. R. BERKLEY ,Financials,Financials,-59.0,-38.0,21.0
2026-09-24,WSM,"WILLIAMS-SONOMA, INC.",Consumer Discretionary,Consumer Discretionary,10.0,10.0,0.0
2026-09-24,WST,"WEST PHARMACEUTICAL SERVICES, INC.",Health Care,Health Care,-57.0,-10.0,47.0
2026-09-24,WTW,WILLIS TOWERS WATSON,Financials,Financials,16.0,2.0,-14.0
2026-09-24,WY,WEYERHAEUSER COMPANY,Real Estate,Real Estate,-17.0,-13.0,4.0
2026-09-24,WYNN,"WYNN RESORTS, LIMITED",Consumer Discretionary,Consumer Discretionary,-22.0,11.0,33.0
2026-09-24,XEL,XCEL ENERGY INC.,Utilities,Utilities,30.0,2.0,-28.0
2026-09-24,XES,SPDR S&P OIL&GAS E&S,,MR Discretion,-44.0,8.0,52.0
2026-09-24,XLB,SEL SECTOR:MATRLS SPDR,,Sector & Style ETFs,0.0,27.0,27.0
2026-09-24,XLC,SEL SECTOR:COMM SVC SPDR,,Sector & Style ETFs,-38.0,-43.0,-5.0
2026-09-24,XLE,SEL SECTOR:ENERGY SPDR,,Sector & Style ETFs,-33.0,5.0,38.0
2026-09-24,XLF,SEL SECTOR:FINL S SPDR,,Sector & Style ETFs,-10.0,13.0,23.0
2026-09-24,XLI,SEL SECTOR:INDUST SPDR,,Sector & Style ETFs,45.0,27.0,-18.0
2026-09-24,XLK,SEL SECTOR:TECH SPDR,,Sector & Style ETFs,11.0,25.0,14.0
2026-09-24,XLP,SEL SECTOR:C STP SPDR,,Sector & Style ETFs,-20.0,13.0,33.0
2026-09-24,XLRE,SEL SECTOR:RL EST SPDR,,Sector & Style ETFs,44.0,27.0,-17.0
2026-09-24,XLU,SEL SECTOR:UTIL SPDR,,Sector & Style ETFs,-11.0,-31.0,-20.0
2026-09-24,XLV,SEL SECTOR:H CARE SPDR,,Sector & Style ETFs,-37.0,14.0,51.0
2026-09-24,XLY,SEL SECTOR:C DSC SPDR,,Sector & Style ETFs,0.0,12.0,12.0
2026-09-24,XOM,EXXON MOBIL ,Energy,Energy,-34.0,37.0,71.0
2026-09-24,XOP,SPDR S&P OIL&GAS EXP,,MR Discretion,-27.0,24.0,51.0
2026-09-24,XYL,XYLEM INC.,Industrials,Industrials,19.0,2.0,-17.0
2026-09-24,XYZ,"BLOCK, INC.",Financials,Financials,4.0,36.0,32.0
2026-09-24,YUM,"YUM! BRANDS, INC.",Consumer Discretionary,Consumer Discretionary,42.0,6.0,-36.0
2026-09-24,ZBH,"ZIMMER BIOMET HOLDINGS, INC.",Health Care,Health Care,0.0,13.0,13.0
2026-09-24,ZBRA,ZEBRA TECHNOLOGIES ,Information Technology,Information Technology,-36.0,-31.0,5.0
2026-09-24,ZTS,ZOETIS INC.,Health Care,Health Care,9.0,4.0,-5.0
