Ticker,Ticker_name,Category,Date,Close,day_pct_change,week_pct_change,month_pct_change,quarter_pct_change
EDV,VANGUARD EXT DUR T;ETF,Bonds,2026-09-11,59.02,0.0029,-0.0211,-0.0191,-0.0931
HYD,VANECK:HIGH YIELD MUNI,Bonds,2026-09-11,49.05,0.0025,-0.0085,-0.0186,-0.0478
HYG,ISHARES:IBOXX $HY CORP,Bonds,2026-09-11,78.6,-0.0003,-0.0071,-0.0152,-0.0171
IEF,ISHARES:7-10 TRS BD ETF,Bonds,2026-09-11,91.01,-0.0019,-0.0134,-0.0187,-0.0376
JNK,SPDR BBG HIGH YIELD BD,Bonds,2026-09-11,94.61,-0.0002,-0.0069,-0.0151,-0.0183
LQD,ISHARES:IBOXX $IG CORP,Bonds,2026-09-11,104.32,-0.0004,-0.011,-0.0178,-0.0436
MUB,ISHARES:NATL MUNI BOND,Bonds,2026-09-11,103.17,0.0044,-0.0083,-0.0184,-0.0413
PFF,ISHARES:PREF AND INC SEC,Bonds,2026-09-11,30.15,0.006,-0.0069,-0.0095,-0.0112
SCHP,SCHWAB STR:US TIPS,Bonds,2026-09-11,25.59,-0.0043,-0.0097,-0.0124,-0.0343
SHY,ISHARES:1-3 TRS BD ETF,Bonds,2026-09-11,81.37,-0.0006,-0.0039,-0.0063,-0.009
STIP,ISHARES:0-5 TIPS BD ETF,Bonds,2026-09-11,100.3,-0.0033,-0.0051,-0.0038,-0.0182
TIP,ISHARES:TIPS BD ETF,Bonds,2026-09-11,105.84,-0.0046,-0.0106,-0.0092,-0.0328
TLT,ISHARES:20+ TRS BD ETF,Bonds,2026-09-11,80.87,0.0011,-0.0163,-0.02,-0.0642
CANE,TEUCRIUM:SUGAR,Commodities,2026-09-11,11.52,-0.0254,0.0088,0.0177,0.1767
COMT,ISHARES:GSCI COMM DYN RS,Commodities,2026-09-11,37.53,-0.0144,0.0434,0.0708,0.2358
CORN,TEUCRIUM:CORN,Commodities,2026-09-11,19.92,-0.0045,-0.0075,-0.007,0.1893
CPER,UNITED STATES COPPER IDX,Commodities,2026-09-11,39.18,0.0036,-0.0193,-0.0205,0.0384
DBA,INVESCO DB MS AGRI,Commodities,2026-09-11,28.93,-0.0133,0.0028,-0.0133,0.0847
DBB,INVESCO DB MS BMTL,Commodities,2026-09-11,25.41,0.0028,-0.0132,-0.0078,0.0544
DBC,INVESCO DB CM IDX,Commodities,2026-09-11,33.16,-0.0137,0.0395,0.0594,0.2438
GDX,VANECK:GOLD MINERS,Commodities,2026-09-11,97.1,0.0111,-0.0218,-0.0143,0.2869
GDXJ,VANECK:JR GOLD MINERS,Commodities,2026-09-11,125.41,0.0106,-0.0281,-0.0197,0.2764
GLD,SPDR GOLD,Commodities,2026-09-11,398.77,0.0061,-0.0197,-0.0236,0.0825
PPLT,ABRDN:PHYSICAL PLATINUM,Commodities,2026-09-11,16.26,0.0081,-0.0145,0.0006,0.1507
SILJ,ETFMG PRIME JR SILVR MNR,Commodities,2026-09-11,30.49,-0.0052,-0.0376,-0.0271,0.1763
SLV,ISHARES:SILVER TRUST,Commodities,2026-09-11,58.12,0.0108,-0.0284,-0.0334,0.087
SOYB,TEUCRIUM:SOYBEAN,Commodities,2026-09-11,27.5,-0.0227,-0.0054,0.0095,0.127
TAGS,TEUCRIUM:AGRICULTURAL,Commodities,2026-09-11,28.0,-0.0189,-0.0046,-0.0123,0.1745
UNG,UNITED STATES NAT GAS,Commodities,2026-09-11,10.17,-0.002,-0.0369,-0.0351,-0.1323
URA,GLBL X URANIUM ETF,Commodities,2026-09-11,43.53,-0.0327,-0.0549,-0.0435,-0.0039
USO,UNITED STATES OIL FUND,Commodities,2026-09-11,154.9,-0.022,0.0912,0.1586,0.4553
WEAT,TEUCRIUM:WHEAT,Commodities,2026-09-11,26.25,-0.0172,-0.0091,-0.0561,0.1916
CHTR,"CHARTER COMMUNICATIONS, INC.",Communication Services,2026-09-11,145.77,0.0371,-0.0409,-0.0438,0.025
CMCSA,COMCAST ,Communication Services,2026-09-11,25.2,0.0012,-0.0487,-0.0533,0.0265
DIS,THE WALT DISNEY COMPANY,Communication Services,2026-09-11,106.55,0.0069,0.0118,-0.0093,0.107
ECHO,ECHOSTAR CORPORATION,Communication Services,2026-09-11,93.14,0.014,0.0372,0.0775,-0.0824
FOXA,FOX ,Communication Services,2026-09-11,65.94,0.0117,0.0079,-0.0209,0.2642
GOOGL,ALPHABET INC.,Communication Services,2026-09-11,338.5,0.0177,0.0001,-0.0025,-0.0528
LYV,"LIVE NATION ENTERTAINMENT, INC.",Communication Services,2026-09-11,170.15,0.0004,-0.0193,-0.0541,-0.0708
META,"META PLATFORMS, INC.",Communication Services,2026-09-11,648.03,0.0057,0.0507,0.1322,0.1504
NFLX,"NETFLIX, INC.",Communication Services,2026-09-11,77.4,0.0183,-0.0109,-0.045,0.084
NWSA,NEWS CORP.,Communication Services,2026-09-11,29.44,0.002,-0.0313,-0.0414,0.1857
OMC,OMNICOM GROUP INC.,Communication Services,2026-09-11,79.01,-0.0055,-0.0437,-0.0973,0.0849
PSKY,PARAMOUNT SKYDANCE ,Communication Services,2026-09-11,10.6,0.0212,-0.0239,-0.0284,0.0751
RDDT,"REDDIT, INC.",Communication Services,2026-09-11,157.77,0.0156,0.0214,0.0674,-0.0911
T,AT&T INC.,Communication Services,2026-09-11,26.06,0.02,0.0148,0.0066,0.2589
TKO,"TKO GROUP HOLDINGS, INC.",Communication Services,2026-09-11,190.31,0.0035,0.0231,0.0422,-0.0546
TMUS,"T-MOBILE US, INC.",Communication Services,2026-09-11,182.33,0.0292,0.0045,0.0105,0.087
TTD,"THE TRADE DESK, INC.",Communication Services,2026-09-11,14.34,0.0265,-0.0062,0.0452,-0.2069
TTWO,"TAKE-TWO INTERACTIVE SOFTWARE, INC.",Communication Services,2026-09-11,215.47,-0.0069,0.0036,-0.0193,-0.1381
VZ,VERIZON COMMUNICATIONS INC.,Communication Services,2026-09-11,50.61,0.0128,0.0094,0.0118,0.1953
WBD,"WARNER BROS. DISCOVERY, INC.",Communication Services,2026-09-11,28.04,-0.0057,-0.0074,-0.0172,0.0518
ABNB,"AIRBNB, INC.",Consumer Discretionary,2026-09-11,170.19,0.0152,-0.0646,-0.0711,0.1893
AMZN,"AMAZON.COM, INC.",Consumer Discretionary,2026-09-11,256.78,0.0194,-0.0067,-0.0115,0.0774
APTV,APTIV PLC,Consumer Discretionary,2026-09-11,45.54,-0.0033,-0.0503,0.0174,-0.2581
AZO,"AUTOZONE, INC.",Consumer Discretionary,2026-09-11,2876.75,-0.0016,-0.0357,-0.0383,-0.0999
BBY,"BEST BUY CO., INC.",Consumer Discretionary,2026-09-11,90.8,0.0308,0.0059,0.1329,0.1966
BKNG,BOOKING HOLDINGS INC.,Consumer Discretionary,2026-09-11,173.92,-0.0024,-0.1002,-0.1264,-0.0242
CCL,CARNIVAL CORP,Consumer Discretionary,2026-09-11,22.75,0.0125,-0.0323,-0.0477,-0.2037
CMG,"CHIPOTLE MEXICAN GRILL, INC.",Consumer Discretionary,2026-09-11,36.2,0.0019,-0.0206,-0.0481,0.0647
CVNA,CARVANA CO.,Consumer Discretionary,2026-09-11,69.16,-0.0159,-0.0728,-0.0585,0.0507
DASH,"DOORDASH, INC.",Consumer Discretionary,2026-09-11,201.95,0.0046,-0.0462,-0.1285,0.0944
DECK,DECKERS OUTDOOR ,Consumer Discretionary,2026-09-11,81.27,0.0174,-0.0529,-0.0667,-0.1815
DHI,"D.R. HORTON, INC.",Consumer Discretionary,2026-09-11,137.89,0.0171,-0.034,-0.0461,-0.1534
DPZ,"DOMINO'S PIZZA, INC.",Consumer Discretionary,2026-09-11,311.6,-0.018,-0.0864,-0.089,0.0526
DRI,"DARDEN RESTAURANTS, INC.",Consumer Discretionary,2026-09-11,209.89,0.0114,-0.0322,-0.0204,0.0188
EBAY,EBAY INC.,Consumer Discretionary,2026-09-11,107.75,0.0259,0.042,0.0405,-0.0358
EXPE,"EXPEDIA GROUP, INC.",Consumer Discretionary,2026-09-11,280.83,0.0143,-0.0577,-0.1144,0.0975
F,FORD MOTOR COMPANY,Consumer Discretionary,2026-09-11,13.97,0.0065,-0.0445,0.0022,0.005
GM,GENERAL MOTORS COMPANY,Consumer Discretionary,2026-09-11,85.62,-0.0058,-0.0244,-0.0081,0.1108
GPC,GENUINE PARTS COMPANY,Consumer Discretionary,2026-09-11,133.68,-0.0036,-0.0319,-0.0147,0.1331
GRMN,GARMIN LTD,Consumer Discretionary,2026-09-11,282.67,0.0385,0.0204,-0.0051,0.19
HAS,"HASBRO, INC.",Consumer Discretionary,2026-09-11,91.54,0.0153,-0.0107,-0.0272,0.1084
HD,"THE HOME DEPOT, INC.",Consumer Discretionary,2026-09-11,308.74,0.01,-0.0383,-0.0582,-0.1246
HLT,HILTON WORLDWIDE HOLDINGS INC.,Consumer Discretionary,2026-09-11,306.19,-0.0002,-0.016,-0.0319,-0.0734
LEN,LENNAR ,Consumer Discretionary,2026-09-11,79.6,0.0218,-0.0476,-0.0536,-0.1203
LOW,"LOWE'S COMPANIES, INC.",Consumer Discretionary,2026-09-11,196.82,0.0012,-0.0373,-0.0385,-0.1074
LULU,LULULEMON ATHLETICA INC.,Consumer Discretionary,2026-09-11,98.97,0.0216,-0.0163,-0.177,-0.1332
LVS,LAS VEGAS SANDS CORP.,Consumer Discretionary,2026-09-11,42.83,0.0054,-0.0347,-0.0224,-0.0727
MAR,"MARRIOTT INTERNATIONAL, INC.",Consumer Discretionary,2026-09-11,334.69,0.0171,-0.0054,-0.0207,-0.0969
MCD,MCDONALD'S ,Consumer Discretionary,2026-09-11,252.53,-0.0021,-0.0124,-0.0418,-0.0658
MGM,MGM RESORTS INTERNATIONAL,Consumer Discretionary,2026-09-11,39.89,-0.0206,-0.0323,-0.0355,-0.1657
NCLH,NORWEGIAN CRUISE LINE HOLDINGS LTD.,Consumer Discretionary,2026-09-11,14.82,0.0172,-0.0482,-0.0818,-0.298
NKE,"NIKE, INC.",Consumer Discretionary,2026-09-11,36.8,0.0049,-0.0417,-0.0579,-0.1035
NVR,"NVR, INC.",Consumer Discretionary,2026-09-11,6160.76,0.0119,-0.0219,-0.0245,-0.0958
ORLY,"O'REILLY AUTOMOTIVE, INC.",Consumer Discretionary,2026-09-11,85.82,0.0036,-0.0236,-0.0336,-0.0681
PHM,"PULTEGROUP, INC.",Consumer Discretionary,2026-09-11,118.26,0.0159,-0.0497,-0.0638,-0.1381
RCL,ROYAL CARIBBEAN CRUISES LTD.,Consumer Discretionary,2026-09-11,260.14,0.0044,-0.019,-0.032,-0.1807
RL,RALPH LAUREN ,Consumer Discretionary,2026-09-11,339.09,0.0072,-0.0345,-0.0225,-0.1553
ROST,"ROSS STORES, INC.",Consumer Discretionary,2026-09-11,230.74,0.0233,0.0002,0.0096,0.084
SBUX,STARBUCKS ,Consumer Discretionary,2026-09-11,98.74,-0.0048,-0.0548,-0.0707,-0.0338
TJX,"THE TJX COMPANIES, INC.",Consumer Discretionary,2026-09-11,126.02,-0.0032,-0.0459,-0.0589,-0.1682
TPR,"TAPESTRY, INC.",Consumer Discretionary,2026-09-11,118.49,0.0226,-0.0299,-0.0397,-0.1905
TSCO,TRACTOR SUPPLY COMPANY,Consumer Discretionary,2026-09-11,33.01,-0.0152,-0.0566,-0.0542,0.0443
TSLA,"TESLA, INC.",Consumer Discretionary,2026-09-11,365.44,0.0052,0.0321,-0.0068,-0.1311
ULTA,"ULTA BEAUTY, INC.",Consumer Discretionary,2026-09-11,546.78,0.0208,-0.0307,0.018,0.2124
WSM,"WILLIAMS-SONOMA, INC.",Consumer Discretionary,2026-09-11,226.23,0.0111,-0.0052,-0.0088,-0.0295
WYNN,"WYNN RESORTS, LIMITED",Consumer Discretionary,2026-09-11,87.7,-0.0081,-0.0419,-0.0392,-0.0967
YUM,"YUM! BRANDS, INC.",Consumer Discretionary,2026-09-11,140.87,-0.021,-0.0653,-0.0811,-0.1188
ADM,ARCHER-DANIELS-MIDLAND COMPANY.,Consumer Staples,2026-09-11,86.72,-0.0022,0.0249,0.0668,0.1351
BF.B,BROWN-FORMAN ,Consumer Staples,2026-09-11,26.22,-0.0139,-0.0191,-0.0132,-0.0161
BG,BUNGE LIMITED,Consumer Staples,2026-09-11,122.41,-0.0175,0.0312,0.0534,0.1469
CAG,"CONAGRA BRANDS, INC.",Consumer Staples,2026-09-11,14.6,-0.0068,-0.0568,-0.0886,0.0847
CASY,"CASEY'S GENERAL STORES, INC.",Consumer Staples,2026-09-11,615.47,-0.0194,-0.186,-0.1818,-0.2256
CHD,"CHURCH & DWIGHT CO., INC.",Consumer Staples,2026-09-11,94.15,0.0022,-0.0446,-0.0564,-0.0282
CL,COLGATE-PALMOLIVE COMPANY,Consumer Staples,2026-09-11,86.8,-0.0125,-0.0222,-0.0336,-0.0532
CLX,THE CLOROX COMPANY,Consumer Staples,2026-09-11,87.76,-0.0114,-0.057,-0.1016,-0.0805
COST,COSTCO WHOLESALE ,Consumer Staples,2026-09-11,904.77,0.0026,-0.012,-0.0414,-0.0328
DG,DOLLAR GENERAL ,Consumer Staples,2026-09-11,124.58,0.0129,-0.0648,-0.0171,0.0823
DLTR,"DOLLAR TREE, INC.",Consumer Staples,2026-09-11,118.17,-0.0041,-0.1008,-0.0665,-0.023
EL,THE ESTEE LAUDER COMPANIES INC.,Consumer Staples,2026-09-11,97.12,0.0067,-0.0649,-0.0506,0.2301
GIS,"GENERAL MILLS, INC.",Consumer Staples,2026-09-11,35.85,-0.0031,-0.0637,-0.1299,0.0302
HRL,HORMEL FOODS ,Consumer Staples,2026-09-11,20.57,-0.013,-0.045,-0.0586,-0.1712
HSY,THE HERSHEY COMPANY,Consumer Staples,2026-09-11,173.32,-0.0059,0.001,-0.0164,-0.0121
KDP,KEURIG DR PEPPER INC.,Consumer Staples,2026-09-11,31.39,-0.0022,-0.0368,-0.0148,-0.0409
KHC,THE KRAFT HEINZ COMPANY,Consumer Staples,2026-09-11,24.6,0.0086,-0.0101,-0.0417,0.0415
KMB,KIMBERLY-CLARK ,Consumer Staples,2026-09-11,98.15,-0.0034,-0.0649,-0.0908,-0.1059
KO,THE COCA-COLA COMPANY,Consumer Staples,2026-09-11,88.29,0.0052,0.0025,-0.0043,0.0864
KR,THE KROGER CO.,Consumer Staples,2026-09-11,58.49,0.027,-0.0017,0.0165,0.0533
KVUE,KENVUE INC.,Consumer Staples,2026-09-11,17.78,-0.0006,-0.0512,-0.0583,-0.0696
MDLZ,"MONDELEZ INTERNATIONAL, INC.",Consumer Staples,2026-09-11,62.44,-0.0005,0.0189,0.006,0.0795
MKC,"MCCORMICK & COMPANY, INC.",Consumer Staples,2026-09-11,51.32,0.0043,-0.0146,-0.0535,0.0179
MNST,MONSTER BEVERAGE ,Consumer Staples,2026-09-11,43.4,0.0072,-0.0096,-0.0549,-0.097
MO,"ALTRIA GROUP, INC.",Consumer Staples,2026-09-11,68.98,0.0028,0.0015,0.0073,-0.0413
PEP,"PEPSICO, INC.",Consumer Staples,2026-09-11,136.32,-0.0024,-0.0095,-0.0286,0.0068
PG,THE PROCTER & GAMBLE COMPANY,Consumer Staples,2026-09-11,145.27,0.0161,-0.008,0.001,-0.0093
PM,PHILIP MORRIS INTERNATIONAL INC.,Consumer Staples,2026-09-11,191.06,0.0068,0.0467,0.0201,0.0561
SJM,THE J. M. SMUCKER COMPANY,Consumer Staples,2026-09-11,121.14,0.0006,-0.0392,-0.0764,0.0768
STZ,"CONSTELLATION BRANDS, INC.",Consumer Staples,2026-09-11,122.45,-0.011,-0.0447,-0.0625,-0.1196
SYY,SYSCO ,Consumer Staples,2026-09-11,83.21,0.0109,0.0395,0.0263,-0.0044
TAP,MOLSON COORS BEVERAGE COMPANY,Consumer Staples,2026-09-11,38.93,0.0127,-0.0388,-0.0209,-0.0008
TGT,TARGET ,Consumer Staples,2026-09-11,155.83,0.0006,-0.0524,-0.0314,0.1931
TSN,"TYSON FOODS, INC.",Consumer Staples,2026-09-11,52.98,0.0099,0.0303,-0.0392,-0.0746
WMT,WALMART INC.,Consumer Staples,2026-09-11,107.15,0.0134,0.0001,0.0217,-0.0539
FXA,INVESCO:AU DOLLAR,Currencies,2026-09-11,71.02,0.0024,-0.0045,0.0004,0.0356
FXB,INVESCO:GBP STERLING,Currencies,2026-09-11,130.02,0.0013,0.0009,-0.0027,0.0186
FXC,INVESCO:CANADIAN DOLLAR,Currencies,2026-09-11,70.52,-0.0021,-0.0023,-0.0014,0.0231
FXE,INVESCO:EURO,Currencies,2026-09-11,107.01,-0.0011,-0.0013,-0.0022,0.0149
FXY,INVESCO:JAPANESE YEN,Currencies,2026-09-11,59.68,0.0047,0.0172,0.0399,0.0574
UUP,INVESCO DB USD IDX BL,Currencies,2026-09-11,28.07,0.0014,-0.0004,-0.0018,-0.012
APA,APA ,Energy,2026-09-11,44.73,0.0045,0.0458,0.0366,0.3733
BKR,BAKER HUGHES COMPANY,Energy,2026-09-11,59.06,-0.0057,-0.0699,-0.0707,0.0641
COP,CONOCOPHILLIPS,Energy,2026-09-11,137.35,0.0023,0.023,0.0367,0.3212
CVX,CHEVRON ,Energy,2026-09-11,214.06,0.0061,0.0262,0.0384,0.2914
DVN,DEVON ENERGY ,Energy,2026-09-11,50.23,0.0042,0.0452,0.0355,0.2156
EOG,"EOG RESOURCES, INC.",Energy,2026-09-11,147.36,-0.0007,0.0149,0.0166,0.1359
EQT,EQT ,Energy,2026-09-11,54.07,-0.0162,-0.0199,-0.002,0.0169
EXE,EXPAND ENERGY ,Energy,2026-09-11,94.83,-0.0211,-0.0315,-0.0339,0.0399
FANG,"DIAMONDBACK ENERGY, INC.",Energy,2026-09-11,204.97,-0.002,0.0289,0.0224,0.1661
HAL,HALLIBURTON COMPANY,Energy,2026-09-11,35.84,-0.0064,-0.0332,-0.0274,0.0557
KMI,"KINDER MORGAN, INC.",Energy,2026-09-11,30.86,-0.0029,-0.0172,-0.0428,-0.0347
MPC,MARATHON PETROLEUM ,Energy,2026-09-11,395.93,0.0089,0.0181,0.0606,0.5486
OKE,"ONEOK, INC.",Energy,2026-09-11,96.62,0.0094,0.0125,0.0064,0.1113
OXY,OCCIDENTAL PETROLEUM ,Energy,2026-09-11,61.46,0.0049,0.0237,0.0213,0.2654
PSX,PHILLIPS 66,Energy,2026-09-11,259.47,0.0037,0.0172,0.0523,0.5349
SLB,SCHLUMBERGER N.V.,Energy,2026-09-11,56.06,0.0009,-0.0252,-0.0672,0.2059
TPL,TEXAS PACIFIC LAND ,Energy,2026-09-11,369.1,0.0082,0.0184,-0.014,-0.1566
TRGP,TARGA RESOURCES CORP.,Energy,2026-09-11,290.25,-0.0057,0.0007,-0.0116,0.0825
VLO,VALERO ENERGY ,Energy,2026-09-11,390.42,0.0129,0.0531,0.0878,0.4991
WMB,"THE WILLIAMS COMPANIES, INC.",Energy,2026-09-11,72.85,0.0004,-0.0175,-0.0293,-0.02
XOM,EXXON MOBIL ,Energy,2026-09-11,165.99,0.0046,0.0409,0.0313,0.2141
ACGL,ARCH CAPITAL GROUP LTD.,Financials,2026-09-11,96.09,-0.0011,-0.0205,-0.0202,-0.01
AFL,AFLAC INC.,Financials,2026-09-11,115.28,0.0071,-0.0165,-0.0049,-0.0168
AIG,"AMERICAN INTERNATIONAL GROUP, INC.",Financials,2026-09-11,75.33,0.004,-0.0115,-0.0135,0.0107
AIZ,"ASSURANT, INC.",Financials,2026-09-11,282.46,0.0053,-0.0115,0.0021,0.0519
AJG,ARTHUR J. GALLAGHER & CO.,Financials,2026-09-11,240.32,-0.0123,-0.0852,-0.0833,0.0468
ALL,THE ALLSTATE ,Financials,2026-09-11,253.71,0.0076,-0.0226,-0.0159,0.0663
AMP,"AMERIPRISE FINANCIAL, INC.",Financials,2026-09-11,557.61,0.0074,-0.0053,0.0081,0.2155
AON,AON PLC,Financials,2026-09-11,302.69,-0.0165,-0.0631,-0.0586,-0.0874
APO,"APOLLO GLOBAL MANAGEMENT, INC.",Financials,2026-09-11,128.98,0.0084,-0.0351,-0.0556,0.0902
ARES,ARES MANAGEMENT CORP,Financials,2026-09-11,131.64,0.0077,-0.0607,-0.0805,0.1826
AXP,AMERICAN EXPRESS COMPANY,Financials,2026-09-11,324.69,0.0124,-0.0045,-0.0166,-0.0401
BAC,BANK OF AMERICA ,Financials,2026-09-11,62.69,0.0021,0.0002,0.0121,0.1002
BEN,"FRANKLIN RESOURCES, INC.",Financials,2026-09-11,33.65,-0.0003,-0.0311,-0.0146,0.0114
BLK,"BLACKROCK, INC.",Financials,2026-09-11,1079.65,0.0162,-0.038,-0.0657,0.1228
BNY,THE BANK OF NEW YORK MELLON ,Financials,2026-09-11,162.66,0.0004,-0.0132,0.0086,0.1248
BRK.B,"BERKSHIRE HATHAWAY INC.,",Financials,2026-09-11,510.37,0.0066,0.0086,0.0126,0.0199
BRO,"BROWN & BROWN, INC.",Financials,2026-09-11,66.19,-0.0021,-0.0732,-0.0829,0.0318
BX,BLACKSTONE INC,Financials,2026-09-11,128.51,0.0247,-0.0561,-0.1028,0.0921
C,CITIGROUP INC.,Financials,2026-09-11,138.82,0.0023,0.008,0.0547,-0.0081
CB,CHUBB LTD,Financials,2026-09-11,338.25,-0.0012,-0.0098,-0.001,-0.0073
CBOE,"CBOE GLOBAL MARKETS, INC.",Financials,2026-09-11,281.04,-0.0224,-0.0581,-0.0638,0.1581
CFG,"CITIZENS FINANCIAL GROUP, INC.",Financials,2026-09-11,70.48,0.0122,-0.0042,0.0234,0.0059
CINF,CINCINNATI FINANCIAL ,Financials,2026-09-11,169.8,0.0012,-0.0076,-0.0006,-0.0829
CME,CME GROUP INC.,Financials,2026-09-11,275.54,0.0054,-0.0204,-0.0349,0.2477
COF,CAPITAL ONE FINANCIAL ,Financials,2026-09-11,208.3,0.0057,-0.0515,-0.0289,0.0383
COIN,"COINBASE GLOBAL, INC.",Financials,2026-09-11,175.26,0.0173,-0.0508,-0.0684,0.1989
CPAY,"FLEETCOR TECHNOLOGIES, INC.",Financials,2026-09-11,408.22,-0.0006,-0.0196,0.0097,0.2249
EG,"EVEREST GROUP, LTD.",Financials,2026-09-11,371.71,0.0018,-0.0241,-0.0078,0.0405
ERIE,ERIE INDEMNITY COMPANY,Financials,2026-09-11,245.03,0.0193,-0.0307,-0.0412,0.022
FDS,FACTSET RESEARCH SYSTEMS INC.,Financials,2026-09-11,259.71,-0.0122,-0.1399,-0.1717,0.1288
FIS,FIDELITY NATIONAL INFORMATION SERVICES,Financials,2026-09-11,38.14,-0.0099,-0.0895,-0.0645,-0.019
FISV,"FISERV, INC.",Financials,2026-09-11,51.58,0.0542,-0.0268,-0.0325,0.0516
FITB,FIFTH THIRD BANCORP,Financials,2026-09-11,54.72,0.0053,-0.0027,0.0177,-0.0293
GL,GLOBE LIFE INC.,Financials,2026-09-11,171.17,0.0022,-0.0178,-0.0087,-0.042
GPN,GLOBAL PAYMENTS INC.,Financials,2026-09-11,88.29,-0.0029,-0.0459,-0.0303,0.2168
GS,"THE GOLDMAN SACHS GROUP, INC.",Financials,2026-09-11,1029.18,0.0092,-0.0091,0.0032,0.0176
HBAN,HUNTINGTON BANCSHARES INC.,Financials,2026-09-11,16.86,0.0078,-0.01,0.0102,-0.0491
HIG,THE HARTFORD FINANCIAL SERVICES GROUP,Financials,2026-09-11,136.36,-0.0032,-0.0145,-0.0074,0.029
HOOD,"ROBINHOOD MARKETS, INC.",Financials,2026-09-11,112.57,-0.0067,-0.0781,0.074,0.1226
IBKR,"INTERACTIVE BROKERS GROUP, INC.",Financials,2026-09-11,91.37,0.0218,-0.0135,-0.0608,0.0497
ICE,"INTERCONTINENTAL EXCHANGE, INC.",Financials,2026-09-11,157.4,0.0102,-0.0239,-0.0205,0.2785
IVZ,INVESCO LTD.,Financials,2026-09-11,32.28,0.011,-0.0239,-0.0153,0.2232
JKHY,"JACK HENRY & ASSOCIATES, INC.",Financials,2026-09-11,161.12,-0.0019,-0.0273,-0.0404,0.1697
JPM,JPMORGAN CHASE & CO.,Financials,2026-09-11,356.23,0.0076,-0.0067,0.0006,0.0883
KEY,KEYCORP,Financials,2026-09-11,21.84,0.0051,-0.0153,0.0106,-0.0525
KKR,KKR & CO. INC.,Financials,2026-09-11,101.08,0.0021,-0.0617,-0.0787,0.1013
L,LOEWS ,Financials,2026-09-11,108.79,-0.0027,-0.0047,0.0046,-0.039
MA,MASTERCARD INC..,Financials,2026-09-11,569.19,0.0068,-0.0173,-0.0341,0.1082
MCO,MOODY'S ,Financials,2026-09-11,474.95,0.0162,-0.0377,-0.0588,0.0486
MET,"METLIFE, INC.",Financials,2026-09-11,97.14,0.0037,-0.0049,0.0207,0.1481
MRSH,"MARSH & MCLENNAN COMPANIES, INC.",Financials,2026-09-11,176.91,-0.0021,-0.0475,-0.0679,0.0614
MS,MORGAN STANLEY,Financials,2026-09-11,214.38,0.0081,-0.0153,0.005,0.0255
MSCI,MSCI INC.,Financials,2026-09-11,554.61,0.0128,-0.0321,-0.0281,-0.0097
MTB,M&T BANK ,Financials,2026-09-11,239.83,0.0034,-0.0,0.0252,0.0076
NDAQ,"NASDAQ, INC.",Financials,2026-09-11,91.19,-0.0089,-0.0587,-0.0752,0.1569
NTRS,NORTHERN TRUST ,Financials,2026-09-11,189.19,0.0107,0.0137,0.0196,0.0883
PFG,"PRINCIPAL FINANCIAL GROUP, INC.",Financials,2026-09-11,116.17,0.0105,-0.0044,0.0546,0.0778
PGR,THE PROGRESSIVE ,Financials,2026-09-11,217.62,0.0066,-0.0061,-0.0021,-0.0038
PNC,"THE PNC FINANCIAL SERVICES GROUP, INC.",Financials,2026-09-11,244.24,0.0052,-0.0055,0.0192,-0.008
PRU,"PRUDENTIAL FINANCIAL, INC.",Financials,2026-09-11,119.24,0.0064,-0.0228,0.0139,0.1048
PYPL,"PAYPAL HOLDINGS, INC.",Financials,2026-09-11,53.72,0.0077,-0.0226,0.0199,0.2441
RF,REGIONS FINANCIAL ,Financials,2026-09-11,30.13,0.006,-0.0095,0.0084,-0.0023
RJF,"RAYMOND JAMES FINANCIAL, INC.",Financials,2026-09-11,173.46,-0.0004,-0.0271,-0.0264,0.141
SCHW,THE CHARLES SCHWAB ,Financials,2026-09-11,107.25,-0.0007,-0.0187,-0.0234,0.1623
SPGI,S&P GLOBAL INC.,Financials,2026-09-11,410.71,0.0007,-0.074,-0.0577,0.0085
STT,STATE STREET ,Financials,2026-09-11,193.4,0.011,-0.0044,0.0106,0.1403
SYF,SYNCHRONY FINANCIAL,Financials,2026-09-11,75.99,0.0073,-0.0492,-0.0141,-0.0008
TFC,TRUIST FINANCIAL ,Financials,2026-09-11,50.4,0.0014,-0.0242,0.0165,0.0116
TROW,"T. ROWE PRICE GROUP, INC.",Financials,2026-09-11,106.29,-0.0117,-0.0318,-0.0448,-0.0651
TRV,"THE TRAVELERS COMPANIES, INC.",Financials,2026-09-11,375.2,0.0208,0.0158,0.0253,0.1366
USB,U.S. BANCORP,Financials,2026-09-11,62.84,0.0069,-0.0084,0.0205,0.0404
V,VISA INC.,Financials,2026-09-11,370.45,0.0088,-0.0123,-0.0235,0.0797
WFC,WELLS FARGO & COMPANY,Financials,2026-09-11,90.29,0.0094,0.0036,0.0451,0.0926
WRB,W. R. BERKLEY ,Financials,2026-09-11,69.9,-0.0021,0.011,0.0346,-0.0089
WTW,WILLIS TOWERS WATSON,Financials,2026-09-11,315.61,0.0006,-0.0571,-0.0678,0.2075
XYZ,"BLOCK, INC.",Financials,2026-09-11,79.21,0.0018,-0.0429,-0.0343,0.0422
ECH,ISHARES:MSCI CHILE,Foreign,2026-09-11,39.48,-0.0053,-0.0333,-0.0252,-0.0055
EDEN,ISHARES:MSCI DENMARK,Foreign,2026-09-11,115.22,-0.0093,-0.0308,-0.018,0.0441
EFNL,ISHARES:MSCI FINLAND,Foreign,2026-09-11,55.92,0.0096,0.0164,0.0208,0.0454
EIDO,ISHARES:MSCI INDONESIA,Foreign,2026-09-11,12.75,-0.0078,-0.0237,0.0016,0.1273
EIRL,ISHARES:MSCI IRELAND,Foreign,2026-09-11,84.48,0.0063,-0.0051,0.018,0.0782
EIS,ISHARES:MSCI ISRAEL,Foreign,2026-09-11,123.72,0.0128,-0.0205,0.0075,0.0249
ENZL,ISHARES:MSCI NEW ZLND,Foreign,2026-09-11,45.8,-0.0046,-0.0462,-0.0482,0.0225
EPHE,ISHARES:MSCI PHILIPPINES,Foreign,2026-09-11,24.12,-0.0025,-0.0054,0.0156,-0.0017
EPOL,ISHARES:MSCI POLAND,Foreign,2026-09-11,45.56,0.0091,0.0098,0.0331,0.18
EPU,ISHARES:MSCI PERU,Foreign,2026-09-11,90.72,-0.0007,-0.0157,-0.0092,0.0865
EWA,ISHARES:MSCI AUSTRALIA,Foreign,2026-09-11,29.27,0.0065,-0.0318,-0.025,0.0394
EWC,ISHARES:MSCI CANADA,Foreign,2026-09-11,60.58,0.0048,-0.0235,-0.0138,0.051
EWD,ISHARES:MSCI SWEDEN,Foreign,2026-09-11,51.9,0.0062,-0.0233,-0.0283,0.0384
EWG,ISHARES:MSCI GERMANY,Foreign,2026-09-11,42.87,0.0059,-0.0232,-0.0307,0.0363
EWH,ISHARES:MSCI HONG KONG,Foreign,2026-09-11,22.52,0.0022,-0.0293,-0.017,0.0765
EWI,ISHARES:MSCI ITALY,Foreign,2026-09-11,61.96,0.0156,0.0016,-0.0051,0.0459
EWJ,ISHARES:MSCI JAPAN,Foreign,2026-09-11,98.56,0.022,0.0028,0.028,0.0567
EWK,ISHARES:MSCI BELGIUM,Foreign,2026-09-11,26.93,0.0064,-0.0295,-0.0221,-0.0052
EWL,ISHARES:MSCI SWITZERLAND,Foreign,2026-09-11,60.3,0.0,-0.0448,-0.0398,-0.0406
EWM,ISHARES:MSCI MALAYSIA,Foreign,2026-09-11,27.76,-0.005,-0.0139,-0.0222,0.0301
EWN,ISHARES:MSCI NETHERLANDS,Foreign,2026-09-11,67.84,0.0046,-0.0184,-0.007,-0.0355
EWO,ISHARES:MSCI AUSTRIA,Foreign,2026-09-11,44.45,-0.0002,-0.0096,0.0093,0.0501
EWP,ISHARES:MSCI SPAIN,Foreign,2026-09-11,62.14,0.0117,-0.0097,-0.0042,0.0463
EWQ,ISHARES:MSCI FRANCE,Foreign,2026-09-11,44.93,0.0069,-0.0166,-0.0203,-0.011
EWS,ISHARES:MSCI SINGAPORE,Foreign,2026-09-11,33.62,0.0075,-0.0275,-0.0161,0.1354
EWT,ISHARES:MSCI TAIWAN,Foreign,2026-09-11,110.91,0.0183,-0.0113,0.0267,0.0212
EWU,ISHARES:MSCI UK,Foreign,2026-09-11,47.94,0.0086,-0.0134,-0.0089,0.039
EWW,ISHARES:MSCI MEXICO,Foreign,2026-09-11,75.38,0.0017,-0.0163,-0.0175,0.0015
EWY,ISHARES:MSCI S KOREA,Foreign,2026-09-11,188.72,0.0325,-0.0008,0.0435,-0.0653
EWZ,ISHARES:MSCI BRAZIL,Foreign,2026-09-11,38.19,-0.0096,0.0087,0.06,0.107
GREK,GLBL X MSCI GREECE,Foreign,2026-09-11,87.51,0.0131,0.0062,0.0272,0.1591
INDA,ISHARES:MSCI INDIA,Foreign,2026-09-11,48.57,0.0096,-0.0268,-0.0227,-0.0166
MCHI,ISHARES:MSCI CHINA,Foreign,2026-09-11,52.96,0.003,-0.0355,-0.0322,0.0378
NORW,GLBL X MSCI NORWAY ETF,Foreign,2026-09-11,37.69,-0.0011,0.0067,0.0086,0.1804
QAT,ISHARES:MSCI QATAR,Foreign,2026-09-11,17.32,0.0035,0.0052,-0.0052,-0.0378
THD,ISHARES:MSCI THAI,Foreign,2026-09-11,74.11,-0.0008,0.0098,0.024,0.0249
TUR,ISHARES:MSCI TURKEY,Foreign,2026-09-11,40.44,0.0037,0.0308,0.0027,0.0401
VNM,VANECK:VIETNAM,Foreign,2026-09-11,17.5,-0.0278,-0.0363,-0.031,-0.0525
BTC=F,BITCOIN FUTURES,Futures,2026-09-11,77260.0,0.0055,-0.0337,-0.0194,0.3178
ES=F,E-MINI S&P 500 FUTURES,Futures,2026-09-11,7660.75,0.0079,-0.007,-0.0053,0.0153
NQ=F,NASDAQ 100 FUTURES,Futures,2026-09-11,29391.75,0.0098,-0.0044,-0.0035,-0.0374
A,"AGILENT TECHNOLOGIES, INC.",Health Care,2026-09-11,146.93,0.0266,-0.0261,-0.0432,0.1062
ABBV,ABBVIE INC.,Health Care,2026-09-11,257.12,0.0083,0.0026,0.0027,0.0218
ABT,ABBOTT LABORATORIES,Health Care,2026-09-11,101.95,-0.0136,-0.0589,-0.0762,0.1235
ALGN,"ALIGN TECHNOLOGY, INC.",Health Care,2026-09-11,150.82,0.0007,-0.0493,-0.0561,-0.1058
AMGN,AMGEN INC.,Health Care,2026-09-11,377.35,-0.0134,-0.137,-0.1222,0.0421
BAX,BAXTER INTERNATIONAL INC.,Health Care,2026-09-11,23.8,-0.0157,-0.0786,-0.0846,0.1163
BDX,"BECTON, DICKINSON AND COMPANY",Health Care,2026-09-11,177.85,0.0081,-0.0373,-0.0545,0.1752
BIIB,BIOGEN INC.,Health Care,2026-09-11,217.15,0.008,-0.0167,0.0023,0.005
BMY,BRISTOL-MYERS SQUIBB COMPANY,Health Care,2026-09-11,63.64,-0.0017,-0.0476,-0.0474,0.1045
BSX,BOSTON SCIENTIFIC ,Health Care,2026-09-11,42.98,-0.0028,-0.1008,-0.1101,0.007
CAH,"CARDINAL HEALTH, INC.",Health Care,2026-09-11,234.57,-0.0061,-0.051,-0.0002,-0.0126
CI,THE CIGNA GROUP,Health Care,2026-09-11,280.76,-0.0005,-0.0062,0.017,0.0184
CNC,CENTENE ,Health Care,2026-09-11,66.42,0.0156,-0.0092,0.0323,0.0347
COO,"THE COOPER COMPANIES, INC.",Health Care,2026-09-11,53.91,-0.0048,-0.2253,-0.2308,-0.2482
COR,"CENCORA, INC.",Health Care,2026-09-11,321.57,0.0019,-0.0283,-0.0063,0.1364
CRL,CHARLES RIVER LABORATORIES,Health Care,2026-09-11,278.26,0.0193,-0.0355,-0.0346,0.227
CVS,CVS HEALTH ,Health Care,2026-09-11,94.66,-0.0066,-0.0215,0.008,-0.085
DGX,QUEST DIAGNOSTICS INC.,Health Care,2026-09-11,235.02,0.0168,-0.0089,-0.022,0.1088
DHR,DANAHER ,Health Care,2026-09-11,200.14,-0.0019,-0.0362,-0.0628,0.0507
DVA,DAVITA INC.,Health Care,2026-09-11,181.55,0.0012,-0.0133,0.0315,-0.184
DXCM,"DEXCOM, INC.",Health Care,2026-09-11,83.03,-0.0175,-0.0554,-0.0882,0.2328
ELV,"ELEVANCE HEALTH, INC.",Health Care,2026-09-11,418.72,0.0052,0.0275,0.0667,0.0827
EW,EDWARDS LIFESCIENCES ,Health Care,2026-09-11,84.37,-0.0277,-0.0615,-0.0703,-0.0673
GEHC,GE HEALTHCARE TECHNOLOGIES INC.,Health Care,2026-09-11,63.93,-0.0048,-0.0716,-0.1025,-0.0012
GILD,"GILEAD SCIENCES, INC.",Health Care,2026-09-11,143.72,-0.0075,-0.0482,-0.0179,0.1376
HCA,"HCA HEALTHCARE, INC.",Health Care,2026-09-11,426.94,0.0136,0.0542,0.0301,0.095
HSIC,"HENRY SCHEIN, INC.",Health Care,2026-09-11,88.36,0.0121,-0.0161,-0.016,0.058
HUM,HUMANA INC.,Health Care,2026-09-11,409.8,0.0226,0.0206,0.0693,0.0317
IDXX,"IDEXX LABORATORIES, INC.",Health Care,2026-09-11,504.7,-0.0036,-0.0573,-0.0934,-0.0413
INCY,INCYTE ,Health Care,2026-09-11,121.47,-0.0147,-0.0417,-0.0142,0.0715
IQV,IQVIA HOLDINGS INC,Health Care,2026-09-11,261.77,0.0174,-0.0224,0.0022,0.3548
ISRG,"INTUITIVE SURGICAL, INC.",Health Care,2026-09-11,369.15,0.0241,0.0067,-0.0205,-0.0717
JNJ,JOHNSON & JOHNSON,Health Care,2026-09-11,265.58,-0.0029,-0.0351,-0.001,0.0457
LH,LABORATORY  OF AMERICA HOLDINGS,Health Care,2026-09-11,311.54,0.0149,-0.047,-0.0635,0.1126
LLY,ELI LILLY AND COMPANY,Health Care,2026-09-11,1115.7,-0.0065,-0.0293,-0.0355,-0.0698
MCK,MCKESSON ,Health Care,2026-09-11,881.51,0.0007,-0.0292,-0.0043,0.1666
MDT,MEDTRONIC PUBLIC LIMITED COMPANY,Health Care,2026-09-11,90.96,-0.0072,-0.0341,0.0034,0.1627
MRK,"MERCK & CO., INC.",Health Care,2026-09-11,143.93,-0.0054,-0.0426,-0.0259,0.1201
MRNA,"MODERNA, INC.",Health Care,2026-09-11,143.97,0.0538,-0.0109,0.0259,1.0558
MTD,METTLER-TOLEDO INTERNATIONAL INC.,Health Care,2026-09-11,1293.52,0.0101,-0.0385,-0.0794,0.0125
PFE,PFIZER INC.,Health Care,2026-09-11,27.72,0.0025,-0.0257,-0.026,0.1512
PODD,INSULET ,Health Care,2026-09-11,131.96,-0.0202,-0.1052,-0.1123,-0.1333
REGN,"REGENERON PHARMACEUTICALS, INC.",Health Care,2026-09-11,781.49,-0.0148,-0.0559,-0.022,0.2533
RMD,RESMED INC.,Health Care,2026-09-11,218.27,-0.006,-0.0441,-0.0909,0.12
RVTY,"REVVITY, INC.",Health Care,2026-09-11,124.31,0.0279,-0.0454,-0.0339,0.1173
SOLV,SOLVENTUM ,Health Care,2026-09-11,87.45,-0.0023,-0.0462,-0.0396,0.1335
STE,STERIS PUBLIC LIMITED COMPANY,Health Care,2026-09-11,210.76,-0.008,-0.0616,-0.0941,0.0009
SYK,STRYKER ,Health Care,2026-09-11,275.56,0.0206,-0.091,-0.149,-0.1248
TECH,BIO-TECHNE ,Health Care,2026-09-11,72.12,0.0006,-0.0043,-0.0026,0.0208
TMO,THERMO FISHER SCIENTIFIC INC.,Health Care,2026-09-11,609.82,0.011,-0.0065,-0.0118,0.2163
UHS,"UNIVERSAL HEALTH SERVICES, INC.",Health Care,2026-09-11,174.83,0.0122,0.0305,0.0264,0.1758
UNH,UNITEDHEALTH GROUP INC.,Health Care,2026-09-11,379.09,-0.0237,-0.0454,-0.0265,-0.0879
VEEV,VEEVA SYSTEMS INC.,Health Care,2026-09-11,262.4,0.0054,-0.0461,-0.0815,0.4786
VRTX,VERTEX PHARMACEUTICALS INC.,Health Care,2026-09-11,515.44,0.0017,-0.0562,-0.0534,0.0377
VTRS,VIATRIS INC.,Health Care,2026-09-11,16.51,0.0079,-0.0219,0.0,0.0397
WAT,WATERS ,Health Care,2026-09-11,408.34,0.0167,-0.0025,-0.0152,0.0888
WST,"WEST PHARMACEUTICAL SERVICES, INC.",Health Care,2026-09-11,346.23,0.0058,0.0184,0.015,-0.0356
ZBH,"ZIMMER BIOMET HOLDINGS, INC.",Health Care,2026-09-11,93.49,0.0114,-0.0467,-0.0655,0.086
ZTS,ZOETIS INC.,Health Care,2026-09-11,72.97,0.0015,-0.0375,-0.0536,0.0154
DJI,DOW JONES INDUSTRIAL AVG INDEX,Indices,2026-09-11,52573.29,0.0098,-0.0157,-0.0115,0.0049
DXY,US DOLLAR INDEX,Indices,2026-09-11,99.09,0.0,-0.0007,-0.0036,-0.0208
NDX,NASDAQ 100 INDEX,Indices,2026-09-11,29368.44,0.0091,-0.0059,-0.003,-0.03
RUT,RUSSELL 2000 INDEX,Indices,2026-09-11,2903.94,0.0045,-0.0241,-0.0178,-0.0398
SPX,S&P 500 INDEX,Indices,2026-09-11,7656.98,0.0086,-0.008,-0.0038,0.021
ADP,"AUTOMATIC DATA PROCESSING, INC.",Industrials,2026-09-11,268.26,0.0035,-0.0337,-0.0626,0.1979
ALLE,ALLEGION PUBLIC LIMITED COMPANY,Industrials,2026-09-11,153.35,0.0138,-0.024,-0.0122,0.0915
AME,"AMETEK, INC.",Industrials,2026-09-11,241.87,0.0326,0.0175,0.0285,-0.0003
AOS,A. O. SMITH ,Industrials,2026-09-11,57.39,0.012,-0.0511,-0.0294,-0.085
AXON,"AXON ENTERPRISE, INC.",Industrials,2026-09-11,479.34,0.001,-0.0705,-0.1539,-0.145
BA,THE BOEING COMPANY,Industrials,2026-09-11,210.45,0.0276,-0.0085,0.0129,-0.0278
BLDR,"BUILDERS FIRSTSOURCE, INC.",Industrials,2026-09-11,60.37,0.0237,-0.0824,-0.0908,-0.3253
BR,"BROADRIDGE FINANCIAL SOLUTIONS, INC.",Industrials,2026-09-11,167.74,-0.003,-0.0297,-0.0803,0.2248
CARR,CARRIER GLOBAL ,Industrials,2026-09-11,57.46,0.0145,-0.0377,-0.0131,-0.2166
CAT,CATERPILLAR INC.,Industrials,2026-09-11,818.57,0.0169,0.0057,0.0265,-0.2313
CHRW,"C.H. ROBINSON WORLDWIDE, INC.",Industrials,2026-09-11,152.78,0.0024,0.0348,0.0208,-0.1888
CMI,CUMMINS INC.,Industrials,2026-09-11,556.75,0.0122,-0.0071,-0.0136,-0.2194
CPRT,"COPART, INC.",Industrials,2026-09-11,29.95,-0.026,-0.1118,-0.0921,0.0624
CSX,CSX ,Industrials,2026-09-11,48.95,-0.0018,-0.0093,-0.0309,0.0299
CTAS,CINTAS ,Industrials,2026-09-11,201.5,0.0154,0.0051,-0.0014,0.1847
DAL,"DELTA AIR LINES, INC.",Industrials,2026-09-11,79.91,0.0213,-0.0032,0.0245,-0.1468
DE,DEERE & COMPANY,Industrials,2026-09-11,675.74,-0.0032,-0.0257,0.0318,0.0653
DOV,DOVER ,Industrials,2026-09-11,189.05,0.009,-0.0199,-0.0267,-0.1571
EFX,EQUIFAX INC.,Industrials,2026-09-11,169.0,0.0057,-0.0455,-0.1066,0.0648
EME,"EMCOR GROUP, INC.",Industrials,2026-09-11,780.66,0.0432,0.0351,0.0628,-0.0593
EMR,EMERSON ELECTRIC CO.,Industrials,2026-09-11,152.19,0.0257,-0.0041,-0.0016,0.0632
ETN,EATON  PUBLIC LIMITED COMPANY,Industrials,2026-09-11,425.37,0.0396,0.0353,0.0585,-0.0018
EXPD,EXPEDITORS INTERNATIONAL OF WASHINGTON,Industrials,2026-09-11,192.6,0.0173,0.0201,0.0156,0.1817
FAST,FASTENAL COMPANY,Industrials,2026-09-11,49.32,0.0063,-0.0056,0.0002,0.0269
FDX,FEDEX ,Industrials,2026-09-11,311.99,0.0006,-0.0326,-0.0471,-0.0036
FERG,FERGUSON ENTERPRISES INC.,Industrials,2026-09-11,222.54,0.0071,-0.0257,-0.0088,-0.0623
FIX,"COMFORT SYSTEMS USA, INC.",Industrials,2026-09-11,1690.82,0.0629,0.05,0.0939,-0.1469
FTV,FORTIVE ,Industrials,2026-09-11,54.69,0.0033,-0.0395,-0.0705,-0.1048
GD,GENERAL DYNAMICS ,Industrials,2026-09-11,355.9,0.0047,-0.0097,-0.0416,0.0047
GE,GENERAL ELECTRIC COMPANY,Industrials,2026-09-11,323.66,-0.0015,-0.0399,-0.0359,-0.134
GEV,GE VERNOVA INC.,Industrials,2026-09-11,957.27,0.0361,0.0163,0.0654,-0.1852
GNRC,GENERAC HOLDINGS INC.,Industrials,2026-09-11,186.99,0.0293,-0.0019,0.0087,-0.3614
GWW,"W.W. GRAINGER, INC.",Industrials,2026-09-11,1280.0,0.0067,-0.0336,-0.0225,-0.0591
HII,"HUNTINGTON INGALLS INDUSTRIES, INC.",Industrials,2026-09-11,279.69,-0.007,-0.0218,-0.0395,-0.0007
HON,HONEYWELL INTERNATIONAL INC.,Industrials,2026-09-11,202.36,0.0009,-0.0346,-0.0523,-0.0962
HUBB,HUBBELL INC.,Industrials,2026-09-11,460.4,0.0177,-0.0007,0.0163,-0.12
HWM,HOWMET AEROSPACE INC.,Industrials,2026-09-11,229.61,0.0075,-0.1144,-0.0626,-0.146
IEX,IDEX ,Industrials,2026-09-11,224.21,0.0124,0.0021,-0.0194,-0.0121
IR,INGERSOLL RAND INC.,Industrials,2026-09-11,72.93,-0.0022,-0.0449,-0.0535,-0.1105
ITW,ILLINOIS TOOL WORKS INC.,Industrials,2026-09-11,268.16,0.0112,-0.0073,-0.0262,-0.0085
J,JACOBS SOLUTIONS INC.,Industrials,2026-09-11,141.85,0.0094,-0.03,-0.0483,0.1258
JBHT,"J. B. HUNT TRANSPORT SERVICES, INC.",Industrials,2026-09-11,270.45,0.0098,-0.0121,0.0188,-0.0656
JCI,JOHNSON CONTROLS INTERNATIONAL PLC,Industrials,2026-09-11,146.01,0.0224,0.0074,0.0562,-0.0007
LDOS,"LEIDOS HOLDINGS, INC.",Industrials,2026-09-11,128.86,-0.0053,-0.0315,-0.081,0.2514
LHX,"L3HARRIS TECHNOLOGIES, INC.",Industrials,2026-09-11,245.54,-0.0114,-0.0425,-0.0778,-0.155
LII,LENNOX INTERNATIONAL INC.,Industrials,2026-09-11,366.04,-0.0177,-0.0627,-0.0434,-0.3611
LMT,LOCKHEED MARTIN ,Industrials,2026-09-11,524.19,-0.0112,-0.0021,-0.066,0.0289
LUV,SOUTHWEST AIRLINES CO.,Industrials,2026-09-11,39.24,0.0142,-0.0096,0.0184,-0.2369
MAS,MASCO ,Industrials,2026-09-11,68.52,0.013,-0.0575,-0.0504,-0.1579
MMM,3M COMPANY,Industrials,2026-09-11,164.97,0.013,-0.0213,-0.0399,0.0189
NDSN,NORDSON ,Industrials,2026-09-11,314.47,0.0228,-0.0122,-0.0225,0.0424
NOC,NORTHROP GRUMMAN ,Industrials,2026-09-11,518.97,0.0,0.0077,-0.0384,0.019
NSC,NORFOLK SOUTHERN ,Industrials,2026-09-11,320.27,-0.0094,-0.0279,-0.0657,0.0181
ODFL,"OLD DOMINION FREIGHT LINE, INC.",Industrials,2026-09-11,179.79,-0.0042,-0.0327,-0.1009,-0.1699
OTIS,OTIS WORLDWIDE ,Industrials,2026-09-11,69.1,0.0178,-0.0296,-0.0285,-0.0349
PAYX,"PAYCHEX, INC.",Industrials,2026-09-11,115.8,0.0054,-0.0486,-0.0906,0.1777
PCAR,PACCAR INC,Industrials,2026-09-11,122.73,0.0013,-0.0158,-0.0113,0.0217
PH,PARKER-HANNIFIN ,Industrials,2026-09-11,950.23,0.017,-0.0128,-0.0298,-0.0285
PNR,PENTAIR PUBLIC LIMITED COMPANY,Industrials,2026-09-11,56.58,-0.0026,-0.0603,-0.0642,-0.2619
PWR,"QUANTA SERVICES, INC.",Industrials,2026-09-11,650.58,0.0515,0.0419,0.0716,-0.0965
ROK,"ROCKWELL AUTOMATION, INC.",Industrials,2026-09-11,428.39,0.0167,-0.0125,0.0093,-0.1347
ROL,"ROLLINS, INC.",Industrials,2026-09-11,34.73,0.0049,-0.0315,-0.0371,-0.1679
RSG,"REPUBLIC SERVICES, INC.",Industrials,2026-09-11,222.74,0.0075,0.0001,0.0082,0.0453
RTX,RTX ,Industrials,2026-09-11,197.68,-0.0022,-0.0155,-0.0484,0.0419
SNA,SNAP-ON INC.,Industrials,2026-09-11,375.44,0.0016,-0.0197,-0.0281,-0.067
SWK,"STANLEY BLACK & DECKER, INC.",Industrials,2026-09-11,89.24,0.0001,-0.0834,-0.074,-0.0518
TDG,TRANSDIGM GROUP INC.,Industrials,2026-09-11,1140.32,0.0119,-0.0187,-0.0268,-0.1439
TT,TRANE TECHNOLOGIES PLC,Industrials,2026-09-11,442.52,0.0061,-0.012,-0.0042,-0.099
TXT,TEXTRON INC.,Industrials,2026-09-11,81.0,0.0227,0.0244,0.0055,-0.117
UAL,"UNITED AIRLINES HOLDINGS, INC.",Industrials,2026-09-11,109.82,0.0313,-0.014,0.0169,-0.1924
UBER,"UBER TECHNOLOGIES, INC.",Industrials,2026-09-11,71.67,-0.0123,-0.054,-0.0526,-0.0068
UNP,UNION PACIFIC ,Industrials,2026-09-11,284.4,-0.0048,-0.018,-0.0541,0.0456
UPS,"UNITED PARCEL SERVICE, INC.",Industrials,2026-09-11,100.28,0.0031,-0.0197,-0.0379,-0.0672
URI,"UNITED RENTALS, INC.",Industrials,2026-09-11,989.12,0.0,-0.0205,-0.0471,-0.1269
VLTO,VERALTO ,Industrials,2026-09-11,94.1,0.007,-0.0229,-0.0453,0.0611
VRSK,"VERISK ANALYTICS, INC.",Industrials,2026-09-11,176.2,0.0019,-0.0516,-0.0907,-0.0185
VRT,VERTIV HOLDINGS CO,Industrials,2026-09-11,257.06,0.036,-0.0837,-0.0064,-0.2322
WAB,WESTINGHOUSE AIR BRAKE TECHNOLOGIES ,Industrials,2026-09-11,283.22,0.0105,0.0013,-0.0095,0.0505
WM,"WASTE MANAGEMENT, INC.",Industrials,2026-09-11,213.46,-0.0061,-0.0253,-0.0249,-0.0423
XYL,XYLEM INC.,Industrials,2026-09-11,106.96,0.0038,0.012,-0.0286,-0.0952
AAPL,APPLE INC.,Information Technology,2026-09-11,332.27,0.0175,0.0384,0.0487,0.1483
ACN,ACCENTURE PUBLIC LIMITED COMPANY,Information Technology,2026-09-11,183.9,0.0337,-0.0151,-0.0309,0.4778
ADBE,ADOBE INC.,Information Technology,2026-09-11,252.23,0.0137,-0.0536,-0.1385,0.2303
ADI,"ANALOG DEVICES, INC.",Information Technology,2026-09-11,378.78,0.0485,0.0456,0.0459,-0.0463
ADSK,"AUTODESK, INC.",Information Technology,2026-09-11,212.4,0.0037,-0.0252,-0.1784,0.0925
AKAM,"AKAMAI TECHNOLOGIES, INC.",Information Technology,2026-09-11,106.79,-0.0032,0.0149,-0.0168,-0.0966
AMAT,"APPLIED MATERIALS, INC.",Information Technology,2026-09-11,456.49,0.0055,0.0039,-0.0041,-0.3686
AMD,"ADVANCED MICRO DEVICES, INC.",Information Technology,2026-09-11,516.13,0.0249,0.0807,0.0965,-0.1115
ANET,"ARISTA NETWORKS, INC.",Information Technology,2026-09-11,199.59,0.0561,0.03,0.0199,0.1749
APH,AMPHENOL ,Information Technology,2026-09-11,83.92,0.0457,0.0138,0.0586,-0.0481
APP,APPLOVIN CORP,Information Technology,2026-09-11,323.96,0.0301,0.0106,0.0381,-0.3712
AVGO,BROADCOM INC.,Information Technology,2026-09-11,361.99,0.0032,0.0114,-0.0225,-0.0417
CDNS,"CADENCE DESIGN SYSTEMS, INC.",Information Technology,2026-09-11,289.37,0.0155,-0.0114,-0.1458,-0.229
CDW,CDW ,Information Technology,2026-09-11,153.79,0.0785,0.0093,0.0146,0.0935
CIEN,CIENA CORPORATION,Information Technology,2026-09-11,349.54,0.0448,0.0889,-0.0869,-0.2875
COHR,COHERENT CORP.,Information Technology,2026-09-11,305.37,0.0416,0.0834,0.0991,-0.2259
CRM,"SALESFORCE, INC.",Information Technology,2026-09-11,247.72,0.0194,-0.0444,-0.0381,0.5813
CRWD,"CROWDSTRIKE HOLDINGS, INC.",Information Technology,2026-09-11,206.74,-0.0102,-0.0298,-0.105,0.0836
CSCO,"CISCO SYSTEMS, INC.",Information Technology,2026-09-11,112.13,0.0437,0.0268,0.0148,-0.0454
CTSH,COGNIZANT TECHNOLOGY SOLUTIONS ,Information Technology,2026-09-11,60.0,0.0288,-0.0371,-0.0709,0.5492
DDOG,"DATADOG, INC.",Information Technology,2026-09-11,221.21,-0.0023,0.0389,-0.0668,-0.1504
DELL,DELL TECHNOLOGIES INC.,Information Technology,2026-09-11,567.29,0.1198,0.0823,0.244,0.3148
EPAM,"EPAM SYSTEMS, INC.",Information Technology,2026-09-11,117.91,0.0296,0.0074,0.0007,0.4859
FFIV,"F5, INC.",Information Technology,2026-09-11,411.71,0.0332,0.0544,0.0112,-0.0102
FICO,FAIR ISAAC ,Information Technology,2026-09-11,985.39,0.0257,0.057,-0.1411,-0.1753
FLEX,FLEX LTD.,Information Technology,2026-09-11,115.78,0.0719,0.0573,0.0598,-0.2856
FSLR,"FIRST SOLAR, INC.",Information Technology,2026-09-11,209.03,0.009,0.0224,0.0353,-0.1141
FTNT,"FORTINET, INC.",Information Technology,2026-09-11,156.07,-0.0175,-0.0014,-0.0869,0.0159
GDDY,GODADDY INC.,Information Technology,2026-09-11,98.07,0.0176,-0.032,0.0019,0.1554
GEN,GEN DIGITAL INC.,Information Technology,2026-09-11,30.26,0.0097,-0.0127,-0.0239,0.2157
GLW,CORNING INC.,Information Technology,2026-09-11,166.4,0.0201,0.0784,0.1188,-0.3485
HPE,HEWLETT PACKARD ENTERPRISE COMPANY,Information Technology,2026-09-11,62.09,0.1244,0.194,0.1886,0.3764
HPQ,HP INC.,Information Technology,2026-09-11,35.48,0.084,0.087,0.1819,0.6171
IBM,INTERNATIONAL BUSINESS MACHINES ,Information Technology,2026-09-11,243.29,0.0396,0.0358,0.0403,-0.1348
INTC,INTEL ,Information Technology,2026-09-11,102.94,0.0261,0.0745,0.15,-0.2628
INTU,INTUIT INC.,Information Technology,2026-09-11,321.57,0.0281,-0.0335,-0.105,0.2321
IT,"GARTNER, INC.",Information Technology,2026-09-11,179.59,0.0526,-0.0366,-0.0935,0.3855
JBL,JABIL INC.,Information Technology,2026-09-11,318.08,0.0505,0.0242,0.042,-0.1748
KEYS,"KEYSIGHT TECHNOLOGIES, INC.",Information Technology,2026-09-11,338.64,0.0399,0.0349,0.0494,-0.0327
KLAC,KLA ,Information Technology,2026-09-11,180.64,0.0195,-0.0267,0.0296,-0.4013
LITE,LUMENTUM HOLDINGS INC.,Information Technology,2026-09-11,927.03,-0.0093,0.0519,0.0134,0.0804
LRCX,LAM RESEARCH ,Information Technology,2026-09-11,298.22,0.0007,-0.0307,-0.0108,-0.3118
MCHP,MICROCHIP TECHNOLOGY INC.,Information Technology,2026-09-11,74.2,0.0366,0.0004,0.0102,-0.1864
MPWR,"MONOLITHIC POWER SYSTEMS, INC.",Information Technology,2026-09-11,1234.46,0.0408,0.0087,-0.0263,-0.107
MRVL,"MARVELL TECHNOLOGY, INC.",Information Technology,2026-09-11,236.1,0.0403,0.0561,0.1155,-0.2074
MSFT,MICROSOFT ,Information Technology,2026-09-11,495.63,0.0065,-0.0081,-0.023,0.3287
MSI,"MOTOROLA SOLUTIONS, INC.",Information Technology,2026-09-11,466.16,0.0049,-0.004,-0.0394,0.1225
MU,"MICRON TECHNOLOGY, INC.",Information Technology,2026-09-11,975.26,-0.0022,-0.0407,0.0172,-0.1551
NOW,"SERVICENOW, INC.",Information Technology,2026-09-11,132.53,0.0104,-0.0618,-0.1045,0.3349
NTAP,"NETAPP, INC.",Information Technology,2026-09-11,199.28,0.0854,0.0738,0.0755,0.2877
NVDA,NVIDIA ,Information Technology,2026-09-11,218.29,-0.0003,-0.0524,-0.0113,0.091
NXPI,NXP SEMICONDUCTORS NV,Information Technology,2026-09-11,236.62,0.0448,0.0385,0.0533,-0.158
ON,ON SEMICONDUCTOR ,Information Technology,2026-09-11,76.14,0.0851,0.0237,0.0277,-0.1946
ORCL,ORACLE ,Information Technology,2026-09-11,150.28,-0.0174,-0.0535,0.0078,0.0255
PANW,"PALO ALTO NETWORKS, INC.",Information Technology,2026-09-11,330.65,-0.0232,-0.0078,-0.1347,-0.0304
PLTR,PALANTIR TECHNOLOGIES INC.,Information Technology,2026-09-11,167.23,0.0083,-0.0407,-0.1027,0.4334
PTC,PTC INC.,Information Technology,2026-09-11,130.78,0.016,-0.0726,-0.1603,0.1511
Q,"QNITY ELECTRONICS, INC.",Information Technology,2026-09-11,126.4,0.025,0.0492,0.0584,-0.226
QCOM,QUALCOMM INC.,Information Technology,2026-09-11,181.97,0.0288,0.0784,0.0674,-0.0153
ROP,"ROPER TECHNOLOGIES, INC.",Information Technology,2026-09-11,388.52,-0.0002,-0.0461,-0.0851,0.1481
SMCI,"SUPER MICRO COMPUTER, INC.",Information Technology,2026-09-11,40.1,0.0728,0.0129,0.0756,0.3672
SNDK,SANDISK CORPORATION,Information Technology,2026-09-11,1633.35,-0.035,-0.0613,0.0425,-0.2816
SNPS,"SYNOPSYS, INC.",Information Technology,2026-09-11,397.38,0.0005,0.009,-0.096,-0.1092
STX,SEAGATE TECHNOLOGY HOLDINGS,Information Technology,2026-09-11,830.17,-0.0373,-0.0225,0.0022,-0.1397
SWKS,"SKYWORKS SOLUTIONS, INC.",Information Technology,2026-09-11,88.35,0.0514,0.1936,0.3185,0.3031
TDY,TELEDYNE TECHNOLOGIES INC.,Information Technology,2026-09-11,603.79,0.0122,-0.0112,-0.0149,-0.0946
TEL,TE CONNECTIVITY LTD,Information Technology,2026-09-11,211.96,0.0358,0.0159,0.0327,0.0513
TER,"TERADYNE, INC.",Information Technology,2026-09-11,379.72,0.0257,0.0636,0.0854,-0.2152
TRMB,TRIMBLE INC.,Information Technology,2026-09-11,57.66,0.0144,-0.0304,-0.038,0.1266
TXN,TEXAS INSTRUMENTS INC.,Information Technology,2026-09-11,268.7,0.0382,0.0397,0.0299,-0.0985
TYL,"TYLER TECHNOLOGIES, INC.",Information Technology,2026-09-11,336.67,0.0035,-0.0752,-0.0955,0.1512
VRSN,"VERISIGN, INC.",Information Technology,2026-09-11,292.71,0.0134,0.0022,0.0154,0.1636
WDAY,"WORKDAY, INC.",Information Technology,2026-09-11,185.7,0.0033,-0.0515,-0.0595,0.5169
WDC,WESTERN DIGITAL ,Information Technology,2026-09-11,447.18,-0.0298,-0.0434,-0.0075,-0.2999
ZBRA,ZEBRA TECHNOLOGIES ,Information Technology,2026-09-11,350.37,0.0185,-0.0341,-0.009,0.3309
ASC,ARDMORE SHIPPING ,MR Discretion,2026-09-11,18.67,0.0114,0.0275,0.0736,0.3326
BTI,BRITISH AMERICAN TOBACCO P.L.C.,MR Discretion,2026-09-11,55.24,0.0069,-0.002,-0.0059,-0.1056
BTU,PEABODY ENERGY ,MR Discretion,2026-09-11,28.21,-0.0282,-0.0222,-0.0498,0.2202
CALM,"CAL-MAINE FOODS, INC.",MR Discretion,2026-09-11,73.98,0.0037,-0.0087,-0.0626,-0.0817
CCJ,CAMECO ,MR Discretion,2026-09-11,96.68,-0.0076,-0.0403,-0.0211,-0.0509
CMBT,CMB.TECH NV,MR Discretion,2026-09-11,19.48,0.0052,-0.0005,0.0656,0.3924
CMRE,COSTAMARE INC.,MR Discretion,2026-09-11,15.28,0.0113,-0.0174,0.0,0.0899
CNR,"CORE NATURAL RESOURCES, INC.",MR Discretion,2026-09-11,97.47,-0.0107,-0.0216,-0.0472,0.2181
CRESY,CRESUD INC.,MR Discretion,2026-09-11,12.14,-0.0373,0.0058,0.0557,0.083
DHT,"DHT HOLDINGS, INC.",MR Discretion,2026-09-11,22.0,0.0266,0.0541,0.1224,0.3309
EC,ECOPETROL SA,MR Discretion,2026-09-11,17.75,-0.0177,0.029,0.0648,0.2465
FRO,FRONTLINE PLC,MR Discretion,2026-09-11,49.21,0.0167,0.067,0.124,0.4145
FTI,TECHNIPFMC PLC,MR Discretion,2026-09-11,76.34,0.0101,-0.0438,-0.0232,0.1514
GEOS,GEOSPACE TECHNOLOGIES ,MR Discretion,2026-09-11,5.1,0.002,-0.052,-0.0323,-0.2467
GGB,GERDAU SA,MR Discretion,2026-09-11,5.15,0.0098,0.0362,0.1171,0.2748
GLATF,GLOBAL ATOMIC ,MR Discretion,2026-09-11,0.35,-0.0789,-0.0789,-0.1463,-0.2045
GNK,GENCO SHIPPING & TRADING LIMITED,MR Discretion,2026-09-11,26.83,0.003,-0.0297,0.0229,0.0827
HLX,"HELIX ENERGY SOLUTIONS GROUP, INC.",MR Discretion,2026-09-11,8.88,-0.0133,-0.0348,-0.1379,0.016
ICL,ICL GROUP LTD,MR Discretion,2026-09-11,5.66,-0.0105,-0.0358,-0.0105,0.1365
MP,MP MATERIALS CORP,MR Discretion,2026-09-11,50.51,-0.0158,-0.0737,-0.0774,-0.0982
NOV,NOV INC.,MR Discretion,2026-09-11,21.1,-0.0103,-0.0136,-0.0089,0.1375
PAM,PAMPA ENERGIA SA,MR Discretion,2026-09-11,86.53,-0.0217,0.0204,0.0511,0.0536
PBR,BRAZILIAN PETROLEUM  - PETROBRAS,MR Discretion,2026-09-11,21.2,-0.0084,0.0537,0.0956,0.3119
RIG,TRANSOCEAN LTD,MR Discretion,2026-09-11,5.67,-0.0173,-0.0308,-0.0241,0.1595
ROKU,"ROKU, INC.",MR Discretion,2026-09-11,154.93,0.0053,-0.0042,-0.0127,0.1215
SBLK,STAR BULK CARRIERS CORP.,MR Discretion,2026-09-11,31.17,0.014,-0.0386,0.0097,0.2483
SD,"SANDRIDGE ENERGY, INC.",MR Discretion,2026-09-11,14.63,-0.0027,0.0209,0.0361,0.0679
SM,SM ENERGY COMPANY,MR Discretion,2026-09-11,38.1,-0.0021,0.0456,0.0247,0.4598
STLA,STELLANTIS NV,MR Discretion,2026-09-11,5.4,0.0227,-0.0288,-0.0164,-0.0592
STNG,SCORPIO TANKERS INC.,MR Discretion,2026-09-11,84.52,0.0001,0.0264,0.0718,0.2203
TDW,TIDEWATER INC.,MR Discretion,2026-09-11,92.97,0.0107,-0.0137,-0.0016,0.3953
TECK,TECK RESOURCES LIMITED,MR Discretion,2026-09-11,66.44,0.0082,-0.0385,-0.0247,0.1174
TS,TENARIS SA,MR Discretion,2026-09-11,57.39,0.0083,0.0167,0.0272,0.0342
URNM,SPROTT URANIUM MINERS,MR Discretion,2026-09-11,52.38,-0.0412,-0.0822,-0.078,-0.004
VAL,VALARIS LIMITED,MR Discretion,2026-09-11,83.73,-0.0231,-0.0347,-0.0306,0.1533
XES,SPDR S&P OIL&GAS E&S,MR Discretion,2026-09-11,121.89,0.0045,-0.0038,-0.0021,0.0875
XOP,SPDR S&P OIL&GAS EXP,MR Discretion,2026-09-11,195.72,0.0013,0.0263,0.0358,0.2688
ALB,ALBEMARLE ,Materials,2026-09-11,117.52,-0.0376,-0.0694,-0.1293,-0.1297
AMCR,AMCOR PLC,Materials,2026-09-11,42.32,-0.0158,-0.0627,-0.0778,-0.0238
APD,"AIR PRODUCTS AND CHEMICALS, INC.",Materials,2026-09-11,291.43,-0.0076,-0.0327,-0.0583,-0.006
AVY,AVERY DENNISON ,Materials,2026-09-11,169.38,0.0036,-0.0324,-0.0272,0.0433
BALL,BALL ,Materials,2026-09-11,59.9,0.0027,-0.0442,-0.0488,-0.0401
CF,"CF INDUSTRIES HOLDINGS, INC.",Materials,2026-09-11,133.07,-0.0151,-0.0021,0.0234,0.2292
CRH,CRH PUBLIC LIMITED COMPANY,Materials,2026-09-11,88.55,0.0102,-0.0606,-0.0609,-0.1724
CTVA,"CORTEVA, INC.",Materials,2026-09-11,83.9,-0.007,-0.0451,-0.0086,-0.0093
DD,"DUPONT DE NEMOURS, INC.",Materials,2026-09-11,126.99,-0.0026,-0.035,-0.0565,-0.0638
DOW,DOW INC.,Materials,2026-09-11,29.03,-0.0206,-0.0139,-0.0488,0.061
ECL,ECOLAB INC.,Materials,2026-09-11,276.18,0.0169,-0.0111,-0.0248,-0.0087
FCX,FREEPORT-MCMORAN INC.,Materials,2026-09-11,71.07,-0.002,-0.0228,-0.0617,0.1301
IFF,INTERNATIONAL FLAVORS & FRAGRANCES INC.,Materials,2026-09-11,83.61,-0.0052,-0.0317,-0.0315,0.0554
IP,INTERNATIONAL PAPER COMPANY,Materials,2026-09-11,34.36,0.002,-0.0773,-0.0941,-0.0982
LIN,LINDE PUBLIC LIMITED COMPANY,Materials,2026-09-11,466.22,0.01,-0.0238,-0.0477,-0.1016
LYB,LYONDELLBASELL INDUSTRIES NV,Materials,2026-09-11,63.69,-0.0095,0.0027,-0.0214,0.2097
MLM,"MARTIN MARIETTA MATERIALS, INC.",Materials,2026-09-11,509.96,0.0149,-0.0093,-0.0168,-0.1157
MOS,THE MOSAIC COMPANY,Materials,2026-09-11,25.19,-0.0083,-0.0255,0.0444,0.1888
NEM,NEWMONT ,Materials,2026-09-11,126.81,0.0053,-0.01,0.0059,0.3577
NUE,NUCOR ,Materials,2026-09-11,259.43,0.0155,-0.0063,0.0392,0.1647
PKG,PACKAGING  OF AMERICA,Materials,2026-09-11,234.4,0.0086,-0.012,0.002,-0.0163
PPG,"PPG INDUSTRIES, INC.",Materials,2026-09-11,105.5,0.0043,-0.0625,-0.0595,-0.1302
SHW,THE SHERWIN-WILLIAMS COMPANY,Materials,2026-09-11,323.31,0.0185,-0.0312,-0.0457,-0.061
STLD,"STEEL DYNAMICS, INC.",Materials,2026-09-11,239.79,0.0114,-0.0094,0.0308,0.045
SW,SMURFIT WESTROCK PUBLIC LIMITED COMPANY,Materials,2026-09-11,43.22,0.0239,-0.0569,-0.0785,-0.0657
VMC,VULCAN MATERIALS COMPANY,Materials,2026-09-11,252.74,0.0085,-0.0377,-0.0625,-0.1433
AMT,AMERICAN TOWER ,Real Estate,2026-09-11,177.85,0.0282,0.0114,0.0122,0.0873
ARE,"ALEXANDRIA REAL ESTATE EQUITIES, INC.",Real Estate,2026-09-11,51.14,0.0319,-0.0287,-0.0029,-0.0324
BXP,"BOSTON PROPERTIES, INC.",Real Estate,2026-09-11,64.7,0.0154,-0.0442,-0.0484,-0.0243
CBRE,"CBRE GROUP, INC.",Real Estate,2026-09-11,140.51,0.0183,-0.0496,-0.0363,0.0432
CCI,CROWN CASTLE INC.,Real Estate,2026-09-11,75.62,0.0237,-0.0028,-0.0068,-0.0015
CPT,CAMDEN PROPERTY TRUST,Real Estate,2026-09-11,103.01,0.005,-0.0254,-0.0264,-0.1003
CSGP,"COSTAR GROUP, INC.",Real Estate,2026-09-11,30.46,0.0329,-0.0146,-0.0502,0.0756
DLR,"DIGITAL REALTY TRUST, INC.",Real Estate,2026-09-11,188.58,0.0173,0.001,0.0161,0.0501
DOC,"HEALTHDOC PROPERTIES, INC.",Real Estate,2026-09-11,20.3,-0.0034,-0.0169,-0.025,-0.0514
EQIX,"EQUINIX, INC.",Real Estate,2026-09-11,1037.72,0.0136,0.0017,-0.0086,-0.0045
EQR,EQUITY RESIDENTIAL,Real Estate,2026-09-11,65.54,0.008,0.0029,0.0061,-0.0352
ESS,"ESSEX PROPERTY TRUST, INC.",Real Estate,2026-09-11,272.91,0.0057,-0.0205,-0.0355,-0.0641
EXR,EXTRA SPACE STORAGE INC.,Real Estate,2026-09-11,137.64,0.0087,-0.0116,-0.0245,-0.0527
FRT,FEDERAL REALTY INVESTMENT TRUST,Real Estate,2026-09-11,114.36,-0.0042,-0.0233,-0.0144,-0.0736
HST,"HOST HOTELS & RESORTS, INC.",Real Estate,2026-09-11,22.24,0.0045,0.0086,0.0141,-0.062
INVH,INVITATION HOMES INC.,Real Estate,2026-09-11,27.54,-0.0007,-0.0299,-0.0549,-0.0884
IRM,IRON MOUNTAIN INC.,Real Estate,2026-09-11,115.18,0.0202,-0.0144,-0.0015,-0.0881
KIM,KIMCO REALTY .,Real Estate,2026-09-11,23.19,-0.0043,-0.0174,-0.0219,-0.0852
MAA,"MID-AMERICA APARTMENT COMMUNITIES, INC.",Real Estate,2026-09-11,124.79,0.0025,-0.0275,-0.0315,-0.1018
O,REALTY INCOME ,Real Estate,2026-09-11,59.5,-0.0012,-0.0286,-0.029,-0.0397
PLD,"PROLOGIS, INC.",Real Estate,2026-09-11,135.75,0.01,-0.0116,-0.0298,0.0021
PSA,PUBLIC STORAGE.,Real Estate,2026-09-11,296.5,0.0064,-0.0182,-0.0342,-0.0685
REG,REGENCY CENTERS ,Real Estate,2026-09-11,74.62,-0.0092,-0.0085,-0.002,-0.0642
SBAC,SBA COMMUNICATIONS ,Real Estate,2026-09-11,185.47,0.0223,-0.021,-0.0221,0.0511
SPG,"SIMON PROPERTY GROUP, INC.",Real Estate,2026-09-11,204.83,0.0008,-0.022,-0.0353,-0.0841
UDR,"UDR, INC.",Real Estate,2026-09-11,35.12,-0.0006,-0.0346,-0.0495,-0.1202
VICI,VICI PROPERTIES INC.,Real Estate,2026-09-11,24.83,0.004,-0.0232,-0.032,-0.0648
VTR,"VENTAS, INC.",Real Estate,2026-09-11,89.99,-0.005,-0.0031,-0.0129,0.0134
WELL,WELLTOWER INC.,Real Estate,2026-09-11,235.62,-0.0004,-0.0023,-0.0026,0.0381
WY,WEYERHAEUSER COMPANY,Real Estate,2026-09-11,22.06,0.0032,-0.0417,-0.0561,-0.0785
DIA,SPDR DOW JONES INDUS AVG,Sector & Style ETFs,2026-09-11,525.79,0.0097,-0.0155,-0.0109,0.0065
IWD,ISHARES:RUSS 1000 VL ETF,Sector & Style ETFs,2026-09-11,255.58,0.0089,-0.008,-0.0052,0.0542
IWF,ISHARES:RUSS 1000 GR ETF,Sector & Style ETFs,2026-09-11,122.27,0.0078,-0.0092,-0.0036,-0.0153
IWM,ISHARES:RUSS 2000 ETF,Sector & Style ETFs,2026-09-11,288.89,0.0041,-0.0241,-0.0171,-0.0385
MDY,SPDR S&P MIDCAP 400 ETF,Sector & Style ETFs,2026-09-11,678.68,0.0081,-0.0186,-0.0123,-0.0351
MTUM,ISHARES:MSCI USA MOM FCT,Sector & Style ETFs,2026-09-11,307.04,0.0128,0.0072,0.0222,-0.1044
OEF,ISHARES:S&P 100,Sector & Style ETFs,2026-09-11,380.35,0.0084,-0.0048,0.001,0.0396
POWA,INVESCO BLOOMBERG PRICING POWER,Sector & Style ETFs,2026-09-11,88.19,0.0119,-0.0224,-0.024,-0.0073
QQQ,INVESCO QQQ TRUST 1,Sector & Style ETFs,2026-09-11,714.88,0.0087,-0.0057,-0.0026,-0.0292
QUAL,ISHARES:MSCI USA QF,Sector & Style ETFs,2026-09-11,220.2,0.0081,-0.0107,-0.0109,0.0035
RSP,INVESCO S&P500 EWGHT,Sector & Style ETFs,2026-09-11,214.87,0.008,-0.0189,-0.0206,0.0099
SDY,SPDR S&P DIVIDEND,Sector & Style ETFs,2026-09-11,153.0,0.0041,-0.0185,-0.0207,0.0054
SMH,VANECK:SEMICONDUCTOR,Sector & Style ETFs,2026-09-11,568.53,0.0147,0.0027,0.0214,-0.1332
SPHB,INVESCO S&P500 HI BE,Sector & Style ETFs,2026-09-11,148.16,0.0209,-0.0015,0.0127,-0.0478
SPLV,INVESCO S&P500 LOWVL,Sector & Style ETFs,2026-09-11,73.79,0.0016,-0.0127,-0.012,-0.0148
SPY,SPDR S&P 500 ETF,Sector & Style ETFs,2026-09-11,764.29,0.0085,-0.0077,-0.0036,0.0235
XLB,SEL SECTOR:MATRLS SPDR,Sector & Style ETFs,2026-09-11,50.95,0.0037,-0.0284,-0.033,0.0024
XLC,SEL SECTOR:COMM SVC SPDR,Sector & Style ETFs,2026-09-11,112.6,0.0099,0.0051,0.0102,0.0511
XLE,SEL SECTOR:ENERGY SPDR,Sector & Style ETFs,2026-09-11,65.14,0.0032,0.0169,0.0184,0.2265
XLF,SEL SECTOR:FINL S SPDR,Sector & Style ETFs,2026-09-11,57.25,0.0067,-0.0146,-0.008,0.0679
XLI,SEL SECTOR:INDUST SPDR,Sector & Style ETFs,2026-09-11,172.37,0.0107,-0.0165,-0.0158,-0.0694
XLK,SEL SECTOR:TECH SPDR,Sector & Style ETFs,2026-09-11,187.67,0.0132,0.0021,0.0063,-0.015
XLP,SEL SECTOR:C STP SPDR,Sector & Style ETFs,2026-09-11,83.38,0.0035,-0.0142,-0.0188,0.0037
XLRE,SEL SECTOR:RL EST SPDR,Sector & Style ETFs,2026-09-11,43.42,0.0086,-0.0116,-0.0156,-0.0139
XLU,SEL SECTOR:UTIL SPDR,Sector & Style ETFs,2026-09-11,42.39,-0.0031,-0.016,0.0038,-0.0651
XLV,SEL SECTOR:H CARE SPDR,Sector & Style ETFs,2026-09-11,165.36,-0.0018,-0.0355,-0.0304,0.0422
XLY,SEL SECTOR:C DSC SPDR,Sector & Style ETFs,2026-09-11,112.96,0.0089,-0.017,-0.0311,-0.0368
AEE,AMEREN ,Utilities,2026-09-11,104.9,-0.0005,-0.0147,-0.0105,-0.072
AEP,"AMERICAN ELECTRIC POWER COMPANY, INC.",Utilities,2026-09-11,123.33,-0.0011,-0.0094,0.0074,-0.0985
AES,THE AES ,Utilities,2026-09-11,14.79,-0.0007,0.0,0.0034,0.0089
ATO,ATMOS ENERGY ,Utilities,2026-09-11,163.19,-0.0098,-0.0261,-0.0177,-0.0527
AWK,"AMERICAN WATER WORKS COMPANY, INC.",Utilities,2026-09-11,137.69,-0.0154,-0.0214,-0.0039,0.0464
CEG,CONSTELLATION ENERGY,Utilities,2026-09-11,284.75,-0.0043,-0.0475,0.0363,0.1465
CMS,CMS ENERGY ,Utilities,2026-09-11,67.15,-0.0078,-0.0191,-0.0134,-0.1222
CNP,"CENTERPOINT ENERGY, INC.",Utilities,2026-09-11,39.11,-0.0003,-0.0141,-0.0124,-0.1119
D,"DOMINION ENERGY, INC.",Utilities,2026-09-11,64.36,-0.0106,-0.0225,-0.025,-0.0575
DTE,DTE ENERGY COMPANY,Utilities,2026-09-11,132.58,-0.0131,-0.0257,-0.0225,-0.1299
DUK,DUKE ENERGY ,Utilities,2026-09-11,119.42,0.0004,-0.0067,-0.0041,-0.0566
ED,"CONSOLIDATED EDISON, INC.",Utilities,2026-09-11,106.46,-0.0025,-0.0077,-0.0052,-0.0377
EIX,EDISON INTERNATIONAL,Utilities,2026-09-11,56.0,-0.0132,-0.0136,0.0374,-0.2478
ES,EVERSOURCE ENERGY,Utilities,2026-09-11,68.52,-0.0068,-0.0356,-0.0231,-0.0519
ETR,ENTERGY ,Utilities,2026-09-11,105.33,-0.0038,-0.0181,-0.0092,-0.083
EVRG,"EVERGY, INC.",Utilities,2026-09-11,81.62,0.0032,0.001,0.0074,-0.0557
EXC,EXELON ,Utilities,2026-09-11,43.16,-0.0053,-0.011,-0.0128,-0.0742
FE,FIRSTENERGY CORP.,Utilities,2026-09-11,46.13,-0.0026,-0.0137,0.0059,-0.0297
LNT,ALLIANT ENERGY ,Utilities,2026-09-11,67.26,0.0001,-0.0104,-0.0106,-0.1184
NEE,"NEXTERA ENERGY, INC.",Utilities,2026-09-11,82.31,-0.0016,-0.0134,-0.0004,-0.0622
NI,NISOURCE INC.,Utilities,2026-09-11,41.41,-0.0002,0.0005,0.012,-0.1291
NRG,"NRG ENERGY, INC.",Utilities,2026-09-11,113.46,0.0162,-0.0467,0.0303,-0.2232
PCG,PG&E ,Utilities,2026-09-11,13.8,-0.0164,-0.035,0.0399,-0.1795
PEG,PUBLIC SERVICE ENTERPRISE GROUP INC.,Utilities,2026-09-11,72.39,-0.0012,-0.0178,-0.0128,-0.1081
PNW,PINNACLE WEST CAPITAL ,Utilities,2026-09-11,96.1,-0.0051,-0.0146,-0.0158,-0.1019
PPL,PPL ,Utilities,2026-09-11,34.08,-0.0038,-0.0293,-0.0015,-0.0624
SO,THE SOUTHERN COMPANY,Utilities,2026-09-11,87.17,-0.0066,-0.0107,-0.0094,-0.0892
SRE,SEMPRA,Utilities,2026-09-11,83.34,-0.0079,-0.0083,0.0201,-0.1011
VST,VISTRA CORP.,Utilities,2026-09-11,148.38,0.009,-0.0062,0.0801,-0.0646
WEC,"WEC ENERGY GROUP, INC.",Utilities,2026-09-11,105.33,-0.0002,-0.0058,-0.0079,-0.098
XEL,XCEL ENERGY INC.,Utilities,2026-09-11,75.5,0.0012,-0.0029,-0.0025,-0.0598
VIX,CBOE MKT VOLATILITY IDX,Volatility,2026-09-11,15.84,-0.1121,0.0902,0.0617,-0.0371
VXN,CBOE NASDAQ MKT VOL NDX,Volatility,2026-09-11,21.02,-0.099,0.0489,0.0416,-0.2246
FVX,5 YR TSY YLD NDX,Yields,2026-09-11,4.79,0.0127,0.0527,0.0621,0.1432
TNX,10 Y TSY YLD NDX,Yields,2026-09-11,4.97,0.0061,0.0397,0.0441,0.1244
TYX,30 Y TSY YLD NDX,Yields,2026-09-11,5.35,-0.0019,0.019,0.019,0.0918
